INFO:root:*** PARAMETERS ***
INFO:root:{'adj_mat_time_window': 1,
 'class_weights': [0.1, 0.9],
 'comments': ['comments'],
 'data': 'uc_irv_mess',
 'data_loading_params': {'batch_size': 1, 'num_workers': 0},
 'dev_proportion': 0.1,
 'device': 'cuda',
 'early_stop_patience': 50,
 'eval_after_epochs': 5,
 'gcn_parameters': {'cls_feats': 100,
                    'cls_feats_max': 800,
                    'cls_feats_min': 100,
                    'feats_per_node': 100,
                    'feats_per_node_max': 256,
                    'feats_per_node_min': 100,
                    'k_top_grcu': 200,
                    'layer_1_feats': 100,
                    'layer_1_feats_max': 200,
                    'layer_1_feats_min': 20,
                    'layer_2_feats': 100,
                    'layer_2_feats_same_as_l1': True,
                    'lstm_l1_feats': 100,
                    'lstm_l1_feats_max': 200,
                    'lstm_l1_feats_min': 20,
                    'lstm_l1_layers': 1,
                    'lstm_l2_feats': 100,
                    'lstm_l2_feats_same_as_l1': True,
                    'lstm_l2_layers': 1,
                    'num_layers': 2},
 'learning_rate': 0.001,
 'learning_rate_max': 0.1,
 'learning_rate_min': 0.0005,
 'model': 'egcn_o',
 'negative_mult_test': 100,
 'negative_mult_training': 50,
 'num_epochs': 1000,
 'num_hist_steps': 10,
 'num_hist_steps_max': 10,
 'num_hist_steps_min': 3,
 'rank': 0,
 'save_node_embeddings': False,
 'seed': 1234,
 'smart_neg_sampling': True,
 'steps_accum_gradients': 1,
 'target_class': 1,
 'target_measure': 'MAP',
 'task': 'link_pred',
 'train_proportion': 0.71,
 'uc_irc_args': <utils.Namespace object at 0x7fec76ba54a8>,
 'use_1_hot_node_feats': True,
 'use_2_hot_node_feats': False,
 'use_cuda': True,
 'use_logfile': True,
 'wsize': 1}
INFO:root:
INFO:root:################ TRAIN epoch 0 ###################
INFO:root:TRAIN mean losses tensor(0.0758, device='cuda:0')
INFO:root:TRAIN mean errors 0.6749036908149719
INFO:root:TRAIN mean MRR 0.0 - mean MAP 0.03633632883429527
INFO:root:TRAIN tp {0: tensor(72670, device='cuda:0'), 1: tensor(3266, device='cuda:0')},fn {0: tensor(156330, device='cuda:0'), 1: tensor(1314, device='cuda:0')},fp {0: tensor(1314, device='cuda:0'), 1: tensor(156330, device='cuda:0')}
INFO:root:TRAIN measures microavg - precision 0.3251 - recall 0.3251 - f1 0.3251 
INFO:root:TRAIN measures for class 0 - precision 0.9822 - recall 0.3173 - f1 0.4797 
INFO:root:TRAIN measures for class 1 - precision 0.0205 - recall 0.7131 - f1 0.0398 
INFO:root:TRAIN measures@10 microavg - precision 0.4900 - recall 0.0002 - f1 0.0004 
INFO:root:TRAIN measures@10 for class 0 - precision 1.0000 - recall 0.0002 - f1 0.0003 
INFO:root:TRAIN measures@10 for class 1 - precision 0.1500 - recall 0.0020 - f1 0.0039 
INFO:root:TRAIN measures@100 microavg - precision 0.4400 - recall 0.0019 - f1 0.0038 
INFO:root:TRAIN measures@100 for class 0 - precision 0.9875 - recall 0.0017 - f1 0.0034 
INFO:root:TRAIN measures@100 for class 1 - precision 0.0750 - recall 0.0098 - f1 0.0174 
INFO:root:TRAIN measures@1000 microavg - precision 0.4218 - recall 0.0181 - f1 0.0346 
INFO:root:TRAIN measures@1000 for class 0 - precision 0.9842 - recall 0.0172 - f1 0.0338 
INFO:root:TRAIN measures@1000 for class 1 - precision 0.0468 - recall 0.0614 - f1 0.0531 
INFO:root:TRAIN Total epoch time: 2.0804884809913347
INFO:root:=> saved epoch checkpoint 'saved_models/EvolveGCN/uc_irv_mess-20250515_053202/epoch_1.pkl'
INFO:root:################ TRAIN epoch 1 ###################
INFO:root:TRAIN mean losses tensor(0.0572, device='cuda:0')
INFO:root:TRAIN mean errors 0.019607843831181526
INFO:root:TRAIN mean MRR 0.0 - mean MAP 0.03697600215673447
INFO:root:TRAIN tp {0: tensor(229000, device='cuda:0'), 1: tensor(0, device='cuda:0')},fn {0: tensor(0, device='cuda:0'), 1: tensor(4580, device='cuda:0')},fp {0: tensor(4580, device='cuda:0'), 1: tensor(0, device='cuda:0')}
INFO:root:TRAIN measures microavg - precision 0.9804 - recall 0.9804 - f1 0.9804 
INFO:root:TRAIN measures for class 0 - precision 0.9804 - recall 1.0000 - f1 0.9901 
INFO:root:TRAIN measures for class 1 - precision 0.0000 - recall 0.0000 - f1 0.0000 
INFO:root:TRAIN measures@10 microavg - precision 0.8333 - recall 0.0003 - f1 0.0006 
INFO:root:TRAIN measures@10 for class 0 - precision 0.8333 - recall 0.0003 - f1 0.0007 
INFO:root:TRAIN measures@10 for class 1 - precision 0.0000 - recall 0.0000 - f1 0.0000 
INFO:root:TRAIN measures@100 microavg - precision 0.9644 - recall 0.0037 - f1 0.0074 
INFO:root:TRAIN measures@100 for class 0 - precision 0.9644 - recall 0.0038 - f1 0.0076 
INFO:root:TRAIN measures@100 for class 1 - precision 0.0000 - recall 0.0000 - f1 0.0000 
INFO:root:TRAIN measures@1000 microavg - precision 0.9861 - recall 0.0380 - f1 0.0732 
INFO:root:TRAIN measures@1000 for class 0 - precision 0.9861 - recall 0.0388 - f1 0.0746 
INFO:root:TRAIN measures@1000 for class 1 - precision 0.0000 - recall 0.0000 - f1 0.0000 
INFO:root:TRAIN Total epoch time: 1.4958249269984663
INFO:root:=> saved epoch checkpoint 'saved_models/EvolveGCN/uc_irv_mess-20250515_053202/epoch_2.pkl'
INFO:root:################ TRAIN epoch 2 ###################
INFO:root:TRAIN mean losses tensor(0.0464, device='cuda:0')
INFO:root:TRAIN mean errors 0.019907526671886444
INFO:root:TRAIN mean MRR 0.0 - mean MAP 0.044919345527887344
INFO:root:TRAIN tp {0: tensor(228918, device='cuda:0'), 1: tensor(12, device='cuda:0')},fn {0: tensor(82, device='cuda:0'), 1: tensor(4568, device='cuda:0')},fp {0: tensor(4568, device='cuda:0'), 1: tensor(82, device='cuda:0')}
INFO:root:TRAIN measures microavg - precision 0.9801 - recall 0.9801 - f1 0.9801 
INFO:root:TRAIN measures for class 0 - precision 0.9804 - recall 0.9996 - f1 0.9899 
INFO:root:TRAIN measures for class 1 - precision 0.1277 - recall 0.0026 - f1 0.0051 
INFO:root:TRAIN measures@10 microavg - precision 0.6739 - recall 0.0004 - f1 0.0008 
INFO:root:TRAIN measures@10 for class 0 - precision 1.0000 - recall 0.0004 - f1 0.0008 
INFO:root:TRAIN measures@10 for class 1 - precision 0.0625 - recall 0.0007 - f1 0.0013 
INFO:root:TRAIN measures@100 microavg - precision 0.9115 - recall 0.0039 - f1 0.0077 
INFO:root:TRAIN measures@100 for class 0 - precision 0.9933 - recall 0.0039 - f1 0.0078 
INFO:root:TRAIN measures@100 for class 1 - precision 0.1277 - recall 0.0026 - f1 0.0051 
INFO:root:TRAIN measures@1000 microavg - precision 0.9803 - recall 0.0382 - f1 0.0735 
INFO:root:TRAIN measures@1000 for class 0 - precision 0.9892 - recall 0.0389 - f1 0.0748 
INFO:root:TRAIN measures@1000 for class 1 - precision 0.1277 - recall 0.0026 - f1 0.0051 
INFO:root:TRAIN Total epoch time: 1.5329703539900947
INFO:root:=> saved epoch checkpoint 'saved_models/EvolveGCN/uc_irv_mess-20250515_053202/epoch_3.pkl'
INFO:root:################ TRAIN epoch 3 ###################
INFO:root:TRAIN mean losses tensor(0.0456, device='cuda:0')
INFO:root:TRAIN mean errors 0.021423067897558212
INFO:root:TRAIN mean MRR 0.0 - mean MAP 0.052821654826402664
INFO:root:TRAIN tp {0: tensor(228476, device='cuda:0'), 1: tensor(100, device='cuda:0')},fn {0: tensor(524, device='cuda:0'), 1: tensor(4480, device='cuda:0')},fp {0: tensor(4480, device='cuda:0'), 1: tensor(524, device='cuda:0')}
INFO:root:TRAIN measures microavg - precision 0.9786 - recall 0.9786 - f1 0.9786 
INFO:root:TRAIN measures for class 0 - precision 0.9808 - recall 0.9977 - f1 0.9892 
INFO:root:TRAIN measures for class 1 - precision 0.1603 - recall 0.0218 - f1 0.0384 
INFO:root:TRAIN measures@10 microavg - precision 0.5723 - recall 0.0004 - f1 0.0008 
INFO:root:TRAIN measures@10 for class 0 - precision 0.9444 - recall 0.0004 - f1 0.0007 
INFO:root:TRAIN measures@10 for class 1 - precision 0.1316 - recall 0.0022 - f1 0.0043 
INFO:root:TRAIN measures@100 microavg - precision 0.7209 - recall 0.0041 - f1 0.0081 
INFO:root:TRAIN measures@100 for class 0 - precision 0.9789 - recall 0.0038 - f1 0.0077 
INFO:root:TRAIN measures@100 for class 1 - precision 0.1614 - recall 0.0146 - f1 0.0268 
INFO:root:TRAIN measures@1000 microavg - precision 0.9306 - recall 0.0383 - f1 0.0737 
INFO:root:TRAIN measures@1000 for class 0 - precision 0.9840 - recall 0.0387 - f1 0.0744 
INFO:root:TRAIN measures@1000 for class 1 - precision 0.1603 - recall 0.0218 - f1 0.0384 
INFO:root:TRAIN Total epoch time: 1.5256032309989678
INFO:root:=> saved epoch checkpoint 'saved_models/EvolveGCN/uc_irv_mess-20250515_053202/epoch_4.pkl'
INFO:root:################ TRAIN epoch 4 ###################
INFO:root:TRAIN mean losses tensor(0.0449, device='cuda:0')
INFO:root:TRAIN mean errors 0.028307218104600906
INFO:root:TRAIN mean MRR 0.0 - mean MAP 0.05947834253311157
INFO:root:TRAIN tp {0: tensor(226651, device='cuda:0'), 1: tensor(317, device='cuda:0')},fn {0: tensor(2349, device='cuda:0'), 1: tensor(4263, device='cuda:0')},fp {0: tensor(4263, device='cuda:0'), 1: tensor(2349, device='cuda:0')}
INFO:root:TRAIN measures microavg - precision 0.9717 - recall 0.9717 - f1 0.9717 
INFO:root:TRAIN measures for class 0 - precision 0.9815 - recall 0.9897 - f1 0.9856 
INFO:root:TRAIN measures for class 1 - precision 0.1189 - recall 0.0692 - f1 0.0875 
INFO:root:TRAIN measures@10 microavg - precision 0.5882 - recall 0.0004 - f1 0.0009 
INFO:root:TRAIN measures@10 for class 0 - precision 0.9333 - recall 0.0004 - f1 0.0007 
INFO:root:TRAIN measures@10 for class 1 - precision 0.2000 - recall 0.0035 - f1 0.0069 
INFO:root:TRAIN measures@100 microavg - precision 0.5894 - recall 0.0043 - f1 0.0085 
INFO:root:TRAIN measures@100 for class 0 - precision 0.9767 - recall 0.0038 - f1 0.0076 
INFO:root:TRAIN measures@100 for class 1 - precision 0.1537 - recall 0.0269 - f1 0.0457 
INFO:root:TRAIN measures@1000 microavg - precision 0.7897 - recall 0.0394 - f1 0.0751 
INFO:root:TRAIN measures@1000 for class 0 - precision 0.9881 - recall 0.0388 - f1 0.0747 
INFO:root:TRAIN measures@1000 for class 1 - precision 0.1190 - recall 0.0692 - f1 0.0875 
INFO:root:TRAIN Total epoch time: 1.5525964640110033
INFO:root:=> saved epoch checkpoint 'saved_models/EvolveGCN/uc_irv_mess-20250515_053202/epoch_5.pkl'
INFO:root:################ TRAIN epoch 5 ###################
INFO:root:TRAIN mean losses tensor(0.0443, device='cuda:0')
INFO:root:TRAIN mean errors 0.034806061536073685
INFO:root:TRAIN mean MRR 0.0 - mean MAP 0.06559255719184875
INFO:root:TRAIN tp {0: tensor(224936, device='cuda:0'), 1: tensor(514, device='cuda:0')},fn {0: tensor(4064, device='cuda:0'), 1: tensor(4066, device='cuda:0')},fp {0: tensor(4066, device='cuda:0'), 1: tensor(4064, device='cuda:0')}
INFO:root:TRAIN measures microavg - precision 0.9652 - recall 0.9652 - f1 0.9652 
INFO:root:TRAIN measures for class 0 - precision 0.9822 - recall 0.9823 - f1 0.9822 
INFO:root:TRAIN measures for class 1 - precision 0.1123 - recall 0.1122 - f1 0.1123 
INFO:root:TRAIN measures@10 microavg - precision 0.5941 - recall 0.0004 - f1 0.0009 
INFO:root:TRAIN measures@10 for class 0 - precision 0.9778 - recall 0.0004 - f1 0.0008 
INFO:root:TRAIN measures@10 for class 1 - precision 0.1625 - recall 0.0028 - f1 0.0056 
INFO:root:TRAIN measures@100 microavg - precision 0.5969 - recall 0.0043 - f1 0.0085 
INFO:root:TRAIN measures@100 for class 0 - precision 0.9822 - recall 0.0039 - f1 0.0077 
INFO:root:TRAIN measures@100 for class 1 - precision 0.1535 - recall 0.0262 - f1 0.0448 
INFO:root:TRAIN measures@1000 microavg - precision 0.7587 - recall 0.0399 - f1 0.0758 
INFO:root:TRAIN measures@1000 for class 0 - precision 0.9890 - recall 0.0389 - f1 0.0748 
INFO:root:TRAIN measures@1000 for class 1 - precision 0.1266 - recall 0.0906 - f1 0.1056 
INFO:root:TRAIN Total epoch time: 1.511764384995331
INFO:root:=> saved epoch checkpoint 'saved_models/EvolveGCN/uc_irv_mess-20250515_053202/epoch_6.pkl'
INFO:root:################ TRAIN epoch 6 ###################
INFO:root:TRAIN mean losses tensor(0.0442, device='cuda:0')
INFO:root:TRAIN mean errors 0.03254559636116028
INFO:root:TRAIN mean MRR 0.0 - mean MAP 0.06691733002662659
INFO:root:TRAIN tp {0: tensor(225477, device='cuda:0'), 1: tensor(501, device='cuda:0')},fn {0: tensor(3523, device='cuda:0'), 1: tensor(4079, device='cuda:0')},fp {0: tensor(4079, device='cuda:0'), 1: tensor(3523, device='cuda:0')}
INFO:root:TRAIN measures microavg - precision 0.9675 - recall 0.9675 - f1 0.9675 
INFO:root:TRAIN measures for class 0 - precision 0.9822 - recall 0.9846 - f1 0.9834 
INFO:root:TRAIN measures for class 1 - precision 0.1245 - recall 0.1094 - f1 0.1165 
INFO:root:TRAIN measures@10 microavg - precision 0.6118 - recall 0.0004 - f1 0.0009 
INFO:root:TRAIN measures@10 for class 0 - precision 0.9667 - recall 0.0004 - f1 0.0008 
INFO:root:TRAIN measures@10 for class 1 - precision 0.2125 - recall 0.0037 - f1 0.0073 
INFO:root:TRAIN measures@100 microavg - precision 0.6004 - recall 0.0044 - f1 0.0087 
INFO:root:TRAIN measures@100 for class 0 - precision 0.9844 - recall 0.0039 - f1 0.0077 
INFO:root:TRAIN measures@100 for class 1 - precision 0.1677 - recall 0.0293 - f1 0.0498 
INFO:root:TRAIN measures@1000 microavg - precision 0.7516 - recall 0.0400 - f1 0.0760 
INFO:root:TRAIN measures@1000 for class 0 - precision 0.9902 - recall 0.0389 - f1 0.0749 
INFO:root:TRAIN measures@1000 for class 1 - precision 0.1276 - recall 0.0959 - f1 0.1095 
INFO:root:TRAIN Total epoch time: 1.475267588000861
INFO:root:=> saved epoch checkpoint 'saved_models/EvolveGCN/uc_irv_mess-20250515_053202/epoch_7.pkl'
INFO:root:################ VALID epoch 6 ###################
INFO:root:VALID mean losses tensor(0.0117, device='cuda:0')
INFO:root:VALID mean errors 0.0005200301529839635
INFO:root:VALID mean MRR 0.04360615089535713 - mean MAP 0.00709263700991869
INFO:root:VALID tp {0: tensor(10812879, device='cuda:0'), 1: tensor(98, device='cuda:0')},fn {0: tensor(4660, device='cuda:0'), 1: tensor(966, device='cuda:0')},fp {0: tensor(966, device='cuda:0'), 1: tensor(4660, device='cuda:0')}
INFO:root:VALID measures microavg - precision 0.9995 - recall 0.9995 - f1 0.9995 
INFO:root:VALID measures for class 0 - precision 0.9999 - recall 0.9996 - f1 0.9997 
INFO:root:VALID measures for class 1 - precision 0.0206 - recall 0.0921 - f1 0.0337 
INFO:root:VALID measures@10 microavg - precision 0.5167 - recall 0.0000 - f1 0.0000 
INFO:root:VALID measures@10 for class 0 - precision 1.0000 - recall 0.0000 - f1 0.0000 
INFO:root:VALID measures@10 for class 1 - precision 0.0333 - recall 0.0009 - f1 0.0018 
INFO:root:VALID measures@100 microavg - precision 0.5233 - recall 0.0000 - f1 0.0001 
INFO:root:VALID measures@100 for class 0 - precision 0.9967 - recall 0.0000 - f1 0.0001 
INFO:root:VALID measures@100 for class 1 - precision 0.0500 - recall 0.0141 - f1 0.0220 
INFO:root:VALID measures@1000 microavg - precision 0.5289 - recall 0.0003 - f1 0.0006 
INFO:root:VALID measures@1000 for class 0 - precision 0.9997 - recall 0.0003 - f1 0.0006 
INFO:root:VALID measures@1000 for class 1 - precision 0.0263 - recall 0.0695 - f1 0.0382 
INFO:root:VALID Total epoch time: 7.317411651005386
INFO:root:################ TEST epoch 6 ###################
INFO:root:TEST batch 1 / 6 - partial error 0.0006 - partial loss 0.0117 - partial MRR  0.0382 - partial MAP 0.0054
INFO:root:TEST batch 1 / 6 -  partial tp {0: tensor(3604028, device='cuda:0'), 1: tensor(35, device='cuda:0')},fn {0: tensor(1861, device='cuda:0'), 1: tensor(277, device='cuda:0')},fp {0: tensor(277, device='cuda:0'), 1: tensor(1861, device='cuda:0')}
INFO:root:TEST batch 1 / 6 - measures partial microavg - precision 0.9994 - recall 0.9994 - f1 0.9994 
INFO:root:TEST batch 1 / 6 - measures partial for class 0 - precision 0.9999 - recall 0.9995 - f1 0.9997 
INFO:root:TEST batch 1 / 6 - measures partial for class 1 - precision 0.0185 - recall 0.1122 - f1 0.0317 
INFO:root:TEST batch 1 / 6 - Batch time 2 
INFO:root:TEST batch 2 / 6 - partial error 0.0004 - partial loss 0.0116 - partial MRR  0.0523 - partial MAP 0.0044
INFO:root:TEST batch 2 / 6 -  partial tp {0: tensor(3605241, device='cuda:0'), 1: tensor(14, device='cuda:0')},fn {0: tensor(676, device='cuda:0'), 1: tensor(270, device='cuda:0')},fp {0: tensor(270, device='cuda:0'), 1: tensor(676, device='cuda:0')}
INFO:root:TEST batch 2 / 6 - measures partial microavg - precision 0.9997 - recall 0.9997 - f1 0.9997 
INFO:root:TEST batch 2 / 6 - measures partial for class 0 - precision 0.9999 - recall 0.9998 - f1 0.9999 
INFO:root:TEST batch 2 / 6 - measures partial for class 1 - precision 0.0203 - recall 0.0493 - f1 0.0287 
INFO:root:TEST batch 2 / 6 - Batch time 2 
INFO:root:TEST batch 3 / 6 - partial error 0.0003 - partial loss 0.0115 - partial MRR  0.0473 - partial MAP 0.0044
INFO:root:TEST batch 3 / 6 -  partial tp {0: tensor(3605513, device='cuda:0'), 1: tensor(9, device='cuda:0')},fn {0: tensor(466, device='cuda:0'), 1: tensor(213, device='cuda:0')},fp {0: tensor(213, device='cuda:0'), 1: tensor(466, device='cuda:0')}
INFO:root:TEST batch 3 / 6 - measures partial microavg - precision 0.9998 - recall 0.9998 - f1 0.9998 
INFO:root:TEST batch 3 / 6 - measures partial for class 0 - precision 0.9999 - recall 0.9999 - f1 0.9999 
INFO:root:TEST batch 3 / 6 - measures partial for class 1 - precision 0.0189 - recall 0.0405 - f1 0.0258 
INFO:root:TEST batch 3 / 6 - Batch time 2 
INFO:root:TEST batch 4 / 6 - partial error 0.0003 - partial loss 0.0114 - partial MRR  0.0446 - partial MAP 0.0045
INFO:root:TEST batch 4 / 6 -  partial tp {0: tensor(3605560, device='cuda:0'), 1: tensor(10, device='cuda:0')},fn {0: tensor(475, device='cuda:0'), 1: tensor(156, device='cuda:0')},fp {0: tensor(156, device='cuda:0'), 1: tensor(475, device='cuda:0')}
INFO:root:TEST batch 4 / 6 - measures partial microavg - precision 0.9998 - recall 0.9998 - f1 0.9998 
INFO:root:TEST batch 4 / 6 - measures partial for class 0 - precision 1.0000 - recall 0.9999 - f1 0.9999 
INFO:root:TEST batch 4 / 6 - measures partial for class 1 - precision 0.0206 - recall 0.0602 - f1 0.0307 
INFO:root:TEST batch 4 / 6 - Batch time 2 
INFO:root:TEST batch 5 / 6 - partial error 0.0003 - partial loss 0.0113 - partial MRR  0.0456 - partial MAP 0.0041
INFO:root:TEST batch 5 / 6 -  partial tp {0: tensor(3605891, device='cuda:0'), 1: tensor(3, device='cuda:0')},fn {0: tensor(94, device='cuda:0'), 1: tensor(213, device='cuda:0')},fp {0: tensor(213, device='cuda:0'), 1: tensor(94, device='cuda:0')}
INFO:root:TEST batch 5 / 6 - measures partial microavg - precision 0.9999 - recall 0.9999 - f1 0.9999 
INFO:root:TEST batch 5 / 6 - measures partial for class 0 - precision 0.9999 - recall 1.0000 - f1 1.0000 
INFO:root:TEST batch 5 / 6 - measures partial for class 1 - precision 0.0309 - recall 0.0139 - f1 0.0192 
INFO:root:TEST batch 5 / 6 - Batch time 2 
INFO:root:TEST batch 6 / 6 - partial error 0.0002 - partial loss 0.0113 - partial MRR  0.0486 - partial MAP 0.0042
INFO:root:TEST batch 6 / 6 -  partial tp {0: tensor(3605999, device='cuda:0'), 1: tensor(1, device='cuda:0')},fn {0: tensor(30, device='cuda:0'), 1: tensor(171, device='cuda:0')},fp {0: tensor(171, device='cuda:0'), 1: tensor(30, device='cuda:0')}
INFO:root:TEST batch 6 / 6 - measures partial microavg - precision 0.9999 - recall 0.9999 - f1 0.9999 
INFO:root:TEST batch 6 / 6 - measures partial for class 0 - precision 1.0000 - recall 1.0000 - f1 1.0000 
INFO:root:TEST batch 6 / 6 - measures partial for class 1 - precision 0.0323 - recall 0.0058 - f1 0.0099 
INFO:root:TEST batch 6 / 6 - Batch time 2 
INFO:root:TEST mean losses tensor(0.0113, device='cuda:0')
INFO:root:TEST mean errors 0.00022655422799289227
INFO:root:TEST mean MRR 0.048613496124744415 - mean MAP 0.004224501550197601
INFO:root:TEST tp {0: tensor(21632232, device='cuda:0'), 1: tensor(72, device='cuda:0')},fn {0: tensor(3602, device='cuda:0'), 1: tensor(1300, device='cuda:0')},fp {0: tensor(1300, device='cuda:0'), 1: tensor(3602, device='cuda:0')}
INFO:root:TEST measures microavg - precision 0.9998 - recall 0.9998 - f1 0.9998 
INFO:root:TEST measures for class 0 - precision 0.9999 - recall 0.9998 - f1 0.9999 
INFO:root:TEST measures for class 1 - precision 0.0196 - recall 0.0525 - f1 0.0285 
INFO:root:TEST measures@10 microavg - precision 0.5167 - recall 0.0000 - f1 0.0000 
INFO:root:TEST measures@10 for class 0 - precision 1.0000 - recall 0.0000 - f1 0.0000 
INFO:root:TEST measures@10 for class 1 - precision 0.0333 - recall 0.0015 - f1 0.0028 
INFO:root:TEST measures@100 microavg - precision 0.5520 - recall 0.0000 - f1 0.0001 
INFO:root:TEST measures@100 for class 0 - precision 1.0000 - recall 0.0000 - f1 0.0001 
INFO:root:TEST measures@100 for class 1 - precision 0.0198 - recall 0.0073 - f1 0.0107 
INFO:root:TEST measures@1000 microavg - precision 0.6996 - recall 0.0003 - f1 0.0006 
INFO:root:TEST measures@1000 for class 0 - precision 0.9998 - recall 0.0003 - f1 0.0006 
INFO:root:TEST measures@1000 for class 1 - precision 0.0207 - recall 0.0401 - f1 0.0273 
INFO:root:TEST Total epoch time: 13.96055477700429
INFO:root:################ TRAIN epoch 7 ###################
INFO:root:TRAIN mean losses tensor(0.0440, device='cuda:0')
INFO:root:TRAIN mean errors 0.03648000583052635
INFO:root:TRAIN mean MRR 0.0 - mean MAP 0.07070028781890869
INFO:root:TRAIN tp {0: tensor(224441, device='cuda:0'), 1: tensor(618, device='cuda:0')},fn {0: tensor(4559, device='cuda:0'), 1: tensor(3962, device='cuda:0')},fp {0: tensor(3962, device='cuda:0'), 1: tensor(4559, device='cuda:0')}
INFO:root:TRAIN measures microavg - precision 0.9635 - recall 0.9635 - f1 0.9635 
INFO:root:TRAIN measures for class 0 - precision 0.9827 - recall 0.9801 - f1 0.9814 
INFO:root:TRAIN measures for class 1 - precision 0.1194 - recall 0.1349 - f1 0.1267 
INFO:root:TRAIN measures@10 microavg - precision 0.5829 - recall 0.0004 - f1 0.0009 
INFO:root:TRAIN measures@10 for class 0 - precision 0.9556 - recall 0.0004 - f1 0.0008 
INFO:root:TRAIN measures@10 for class 1 - precision 0.1882 - recall 0.0035 - f1 0.0069 
INFO:root:TRAIN measures@100 microavg - precision 0.6056 - recall 0.0044 - f1 0.0088 
INFO:root:TRAIN measures@100 for class 0 - precision 0.9900 - recall 0.0039 - f1 0.0078 
INFO:root:TRAIN measures@100 for class 1 - precision 0.1754 - recall 0.0308 - f1 0.0524 
INFO:root:TRAIN measures@1000 microavg - precision 0.7387 - recall 0.0403 - f1 0.0765 
INFO:root:TRAIN measures@1000 for class 0 - precision 0.9908 - recall 0.0389 - f1 0.0749 
INFO:root:TRAIN measures@1000 for class 1 - precision 0.1347 - recall 0.1105 - f1 0.1214 
INFO:root:TRAIN Total epoch time: 1.3950029859988717
INFO:root:=> saved epoch checkpoint 'saved_models/EvolveGCN/uc_irv_mess-20250515_053202/epoch_8.pkl'
INFO:root:################ VALID epoch 7 ###################
INFO:root:VALID mean losses tensor(0.0122, device='cuda:0')
INFO:root:VALID mean errors 0.0004335125267971307
INFO:root:VALID mean MRR 0.044010598212480545 - mean MAP 0.006901085842400789
INFO:root:VALID tp {0: tensor(10813827, device='cuda:0'), 1: tensor(86, device='cuda:0')},fn {0: tensor(3712, device='cuda:0'), 1: tensor(978, device='cuda:0')},fp {0: tensor(978, device='cuda:0'), 1: tensor(3712, device='cuda:0')}
INFO:root:VALID measures microavg - precision 0.9996 - recall 0.9996 - f1 0.9996 
INFO:root:VALID measures for class 0 - precision 0.9999 - recall 0.9997 - f1 0.9998 
INFO:root:VALID measures for class 1 - precision 0.0226 - recall 0.0808 - f1 0.0354 
INFO:root:VALID measures@10 microavg - precision 0.5000 - recall 0.0000 - f1 0.0000 
INFO:root:VALID measures@10 for class 0 - precision 1.0000 - recall 0.0000 - f1 0.0000 
INFO:root:VALID measures@10 for class 1 - precision 0.0000 - recall 0.0000 - f1 0.0000 
INFO:root:VALID measures@100 microavg - precision 0.5150 - recall 0.0000 - f1 0.0001 
INFO:root:VALID measures@100 for class 0 - precision 1.0000 - recall 0.0000 - f1 0.0001 
INFO:root:VALID measures@100 for class 1 - precision 0.0300 - recall 0.0085 - f1 0.0132 
INFO:root:VALID measures@1000 microavg - precision 0.5507 - recall 0.0003 - f1 0.0006 
INFO:root:VALID measures@1000 for class 0 - precision 1.0000 - recall 0.0003 - f1 0.0006 
INFO:root:VALID measures@1000 for class 1 - precision 0.0257 - recall 0.0620 - f1 0.0364 
INFO:root:VALID Total epoch time: 7.453367241003434
INFO:root:################ TEST epoch 7 ###################
INFO:root:TEST batch 1 / 6 - partial error 0.0004 - partial loss 0.0122 - partial MRR  0.0388 - partial MAP 0.0054
INFO:root:TEST batch 1 / 6 -  partial tp {0: tensor(3604701, device='cuda:0'), 1: tensor(24, device='cuda:0')},fn {0: tensor(1188, device='cuda:0'), 1: tensor(288, device='cuda:0')},fp {0: tensor(288, device='cuda:0'), 1: tensor(1188, device='cuda:0')}
INFO:root:TEST batch 1 / 6 - measures partial microavg - precision 0.9996 - recall 0.9996 - f1 0.9996 
INFO:root:TEST batch 1 / 6 - measures partial for class 0 - precision 0.9999 - recall 0.9997 - f1 0.9998 
INFO:root:TEST batch 1 / 6 - measures partial for class 1 - precision 0.0198 - recall 0.0769 - f1 0.0315 
INFO:root:TEST batch 1 / 6 - Batch time 2 
INFO:root:TEST batch 2 / 6 - partial error 0.0003 - partial loss 0.0121 - partial MRR  0.0513 - partial MAP 0.0045
INFO:root:TEST batch 2 / 6 -  partial tp {0: tensor(3605602, device='cuda:0'), 1: tensor(9, device='cuda:0')},fn {0: tensor(315, device='cuda:0'), 1: tensor(275, device='cuda:0')},fp {0: tensor(275, device='cuda:0'), 1: tensor(315, device='cuda:0')}
INFO:root:TEST batch 2 / 6 - measures partial microavg - precision 0.9998 - recall 0.9998 - f1 0.9998 
INFO:root:TEST batch 2 / 6 - measures partial for class 0 - precision 0.9999 - recall 0.9999 - f1 0.9999 
INFO:root:TEST batch 2 / 6 - measures partial for class 1 - precision 0.0278 - recall 0.0317 - f1 0.0296 
INFO:root:TEST batch 2 / 6 - Batch time 2 
INFO:root:TEST batch 3 / 6 - partial error 0.0002 - partial loss 0.0121 - partial MRR  0.0462 - partial MAP 0.0044
INFO:root:TEST batch 3 / 6 -  partial tp {0: tensor(3605726, device='cuda:0'), 1: tensor(6, device='cuda:0')},fn {0: tensor(253, device='cuda:0'), 1: tensor(216, device='cuda:0')},fp {0: tensor(216, device='cuda:0'), 1: tensor(253, device='cuda:0')}
INFO:root:TEST batch 3 / 6 - measures partial microavg - precision 0.9999 - recall 0.9999 - f1 0.9999 
INFO:root:TEST batch 3 / 6 - measures partial for class 0 - precision 0.9999 - recall 0.9999 - f1 0.9999 
INFO:root:TEST batch 3 / 6 - measures partial for class 1 - precision 0.0232 - recall 0.0270 - f1 0.0249 
INFO:root:TEST batch 3 / 6 - Batch time 2 
INFO:root:TEST batch 4 / 6 - partial error 0.0002 - partial loss 0.0120 - partial MRR  0.0435 - partial MAP 0.0044
INFO:root:TEST batch 4 / 6 -  partial tp {0: tensor(3605702, device='cuda:0'), 1: tensor(7, device='cuda:0')},fn {0: tensor(333, device='cuda:0'), 1: tensor(159, device='cuda:0')},fp {0: tensor(159, device='cuda:0'), 1: tensor(333, device='cuda:0')}
INFO:root:TEST batch 4 / 6 - measures partial microavg - precision 0.9999 - recall 0.9999 - f1 0.9999 
INFO:root:TEST batch 4 / 6 - measures partial for class 0 - precision 1.0000 - recall 0.9999 - f1 0.9999 
INFO:root:TEST batch 4 / 6 - measures partial for class 1 - precision 0.0206 - recall 0.0422 - f1 0.0277 
INFO:root:TEST batch 4 / 6 - Batch time 2 
INFO:root:TEST batch 5 / 6 - partial error 0.0002 - partial loss 0.0119 - partial MRR  0.0451 - partial MAP 0.0040
INFO:root:TEST batch 5 / 6 -  partial tp {0: tensor(3605940, device='cuda:0'), 1: tensor(1, device='cuda:0')},fn {0: tensor(45, device='cuda:0'), 1: tensor(215, device='cuda:0')},fp {0: tensor(215, device='cuda:0'), 1: tensor(45, device='cuda:0')}
INFO:root:TEST batch 5 / 6 - measures partial microavg - precision 0.9999 - recall 0.9999 - f1 0.9999 
INFO:root:TEST batch 5 / 6 - measures partial for class 0 - precision 0.9999 - recall 1.0000 - f1 1.0000 
INFO:root:TEST batch 5 / 6 - measures partial for class 1 - precision 0.0217 - recall 0.0046 - f1 0.0076 
INFO:root:TEST batch 5 / 6 - Batch time 2 
INFO:root:TEST batch 6 / 6 - partial error 0.0002 - partial loss 0.0118 - partial MRR  0.0485 - partial MAP 0.0041
INFO:root:TEST batch 6 / 6 -  partial tp {0: tensor(3606023, device='cuda:0'), 1: tensor(0, device='cuda:0')},fn {0: tensor(6, device='cuda:0'), 1: tensor(172, device='cuda:0')},fp {0: tensor(172, device='cuda:0'), 1: tensor(6, device='cuda:0')}
INFO:root:TEST batch 6 / 6 - measures partial microavg - precision 1.0000 - recall 1.0000 - f1 1.0000 
INFO:root:TEST batch 6 / 6 - measures partial for class 0 - precision 1.0000 - recall 1.0000 - f1 1.0000 
INFO:root:TEST batch 6 / 6 - measures partial for class 1 - precision 0.0000 - recall 0.0000 - f1 0.0000 
INFO:root:TEST batch 6 / 6 - Batch time 2 
INFO:root:TEST mean losses tensor(0.0118, device='cuda:0')
INFO:root:TEST mean errors 0.0001601408439455554
INFO:root:TEST mean MRR 0.048482496291399 - mean MAP 0.004113281145691872
INFO:root:TEST tp {0: tensor(21633694, device='cuda:0'), 1: tensor(47, device='cuda:0')},fn {0: tensor(2140, device='cuda:0'), 1: tensor(1325, device='cuda:0')},fp {0: tensor(1325, device='cuda:0'), 1: tensor(2140, device='cuda:0')}
INFO:root:TEST measures microavg - precision 0.9998 - recall 0.9998 - f1 0.9998 
INFO:root:TEST measures for class 0 - precision 0.9999 - recall 0.9999 - f1 0.9999 
INFO:root:TEST measures for class 1 - precision 0.0215 - recall 0.0343 - f1 0.0264 
INFO:root:TEST measures@10 microavg - precision 0.5259 - recall 0.0000 - f1 0.0000 
INFO:root:TEST measures@10 for class 0 - precision 1.0000 - recall 0.0000 - f1 0.0000 
INFO:root:TEST measures@10 for class 1 - precision 0.0179 - recall 0.0007 - f1 0.0014 
INFO:root:TEST measures@100 microavg - precision 0.5803 - recall 0.0000 - f1 0.0001 
INFO:root:TEST measures@100 for class 0 - precision 1.0000 - recall 0.0000 - f1 0.0001 
INFO:root:TEST measures@100 for class 1 - precision 0.0157 - recall 0.0051 - f1 0.0077 
INFO:root:TEST measures@1000 microavg - precision 0.7674 - recall 0.0003 - f1 0.0006 
INFO:root:TEST measures@1000 for class 0 - precision 1.0000 - recall 0.0003 - f1 0.0006 
INFO:root:TEST measures@1000 for class 1 - precision 0.0209 - recall 0.0284 - f1 0.0241 
INFO:root:TEST Total epoch time: 14.533373440004652
INFO:root:################ TRAIN epoch 8 ###################
INFO:root:TRAIN mean losses tensor(0.0440, device='cuda:0')
INFO:root:TRAIN mean errors 0.03792276605963707
INFO:root:TRAIN mean MRR 0.0 - mean MAP 0.07048339396715164
INFO:root:TRAIN tp {0: tensor(224077, device='cuda:0'), 1: tensor(645, device='cuda:0')},fn {0: tensor(4923, device='cuda:0'), 1: tensor(3935, device='cuda:0')},fp {0: tensor(3935, device='cuda:0'), 1: tensor(4923, device='cuda:0')}
INFO:root:TRAIN measures microavg - precision 0.9621 - recall 0.9621 - f1 0.9621 
INFO:root:TRAIN measures for class 0 - precision 0.9827 - recall 0.9785 - f1 0.9806 
INFO:root:TRAIN measures for class 1 - precision 0.1158 - recall 0.1408 - f1 0.1271 
INFO:root:TRAIN measures@10 microavg - precision 0.6000 - recall 0.0004 - f1 0.0009 
INFO:root:TRAIN measures@10 for class 0 - precision 0.9444 - recall 0.0004 - f1 0.0007 
INFO:root:TRAIN measures@10 for class 1 - precision 0.2125 - recall 0.0037 - f1 0.0073 
INFO:root:TRAIN measures@100 microavg - precision 0.5988 - recall 0.0044 - f1 0.0087 
INFO:root:TRAIN measures@100 for class 0 - precision 0.9856 - recall 0.0039 - f1 0.0077 
INFO:root:TRAIN measures@100 for class 1 - precision 0.1638 - recall 0.0286 - f1 0.0487 
INFO:root:TRAIN measures@1000 microavg - precision 0.7026 - recall 0.0404 - f1 0.0764 
INFO:root:TRAIN measures@1000 for class 0 - precision 0.9878 - recall 0.0388 - f1 0.0747 
INFO:root:TRAIN measures@1000 for class 1 - precision 0.1227 - recall 0.1186 - f1 0.1206 
INFO:root:TRAIN Total epoch time: 1.3467164489993593
INFO:root:=> saved epoch checkpoint 'saved_models/EvolveGCN/uc_irv_mess-20250515_053202/epoch_9.pkl'
INFO:root:################ VALID epoch 8 ###################
INFO:root:VALID mean losses tensor(0.0116, device='cuda:0')
INFO:root:VALID mean errors 0.0005652300897054374
INFO:root:VALID mean MRR 0.05641942471265793 - mean MAP 0.01008799858391285
INFO:root:VALID tp {0: tensor(10812365, device='cuda:0'), 1: tensor(123, device='cuda:0')},fn {0: tensor(5174, device='cuda:0'), 1: tensor(941, device='cuda:0')},fp {0: tensor(941, device='cuda:0'), 1: tensor(5174, device='cuda:0')}
INFO:root:VALID measures microavg - precision 0.9994 - recall 0.9994 - f1 0.9994 
INFO:root:VALID measures for class 0 - precision 0.9999 - recall 0.9995 - f1 0.9997 
INFO:root:VALID measures for class 1 - precision 0.0232 - recall 0.1156 - f1 0.0387 
INFO:root:VALID measures@10 microavg - precision 0.5333 - recall 0.0000 - f1 0.0000 
INFO:root:VALID measures@10 for class 0 - precision 1.0000 - recall 0.0000 - f1 0.0000 
INFO:root:VALID measures@10 for class 1 - precision 0.0667 - recall 0.0019 - f1 0.0037 
INFO:root:VALID measures@100 microavg - precision 0.5267 - recall 0.0000 - f1 0.0001 
INFO:root:VALID measures@100 for class 0 - precision 1.0000 - recall 0.0000 - f1 0.0001 
INFO:root:VALID measures@100 for class 1 - precision 0.0533 - recall 0.0150 - f1 0.0235 
INFO:root:VALID measures@1000 microavg - precision 0.5207 - recall 0.0003 - f1 0.0006 
INFO:root:VALID measures@1000 for class 0 - precision 1.0000 - recall 0.0003 - f1 0.0006 
INFO:root:VALID measures@1000 for class 1 - precision 0.0278 - recall 0.0761 - f1 0.0407 
INFO:root:VALID Total epoch time: 7.3951548030017875
INFO:root:################ TEST epoch 8 ###################
INFO:root:TEST batch 1 / 6 - partial error 0.0006 - partial loss 0.0116 - partial MRR  0.0380 - partial MAP 0.0057
INFO:root:TEST batch 1 / 6 -  partial tp {0: tensor(3603918, device='cuda:0'), 1: tensor(35, device='cuda:0')},fn {0: tensor(1971, device='cuda:0'), 1: tensor(277, device='cuda:0')},fp {0: tensor(277, device='cuda:0'), 1: tensor(1971, device='cuda:0')}
INFO:root:TEST batch 1 / 6 - measures partial microavg - precision 0.9994 - recall 0.9994 - f1 0.9994 
INFO:root:TEST batch 1 / 6 - measures partial for class 0 - precision 0.9999 - recall 0.9995 - f1 0.9997 
INFO:root:TEST batch 1 / 6 - measures partial for class 1 - precision 0.0174 - recall 0.1122 - f1 0.0302 
INFO:root:TEST batch 1 / 6 - Batch time 2 
INFO:root:TEST batch 2 / 6 - partial error 0.0004 - partial loss 0.0115 - partial MRR  0.0503 - partial MAP 0.0047
INFO:root:TEST batch 2 / 6 -  partial tp {0: tensor(3605272, device='cuda:0'), 1: tensor(15, device='cuda:0')},fn {0: tensor(645, device='cuda:0'), 1: tensor(269, device='cuda:0')},fp {0: tensor(269, device='cuda:0'), 1: tensor(645, device='cuda:0')}
INFO:root:TEST batch 2 / 6 - measures partial microavg - precision 0.9997 - recall 0.9997 - f1 0.9997 
INFO:root:TEST batch 2 / 6 - measures partial for class 0 - precision 0.9999 - recall 0.9998 - f1 0.9999 
INFO:root:TEST batch 2 / 6 - measures partial for class 1 - precision 0.0227 - recall 0.0528 - f1 0.0318 
INFO:root:TEST batch 2 / 6 - Batch time 2 
INFO:root:TEST batch 3 / 6 - partial error 0.0004 - partial loss 0.0114 - partial MRR  0.0462 - partial MAP 0.0046
INFO:root:TEST batch 3 / 6 -  partial tp {0: tensor(3605565, device='cuda:0'), 1: tensor(9, device='cuda:0')},fn {0: tensor(414, device='cuda:0'), 1: tensor(213, device='cuda:0')},fp {0: tensor(213, device='cuda:0'), 1: tensor(414, device='cuda:0')}
INFO:root:TEST batch 3 / 6 - measures partial microavg - precision 0.9998 - recall 0.9998 - f1 0.9998 
INFO:root:TEST batch 3 / 6 - measures partial for class 0 - precision 0.9999 - recall 0.9999 - f1 0.9999 
INFO:root:TEST batch 3 / 6 - measures partial for class 1 - precision 0.0213 - recall 0.0405 - f1 0.0279 
INFO:root:TEST batch 3 / 6 - Batch time 2 
INFO:root:TEST batch 4 / 6 - partial error 0.0003 - partial loss 0.0113 - partial MRR  0.0438 - partial MAP 0.0046
INFO:root:TEST batch 4 / 6 -  partial tp {0: tensor(3605455, device='cuda:0'), 1: tensor(9, device='cuda:0')},fn {0: tensor(580, device='cuda:0'), 1: tensor(157, device='cuda:0')},fp {0: tensor(157, device='cuda:0'), 1: tensor(580, device='cuda:0')}
INFO:root:TEST batch 4 / 6 - measures partial microavg - precision 0.9998 - recall 0.9998 - f1 0.9998 
INFO:root:TEST batch 4 / 6 - measures partial for class 0 - precision 1.0000 - recall 0.9998 - f1 0.9999 
INFO:root:TEST batch 4 / 6 - measures partial for class 1 - precision 0.0153 - recall 0.0542 - f1 0.0238 
INFO:root:TEST batch 4 / 6 - Batch time 2 
INFO:root:TEST batch 5 / 6 - partial error 0.0003 - partial loss 0.0112 - partial MRR  0.0457 - partial MAP 0.0041
INFO:root:TEST batch 5 / 6 -  partial tp {0: tensor(3605914, device='cuda:0'), 1: tensor(1, device='cuda:0')},fn {0: tensor(71, device='cuda:0'), 1: tensor(215, device='cuda:0')},fp {0: tensor(215, device='cuda:0'), 1: tensor(71, device='cuda:0')}
INFO:root:TEST batch 5 / 6 - measures partial microavg - precision 0.9999 - recall 0.9999 - f1 0.9999 
INFO:root:TEST batch 5 / 6 - measures partial for class 0 - precision 0.9999 - recall 1.0000 - f1 1.0000 
INFO:root:TEST batch 5 / 6 - measures partial for class 1 - precision 0.0139 - recall 0.0046 - f1 0.0069 
INFO:root:TEST batch 5 / 6 - Batch time 2 
INFO:root:TEST batch 6 / 6 - partial error 0.0002 - partial loss 0.0112 - partial MRR  0.0480 - partial MAP 0.0042
INFO:root:TEST batch 6 / 6 -  partial tp {0: tensor(3606017, device='cuda:0'), 1: tensor(1, device='cuda:0')},fn {0: tensor(12, device='cuda:0'), 1: tensor(171, device='cuda:0')},fp {0: tensor(171, device='cuda:0'), 1: tensor(12, device='cuda:0')}
INFO:root:TEST batch 6 / 6 - measures partial microavg - precision 0.9999 - recall 0.9999 - f1 0.9999 
INFO:root:TEST batch 6 / 6 - measures partial for class 0 - precision 1.0000 - recall 1.0000 - f1 1.0000 
INFO:root:TEST batch 6 / 6 - measures partial for class 1 - precision 0.0769 - recall 0.0058 - f1 0.0108 
INFO:root:TEST batch 6 / 6 - Batch time 2 
INFO:root:TEST mean losses tensor(0.0112, device='cuda:0')
INFO:root:TEST mean errors 0.0002308523835381493
INFO:root:TEST mean MRR 0.04797915741801262 - mean MAP 0.004243166651576757
INFO:root:TEST tp {0: tensor(21632141, device='cuda:0'), 1: tensor(70, device='cuda:0')},fn {0: tensor(3693, device='cuda:0'), 1: tensor(1302, device='cuda:0')},fp {0: tensor(1302, device='cuda:0'), 1: tensor(3693, device='cuda:0')}
INFO:root:TEST measures microavg - precision 0.9998 - recall 0.9998 - f1 0.9998 
INFO:root:TEST measures for class 0 - precision 0.9999 - recall 0.9998 - f1 0.9999 
INFO:root:TEST measures for class 1 - precision 0.0186 - recall 0.0510 - f1 0.0273 
INFO:root:TEST measures@10 microavg - precision 0.5126 - recall 0.0000 - f1 0.0000 
INFO:root:TEST measures@10 for class 0 - precision 1.0000 - recall 0.0000 - f1 0.0000 
INFO:root:TEST measures@10 for class 1 - precision 0.0169 - recall 0.0007 - f1 0.0014 
INFO:root:TEST measures@100 microavg - precision 0.5704 - recall 0.0000 - f1 0.0001 
INFO:root:TEST measures@100 for class 0 - precision 1.0000 - recall 0.0000 - f1 0.0001 
INFO:root:TEST measures@100 for class 1 - precision 0.0254 - recall 0.0087 - f1 0.0130 
INFO:root:TEST measures@1000 microavg - precision 0.7035 - recall 0.0003 - f1 0.0006 
INFO:root:TEST measures@1000 for class 0 - precision 1.0000 - recall 0.0003 - f1 0.0006 
INFO:root:TEST measures@1000 for class 1 - precision 0.0207 - recall 0.0394 - f1 0.0271 
INFO:root:TEST Total epoch time: 14.750118900003145
INFO:root:################ TRAIN epoch 9 ###################
INFO:root:TRAIN mean losses tensor(0.0439, device='cuda:0')
INFO:root:TRAIN mean errors 0.03755030408501625
INFO:root:TRAIN mean MRR 0.0 - mean MAP 0.07236094027757645
INFO:root:TRAIN tp {0: tensor(224178, device='cuda:0'), 1: tensor(631, device='cuda:0')},fn {0: tensor(4822, device='cuda:0'), 1: tensor(3949, device='cuda:0')},fp {0: tensor(3949, device='cuda:0'), 1: tensor(4822, device='cuda:0')}
INFO:root:TRAIN measures microavg - precision 0.9624 - recall 0.9624 - f1 0.9624 
INFO:root:TRAIN measures for class 0 - precision 0.9827 - recall 0.9789 - f1 0.9808 
INFO:root:TRAIN measures for class 1 - precision 0.1157 - recall 0.1378 - f1 0.1258 
INFO:root:TRAIN measures@10 microavg - precision 0.6199 - recall 0.0005 - f1 0.0009 
INFO:root:TRAIN measures@10 for class 0 - precision 0.9889 - recall 0.0004 - f1 0.0008 
INFO:root:TRAIN measures@10 for class 1 - precision 0.2099 - recall 0.0037 - f1 0.0073 
INFO:root:TRAIN measures@100 microavg - precision 0.6119 - recall 0.0044 - f1 0.0088 
INFO:root:TRAIN measures@100 for class 0 - precision 0.9933 - recall 0.0039 - f1 0.0078 
INFO:root:TRAIN measures@100 for class 1 - precision 0.1817 - recall 0.0317 - f1 0.0539 
INFO:root:TRAIN measures@1000 microavg - precision 0.7304 - recall 0.0404 - f1 0.0765 
INFO:root:TRAIN measures@1000 for class 0 - precision 0.9916 - recall 0.0390 - f1 0.0750 
INFO:root:TRAIN measures@1000 for class 1 - precision 0.1298 - recall 0.1109 - f1 0.1196 
INFO:root:TRAIN Total epoch time: 1.3802849170024274
INFO:root:=> saved epoch checkpoint 'saved_models/EvolveGCN/uc_irv_mess-20250515_053202/epoch_10.pkl'
INFO:root:################ VALID epoch 9 ###################
INFO:root:VALID mean losses tensor(0.0114, device='cuda:0')
INFO:root:VALID mean errors 0.00042445407598279417
INFO:root:VALID mean MRR 0.05665913596749306 - mean MAP 0.008371351286768913
INFO:root:VALID tp {0: tensor(10813916, device='cuda:0'), 1: tensor(95, device='cuda:0')},fn {0: tensor(3623, device='cuda:0'), 1: tensor(969, device='cuda:0')},fp {0: tensor(969, device='cuda:0'), 1: tensor(3623, device='cuda:0')}
INFO:root:VALID measures microavg - precision 0.9996 - recall 0.9996 - f1 0.9996 
INFO:root:VALID measures for class 0 - precision 0.9999 - recall 0.9997 - f1 0.9998 
INFO:root:VALID measures for class 1 - precision 0.0256 - recall 0.0893 - f1 0.0397 
INFO:root:VALID measures@10 microavg - precision 0.5333 - recall 0.0000 - f1 0.0000 
INFO:root:VALID measures@10 for class 0 - precision 1.0000 - recall 0.0000 - f1 0.0000 
INFO:root:VALID measures@10 for class 1 - precision 0.0667 - recall 0.0019 - f1 0.0037 
INFO:root:VALID measures@100 microavg - precision 0.5317 - recall 0.0000 - f1 0.0001 
INFO:root:VALID measures@100 for class 0 - precision 1.0000 - recall 0.0000 - f1 0.0001 
INFO:root:VALID measures@100 for class 1 - precision 0.0633 - recall 0.0179 - f1 0.0279 
INFO:root:VALID measures@1000 microavg - precision 0.5591 - recall 0.0003 - f1 0.0006 
INFO:root:VALID measures@1000 for class 0 - precision 1.0000 - recall 0.0003 - f1 0.0006 
INFO:root:VALID measures@1000 for class 1 - precision 0.0311 - recall 0.0733 - f1 0.0437 
INFO:root:VALID Total epoch time: 7.554658171997289
INFO:root:################ TEST epoch 9 ###################
INFO:root:TEST batch 1 / 6 - partial error 0.0005 - partial loss 0.0115 - partial MRR  0.0383 - partial MAP 0.0056
INFO:root:TEST batch 1 / 6 -  partial tp {0: tensor(3604527, device='cuda:0'), 1: tensor(24, device='cuda:0')},fn {0: tensor(1362, device='cuda:0'), 1: tensor(288, device='cuda:0')},fp {0: tensor(288, device='cuda:0'), 1: tensor(1362, device='cuda:0')}
INFO:root:TEST batch 1 / 6 - measures partial microavg - precision 0.9995 - recall 0.9995 - f1 0.9995 
INFO:root:TEST batch 1 / 6 - measures partial for class 0 - precision 0.9999 - recall 0.9996 - f1 0.9998 
INFO:root:TEST batch 1 / 6 - measures partial for class 1 - precision 0.0173 - recall 0.0769 - f1 0.0283 
INFO:root:TEST batch 1 / 6 - Batch time 2 
INFO:root:TEST batch 2 / 6 - partial error 0.0003 - partial loss 0.0113 - partial MRR  0.0497 - partial MAP 0.0046
INFO:root:TEST batch 2 / 6 -  partial tp {0: tensor(3605514, device='cuda:0'), 1: tensor(11, device='cuda:0')},fn {0: tensor(403, device='cuda:0'), 1: tensor(273, device='cuda:0')},fp {0: tensor(273, device='cuda:0'), 1: tensor(403, device='cuda:0')}
INFO:root:TEST batch 2 / 6 - measures partial microavg - precision 0.9998 - recall 0.9998 - f1 0.9998 
INFO:root:TEST batch 2 / 6 - measures partial for class 0 - precision 0.9999 - recall 0.9999 - f1 0.9999 
INFO:root:TEST batch 2 / 6 - measures partial for class 1 - precision 0.0266 - recall 0.0387 - f1 0.0315 
INFO:root:TEST batch 2 / 6 - Batch time 2 
INFO:root:TEST batch 3 / 6 - partial error 0.0003 - partial loss 0.0112 - partial MRR  0.0459 - partial MAP 0.0042
INFO:root:TEST batch 3 / 6 -  partial tp {0: tensor(3605742, device='cuda:0'), 1: tensor(5, device='cuda:0')},fn {0: tensor(237, device='cuda:0'), 1: tensor(217, device='cuda:0')},fp {0: tensor(217, device='cuda:0'), 1: tensor(237, device='cuda:0')}
INFO:root:TEST batch 3 / 6 - measures partial microavg - precision 0.9999 - recall 0.9999 - f1 0.9999 
INFO:root:TEST batch 3 / 6 - measures partial for class 0 - precision 0.9999 - recall 0.9999 - f1 0.9999 
INFO:root:TEST batch 3 / 6 - measures partial for class 1 - precision 0.0207 - recall 0.0225 - f1 0.0216 
INFO:root:TEST batch 3 / 6 - Batch time 2 
INFO:root:TEST batch 4 / 6 - partial error 0.0002 - partial loss 0.0111 - partial MRR  0.0433 - partial MAP 0.0046
INFO:root:TEST batch 4 / 6 -  partial tp {0: tensor(3605710, device='cuda:0'), 1: tensor(5, device='cuda:0')},fn {0: tensor(325, device='cuda:0'), 1: tensor(161, device='cuda:0')},fp {0: tensor(161, device='cuda:0'), 1: tensor(325, device='cuda:0')}
INFO:root:TEST batch 4 / 6 - measures partial microavg - precision 0.9999 - recall 0.9999 - f1 0.9999 
INFO:root:TEST batch 4 / 6 - measures partial for class 0 - precision 1.0000 - recall 0.9999 - f1 0.9999 
INFO:root:TEST batch 4 / 6 - measures partial for class 1 - precision 0.0152 - recall 0.0301 - f1 0.0202 
INFO:root:TEST batch 4 / 6 - Batch time 2 
INFO:root:TEST batch 5 / 6 - partial error 0.0002 - partial loss 0.0110 - partial MRR  0.0447 - partial MAP 0.0042
INFO:root:TEST batch 5 / 6 -  partial tp {0: tensor(3605946, device='cuda:0'), 1: tensor(1, device='cuda:0')},fn {0: tensor(39, device='cuda:0'), 1: tensor(215, device='cuda:0')},fp {0: tensor(215, device='cuda:0'), 1: tensor(39, device='cuda:0')}
INFO:root:TEST batch 5 / 6 - measures partial microavg - precision 0.9999 - recall 0.9999 - f1 0.9999 
INFO:root:TEST batch 5 / 6 - measures partial for class 0 - precision 0.9999 - recall 1.0000 - f1 1.0000 
INFO:root:TEST batch 5 / 6 - measures partial for class 1 - precision 0.0250 - recall 0.0046 - f1 0.0078 
INFO:root:TEST batch 5 / 6 - Batch time 2 
INFO:root:TEST batch 6 / 6 - partial error 0.0002 - partial loss 0.0110 - partial MRR  0.0470 - partial MAP 0.0041
INFO:root:TEST batch 6 / 6 -  partial tp {0: tensor(3606024, device='cuda:0'), 1: tensor(0, device='cuda:0')},fn {0: tensor(5, device='cuda:0'), 1: tensor(172, device='cuda:0')},fp {0: tensor(172, device='cuda:0'), 1: tensor(5, device='cuda:0')}
INFO:root:TEST batch 6 / 6 - measures partial microavg - precision 1.0000 - recall 1.0000 - f1 1.0000 
INFO:root:TEST batch 6 / 6 - measures partial for class 0 - precision 1.0000 - recall 1.0000 - f1 1.0000 
INFO:root:TEST batch 6 / 6 - measures partial for class 1 - precision 0.0000 - recall 0.0000 - f1 0.0000 
INFO:root:TEST batch 6 / 6 - Batch time 2 
INFO:root:TEST mean losses tensor(0.0110, device='cuda:0')
INFO:root:TEST mean errors 0.0001708631170913577
INFO:root:TEST mean MRR 0.04697342589497566 - mean MAP 0.00412434246391058
INFO:root:TEST tp {0: tensor(21633463, device='cuda:0'), 1: tensor(46, device='cuda:0')},fn {0: tensor(2371, device='cuda:0'), 1: tensor(1326, device='cuda:0')},fp {0: tensor(1326, device='cuda:0'), 1: tensor(2371, device='cuda:0')}
INFO:root:TEST measures microavg - precision 0.9998 - recall 0.9998 - f1 0.9998 
INFO:root:TEST measures for class 0 - precision 0.9999 - recall 0.9999 - f1 0.9999 
INFO:root:TEST measures for class 1 - precision 0.0190 - recall 0.0335 - f1 0.0243 
INFO:root:TEST measures@10 microavg - precision 0.5351 - recall 0.0000 - f1 0.0000 
INFO:root:TEST measures@10 for class 0 - precision 1.0000 - recall 0.0000 - f1 0.0000 
INFO:root:TEST measures@10 for class 1 - precision 0.0185 - recall 0.0007 - f1 0.0014 
INFO:root:TEST measures@100 microavg - precision 0.5849 - recall 0.0000 - f1 0.0001 
INFO:root:TEST measures@100 for class 0 - precision 1.0000 - recall 0.0000 - f1 0.0001 
INFO:root:TEST measures@100 for class 1 - precision 0.0138 - recall 0.0044 - f1 0.0066 
INFO:root:TEST measures@1000 microavg - precision 0.7611 - recall 0.0003 - f1 0.0006 
INFO:root:TEST measures@1000 for class 0 - precision 1.0000 - recall 0.0003 - f1 0.0006 
INFO:root:TEST measures@1000 for class 1 - precision 0.0212 - recall 0.0299 - f1 0.0248 
INFO:root:TEST Total epoch time: 14.786609404007322
INFO:root:################ TRAIN epoch 10 ###################
INFO:root:TRAIN mean losses tensor(0.0439, device='cuda:0')
INFO:root:TRAIN mean errors 0.037486087530851364
INFO:root:TRAIN mean MRR 0.0 - mean MAP 0.07456820458173752
INFO:root:TRAIN tp {0: tensor(224183, device='cuda:0'), 1: tensor(641, device='cuda:0')},fn {0: tensor(4817, device='cuda:0'), 1: tensor(3939, device='cuda:0')},fp {0: tensor(3939, device='cuda:0'), 1: tensor(4817, device='cuda:0')}
INFO:root:TRAIN measures microavg - precision 0.9625 - recall 0.9625 - f1 0.9625 
INFO:root:TRAIN measures for class 0 - precision 0.9827 - recall 0.9790 - f1 0.9808 
INFO:root:TRAIN measures for class 1 - precision 0.1174 - recall 0.1400 - f1 0.1277 
INFO:root:TRAIN measures@10 microavg - precision 0.6316 - recall 0.0005 - f1 0.0009 
INFO:root:TRAIN measures@10 for class 0 - precision 0.9889 - recall 0.0004 - f1 0.0008 
INFO:root:TRAIN measures@10 for class 1 - precision 0.2346 - recall 0.0041 - f1 0.0082 
INFO:root:TRAIN measures@100 microavg - precision 0.6149 - recall 0.0045 - f1 0.0089 
INFO:root:TRAIN measures@100 for class 0 - precision 0.9911 - recall 0.0039 - f1 0.0078 
INFO:root:TRAIN measures@100 for class 1 - precision 0.1923 - recall 0.0336 - f1 0.0572 
INFO:root:TRAIN measures@1000 microavg - precision 0.7152 - recall 0.0404 - f1 0.0765 
INFO:root:TRAIN measures@1000 for class 0 - precision 0.9908 - recall 0.0389 - f1 0.0749 
INFO:root:TRAIN measures@1000 for class 1 - precision 0.1254 - recall 0.1151 - f1 0.1200 
INFO:root:TRAIN Total epoch time: 1.3750472240062663
INFO:root:=> saved epoch checkpoint 'saved_models/EvolveGCN/uc_irv_mess-20250515_053202/epoch_11.pkl'
INFO:root:################ VALID epoch 10 ###################
INFO:root:VALID mean losses tensor(0.0116, device='cuda:0')
INFO:root:VALID mean errors 0.00045754521852359176
INFO:root:VALID mean MRR 0.056964170187711716 - mean MAP 0.009300842881202698
INFO:root:VALID tp {0: tensor(10813540, device='cuda:0'), 1: tensor(113, device='cuda:0')},fn {0: tensor(3999, device='cuda:0'), 1: tensor(951, device='cuda:0')},fp {0: tensor(951, device='cuda:0'), 1: tensor(3999, device='cuda:0')}
INFO:root:VALID measures microavg - precision 0.9995 - recall 0.9995 - f1 0.9995 
INFO:root:VALID measures for class 0 - precision 0.9999 - recall 0.9996 - f1 0.9998 
INFO:root:VALID measures for class 1 - precision 0.0275 - recall 0.1062 - f1 0.0437 
INFO:root:VALID measures@10 microavg - precision 0.5500 - recall 0.0000 - f1 0.0000 
INFO:root:VALID measures@10 for class 0 - precision 1.0000 - recall 0.0000 - f1 0.0000 
INFO:root:VALID measures@10 for class 1 - precision 0.1000 - recall 0.0028 - f1 0.0055 
INFO:root:VALID measures@100 microavg - precision 0.5267 - recall 0.0000 - f1 0.0001 
INFO:root:VALID measures@100 for class 0 - precision 1.0000 - recall 0.0000 - f1 0.0001 
INFO:root:VALID measures@100 for class 1 - precision 0.0533 - recall 0.0150 - f1 0.0235 
INFO:root:VALID measures@1000 microavg - precision 0.5521 - recall 0.0003 - f1 0.0006 
INFO:root:VALID measures@1000 for class 0 - precision 1.0000 - recall 0.0003 - f1 0.0006 
INFO:root:VALID measures@1000 for class 1 - precision 0.0328 - recall 0.0799 - f1 0.0465 
INFO:root:VALID Total epoch time: 7.47534060999169
INFO:root:################ TEST epoch 10 ###################
INFO:root:TEST batch 1 / 6 - partial error 0.0005 - partial loss 0.0116 - partial MRR  0.0385 - partial MAP 0.0058
INFO:root:TEST batch 1 / 6 -  partial tp {0: tensor(3604253, device='cuda:0'), 1: tensor(32, device='cuda:0')},fn {0: tensor(1636, device='cuda:0'), 1: tensor(280, device='cuda:0')},fp {0: tensor(280, device='cuda:0'), 1: tensor(1636, device='cuda:0')}
INFO:root:TEST batch 1 / 6 - measures partial microavg - precision 0.9995 - recall 0.9995 - f1 0.9995 
INFO:root:TEST batch 1 / 6 - measures partial for class 0 - precision 0.9999 - recall 0.9995 - f1 0.9997 
INFO:root:TEST batch 1 / 6 - measures partial for class 1 - precision 0.0192 - recall 0.1026 - f1 0.0323 
INFO:root:TEST batch 1 / 6 - Batch time 2 
INFO:root:TEST batch 2 / 6 - partial error 0.0004 - partial loss 0.0115 - partial MRR  0.0507 - partial MAP 0.0047
INFO:root:TEST batch 2 / 6 -  partial tp {0: tensor(3605460, device='cuda:0'), 1: tensor(13, device='cuda:0')},fn {0: tensor(457, device='cuda:0'), 1: tensor(271, device='cuda:0')},fp {0: tensor(271, device='cuda:0'), 1: tensor(457, device='cuda:0')}
INFO:root:TEST batch 2 / 6 - measures partial microavg - precision 0.9998 - recall 0.9998 - f1 0.9998 
INFO:root:TEST batch 2 / 6 - measures partial for class 0 - precision 0.9999 - recall 0.9999 - f1 0.9999 
INFO:root:TEST batch 2 / 6 - measures partial for class 1 - precision 0.0277 - recall 0.0458 - f1 0.0345 
INFO:root:TEST batch 2 / 6 - Batch time 2 
INFO:root:TEST batch 3 / 6 - partial error 0.0003 - partial loss 0.0114 - partial MRR  0.0467 - partial MAP 0.0043
INFO:root:TEST batch 3 / 6 -  partial tp {0: tensor(3605686, device='cuda:0'), 1: tensor(5, device='cuda:0')},fn {0: tensor(293, device='cuda:0'), 1: tensor(217, device='cuda:0')},fp {0: tensor(217, device='cuda:0'), 1: tensor(293, device='cuda:0')}
INFO:root:TEST batch 3 / 6 - measures partial microavg - precision 0.9999 - recall 0.9999 - f1 0.9999 
INFO:root:TEST batch 3 / 6 - measures partial for class 0 - precision 0.9999 - recall 0.9999 - f1 0.9999 
INFO:root:TEST batch 3 / 6 - measures partial for class 1 - precision 0.0168 - recall 0.0225 - f1 0.0192 
INFO:root:TEST batch 3 / 6 - Batch time 2 
INFO:root:TEST batch 4 / 6 - partial error 0.0003 - partial loss 0.0113 - partial MRR  0.0440 - partial MAP 0.0041
INFO:root:TEST batch 4 / 6 -  partial tp {0: tensor(3605677, device='cuda:0'), 1: tensor(5, device='cuda:0')},fn {0: tensor(358, device='cuda:0'), 1: tensor(161, device='cuda:0')},fp {0: tensor(161, device='cuda:0'), 1: tensor(358, device='cuda:0')}
INFO:root:TEST batch 4 / 6 - measures partial microavg - precision 0.9999 - recall 0.9999 - f1 0.9999 
INFO:root:TEST batch 4 / 6 - measures partial for class 0 - precision 1.0000 - recall 0.9999 - f1 0.9999 
INFO:root:TEST batch 4 / 6 - measures partial for class 1 - precision 0.0138 - recall 0.0301 - f1 0.0189 
INFO:root:TEST batch 4 / 6 - Batch time 2 
INFO:root:TEST batch 5 / 6 - partial error 0.0002 - partial loss 0.0112 - partial MRR  0.0453 - partial MAP 0.0038
INFO:root:TEST batch 5 / 6 -  partial tp {0: tensor(3605947, device='cuda:0'), 1: tensor(1, device='cuda:0')},fn {0: tensor(38, device='cuda:0'), 1: tensor(215, device='cuda:0')},fp {0: tensor(215, device='cuda:0'), 1: tensor(38, device='cuda:0')}
INFO:root:TEST batch 5 / 6 - measures partial microavg - precision 0.9999 - recall 0.9999 - f1 0.9999 
INFO:root:TEST batch 5 / 6 - measures partial for class 0 - precision 0.9999 - recall 1.0000 - f1 1.0000 
INFO:root:TEST batch 5 / 6 - measures partial for class 1 - precision 0.0256 - recall 0.0046 - f1 0.0078 
INFO:root:TEST batch 5 / 6 - Batch time 2 
INFO:root:TEST batch 6 / 6 - partial error 0.0002 - partial loss 0.0112 - partial MRR  0.0476 - partial MAP 0.0038
INFO:root:TEST batch 6 / 6 -  partial tp {0: tensor(3606024, device='cuda:0'), 1: tensor(0, device='cuda:0')},fn {0: tensor(5, device='cuda:0'), 1: tensor(172, device='cuda:0')},fp {0: tensor(172, device='cuda:0'), 1: tensor(5, device='cuda:0')}
INFO:root:TEST batch 6 / 6 - measures partial microavg - precision 1.0000 - recall 1.0000 - f1 1.0000 
INFO:root:TEST batch 6 / 6 - measures partial for class 0 - precision 1.0000 - recall 1.0000 - f1 1.0000 
INFO:root:TEST batch 6 / 6 - measures partial for class 1 - precision 0.0000 - recall 0.0000 - f1 0.0000 
INFO:root:TEST batch 6 / 6 - Batch time 2 
INFO:root:TEST mean losses tensor(0.0112, device='cuda:0')
INFO:root:TEST mean errors 0.00018962708418257535
INFO:root:TEST mean MRR 0.047615211457014084 - mean MAP 0.0038059712387621403
INFO:root:TEST tp {0: tensor(21633047, device='cuda:0'), 1: tensor(56, device='cuda:0')},fn {0: tensor(2787, device='cuda:0'), 1: tensor(1316, device='cuda:0')},fp {0: tensor(1316, device='cuda:0'), 1: tensor(2787, device='cuda:0')}
INFO:root:TEST measures microavg - precision 0.9998 - recall 0.9998 - f1 0.9998 
INFO:root:TEST measures for class 0 - precision 0.9999 - recall 0.9999 - f1 0.9999 
INFO:root:TEST measures for class 1 - precision 0.0197 - recall 0.0408 - f1 0.0266 
INFO:root:TEST measures@10 microavg - precision 0.5351 - recall 0.0000 - f1 0.0000 
INFO:root:TEST measures@10 for class 0 - precision 1.0000 - recall 0.0000 - f1 0.0000 
INFO:root:TEST measures@10 for class 1 - precision 0.0185 - recall 0.0007 - f1 0.0014 
INFO:root:TEST measures@100 microavg - precision 0.5855 - recall 0.0000 - f1 0.0001 
INFO:root:TEST measures@100 for class 0 - precision 1.0000 - recall 0.0000 - f1 0.0001 
INFO:root:TEST measures@100 for class 1 - precision 0.0138 - recall 0.0044 - f1 0.0066 
INFO:root:TEST measures@1000 microavg - precision 0.7491 - recall 0.0003 - f1 0.0006 
INFO:root:TEST measures@1000 for class 0 - precision 1.0000 - recall 0.0003 - f1 0.0006 
INFO:root:TEST measures@1000 for class 1 - precision 0.0208 - recall 0.0313 - f1 0.0250 
INFO:root:TEST Total epoch time: 14.911666592990514
INFO:root:################ TRAIN epoch 11 ###################
INFO:root:TRAIN mean losses tensor(0.0438, device='cuda:0')
INFO:root:TRAIN mean errors 0.036612723022699356
INFO:root:TRAIN mean MRR 0.0 - mean MAP 0.07455740123987198
INFO:root:TRAIN tp {0: tensor(224396, device='cuda:0'), 1: tensor(632, device='cuda:0')},fn {0: tensor(4604, device='cuda:0'), 1: tensor(3948, device='cuda:0')},fp {0: tensor(3948, device='cuda:0'), 1: tensor(4604, device='cuda:0')}
INFO:root:TRAIN measures microavg - precision 0.9634 - recall 0.9634 - f1 0.9634 
INFO:root:TRAIN measures for class 0 - precision 0.9827 - recall 0.9799 - f1 0.9813 
INFO:root:TRAIN measures for class 1 - precision 0.1207 - recall 0.1380 - f1 0.1288 
INFO:root:TRAIN measures@10 microavg - precision 0.6608 - recall 0.0005 - f1 0.0010 
INFO:root:TRAIN measures@10 for class 0 - precision 1.0000 - recall 0.0004 - f1 0.0008 
INFO:root:TRAIN measures@10 for class 1 - precision 0.2840 - recall 0.0050 - f1 0.0099 
INFO:root:TRAIN measures@100 microavg - precision 0.6114 - recall 0.0045 - f1 0.0088 
INFO:root:TRAIN measures@100 for class 0 - precision 0.9967 - recall 0.0039 - f1 0.0078 
INFO:root:TRAIN measures@100 for class 1 - precision 0.1785 - recall 0.0312 - f1 0.0531 
INFO:root:TRAIN measures@1000 microavg - precision 0.7320 - recall 0.0404 - f1 0.0765 
INFO:root:TRAIN measures@1000 for class 0 - precision 0.9909 - recall 0.0389 - f1 0.0749 
INFO:root:TRAIN measures@1000 for class 1 - precision 0.1308 - recall 0.1107 - f1 0.1199 
INFO:root:TRAIN Total epoch time: 1.4062020339915762
INFO:root:=> saved epoch checkpoint 'saved_models/EvolveGCN/uc_irv_mess-20250515_053202/epoch_12.pkl'
INFO:root:################ VALID epoch 11 ###################
INFO:root:VALID mean losses tensor(0.0115, device='cuda:0')
INFO:root:VALID mean errors 0.000499325105920434
INFO:root:VALID mean MRR 0.06044141203165054 - mean MAP 0.010555993765592575
INFO:root:VALID tp {0: tensor(10813085, device='cuda:0'), 1: tensor(116, device='cuda:0')},fn {0: tensor(4454, device='cuda:0'), 1: tensor(948, device='cuda:0')},fp {0: tensor(948, device='cuda:0'), 1: tensor(4454, device='cuda:0')}
INFO:root:VALID measures microavg - precision 0.9995 - recall 0.9995 - f1 0.9995 
INFO:root:VALID measures for class 0 - precision 0.9999 - recall 0.9996 - f1 0.9998 
INFO:root:VALID measures for class 1 - precision 0.0254 - recall 0.1090 - f1 0.0412 
INFO:root:VALID measures@10 microavg - precision 0.5833 - recall 0.0000 - f1 0.0000 
INFO:root:VALID measures@10 for class 0 - precision 1.0000 - recall 0.0000 - f1 0.0000 
INFO:root:VALID measures@10 for class 1 - precision 0.1667 - recall 0.0047 - f1 0.0091 
INFO:root:VALID measures@100 microavg - precision 0.5350 - recall 0.0000 - f1 0.0001 
INFO:root:VALID measures@100 for class 0 - precision 1.0000 - recall 0.0000 - f1 0.0001 
INFO:root:VALID measures@100 for class 1 - precision 0.0700 - recall 0.0197 - f1 0.0308 
INFO:root:VALID measures@1000 microavg - precision 0.5406 - recall 0.0003 - f1 0.0006 
INFO:root:VALID measures@1000 for class 0 - precision 1.0000 - recall 0.0003 - f1 0.0006 
INFO:root:VALID measures@1000 for class 1 - precision 0.0318 - recall 0.0808 - f1 0.0456 
INFO:root:VALID Total epoch time: 7.552244307007641
INFO:root:################ TRAIN epoch 12 ###################
INFO:root:TRAIN mean losses tensor(0.0437, device='cuda:0')
INFO:root:TRAIN mean errors 0.03813682496547699
INFO:root:TRAIN mean MRR 0.0 - mean MAP 0.07675717025995255
INFO:root:TRAIN tp {0: tensor(224013, device='cuda:0'), 1: tensor(659, device='cuda:0')},fn {0: tensor(4987, device='cuda:0'), 1: tensor(3921, device='cuda:0')},fp {0: tensor(3921, device='cuda:0'), 1: tensor(4987, device='cuda:0')}
INFO:root:TRAIN measures microavg - precision 0.9619 - recall 0.9619 - f1 0.9619 
INFO:root:TRAIN measures for class 0 - precision 0.9828 - recall 0.9782 - f1 0.9805 
INFO:root:TRAIN measures for class 1 - precision 0.1167 - recall 0.1439 - f1 0.1289 
INFO:root:TRAIN measures@10 microavg - precision 0.6374 - recall 0.0005 - f1 0.0009 
INFO:root:TRAIN measures@10 for class 0 - precision 0.9889 - recall 0.0004 - f1 0.0008 
INFO:root:TRAIN measures@10 for class 1 - precision 0.2469 - recall 0.0044 - f1 0.0086 
INFO:root:TRAIN measures@100 microavg - precision 0.6202 - recall 0.0045 - f1 0.0090 
INFO:root:TRAIN measures@100 for class 0 - precision 0.9900 - recall 0.0039 - f1 0.0078 
INFO:root:TRAIN measures@100 for class 1 - precision 0.2047 - recall 0.0358 - f1 0.0610 
INFO:root:TRAIN measures@1000 microavg - precision 0.7248 - recall 0.0403 - f1 0.0764 
INFO:root:TRAIN measures@1000 for class 0 - precision 0.9894 - recall 0.0389 - f1 0.0748 
INFO:root:TRAIN measures@1000 for class 1 - precision 0.1295 - recall 0.1131 - f1 0.1207 
INFO:root:TRAIN Total epoch time: 1.3609589239931665
INFO:root:=> saved epoch checkpoint 'saved_models/EvolveGCN/uc_irv_mess-20250515_053202/epoch_13.pkl'
INFO:root:################ VALID epoch 12 ###################
INFO:root:VALID mean losses tensor(0.0113, device='cuda:0')
INFO:root:VALID mean errors 0.0004457137256395072
INFO:root:VALID mean MRR 0.059464942663908005 - mean MAP 0.01113978587090969
INFO:root:VALID tp {0: tensor(10813672, device='cuda:0'), 1: tensor(109, device='cuda:0')},fn {0: tensor(3867, device='cuda:0'), 1: tensor(955, device='cuda:0')},fp {0: tensor(955, device='cuda:0'), 1: tensor(3867, device='cuda:0')}
INFO:root:VALID measures microavg - precision 0.9996 - recall 0.9996 - f1 0.9996 
INFO:root:VALID measures for class 0 - precision 0.9999 - recall 0.9996 - f1 0.9998 
INFO:root:VALID measures for class 1 - precision 0.0274 - recall 0.1024 - f1 0.0433 
INFO:root:VALID measures@10 microavg - precision 0.6000 - recall 0.0000 - f1 0.0000 
INFO:root:VALID measures@10 for class 0 - precision 1.0000 - recall 0.0000 - f1 0.0000 
INFO:root:VALID measures@10 for class 1 - precision 0.2000 - recall 0.0056 - f1 0.0110 
INFO:root:VALID measures@100 microavg - precision 0.5350 - recall 0.0000 - f1 0.0001 
INFO:root:VALID measures@100 for class 0 - precision 1.0000 - recall 0.0000 - f1 0.0001 
INFO:root:VALID measures@100 for class 1 - precision 0.0700 - recall 0.0197 - f1 0.0308 
INFO:root:VALID measures@1000 microavg - precision 0.5537 - recall 0.0003 - f1 0.0006 
INFO:root:VALID measures@1000 for class 0 - precision 1.0000 - recall 0.0003 - f1 0.0006 
INFO:root:VALID measures@1000 for class 1 - precision 0.0323 - recall 0.0780 - f1 0.0457 
INFO:root:VALID Total epoch time: 7.587409184998251
INFO:root:################ TRAIN epoch 13 ###################
INFO:root:TRAIN mean losses tensor(0.0438, device='cuda:0')
INFO:root:TRAIN mean errors 0.03704940527677536
INFO:root:TRAIN mean MRR 0.0 - mean MAP 0.07813601195812225
INFO:root:TRAIN tp {0: tensor(224281, device='cuda:0'), 1: tensor(645, device='cuda:0')},fn {0: tensor(4719, device='cuda:0'), 1: tensor(3935, device='cuda:0')},fp {0: tensor(3935, device='cuda:0'), 1: tensor(4719, device='cuda:0')}
INFO:root:TRAIN measures microavg - precision 0.9630 - recall 0.9630 - f1 0.9630 
INFO:root:TRAIN measures for class 0 - precision 0.9828 - recall 0.9794 - f1 0.9811 
INFO:root:TRAIN measures for class 1 - precision 0.1202 - recall 0.1408 - f1 0.1297 
INFO:root:TRAIN measures@10 microavg - precision 0.6374 - recall 0.0005 - f1 0.0009 
INFO:root:TRAIN measures@10 for class 0 - precision 1.0000 - recall 0.0004 - f1 0.0008 
INFO:root:TRAIN measures@10 for class 1 - precision 0.2346 - recall 0.0041 - f1 0.0082 
INFO:root:TRAIN measures@100 microavg - precision 0.6273 - recall 0.0046 - f1 0.0091 
INFO:root:TRAIN measures@100 for class 0 - precision 0.9944 - recall 0.0039 - f1 0.0078 
INFO:root:TRAIN measures@100 for class 1 - precision 0.2147 - recall 0.0376 - f1 0.0639 
INFO:root:TRAIN measures@1000 microavg - precision 0.7241 - recall 0.0404 - f1 0.0765 
INFO:root:TRAIN measures@1000 for class 0 - precision 0.9899 - recall 0.0389 - f1 0.0749 
INFO:root:TRAIN measures@1000 for class 1 - precision 0.1305 - recall 0.1148 - f1 0.1222 
INFO:root:TRAIN Total epoch time: 1.3831037859927164
INFO:root:=> saved epoch checkpoint 'saved_models/EvolveGCN/uc_irv_mess-20250515_053202/epoch_14.pkl'
INFO:root:################ VALID epoch 13 ###################
INFO:root:VALID mean losses tensor(0.0114, device='cuda:0')
INFO:root:VALID mean errors 0.0004501505463849753
INFO:root:VALID mean MRR 0.05929834023118019 - mean MAP 0.010419491678476334
INFO:root:VALID tp {0: tensor(10813624, device='cuda:0'), 1: tensor(109, device='cuda:0')},fn {0: tensor(3915, device='cuda:0'), 1: tensor(955, device='cuda:0')},fp {0: tensor(955, device='cuda:0'), 1: tensor(3915, device='cuda:0')}
INFO:root:VALID measures microavg - precision 0.9995 - recall 0.9995 - f1 0.9995 
INFO:root:VALID measures for class 0 - precision 0.9999 - recall 0.9996 - f1 0.9998 
INFO:root:VALID measures for class 1 - precision 0.0271 - recall 0.1024 - f1 0.0428 
INFO:root:VALID measures@10 microavg - precision 0.6000 - recall 0.0000 - f1 0.0000 
INFO:root:VALID measures@10 for class 0 - precision 1.0000 - recall 0.0000 - f1 0.0000 
INFO:root:VALID measures@10 for class 1 - precision 0.2000 - recall 0.0056 - f1 0.0110 
INFO:root:VALID measures@100 microavg - precision 0.5300 - recall 0.0000 - f1 0.0001 
INFO:root:VALID measures@100 for class 0 - precision 1.0000 - recall 0.0000 - f1 0.0001 
INFO:root:VALID measures@100 for class 1 - precision 0.0600 - recall 0.0169 - f1 0.0264 
INFO:root:VALID measures@1000 microavg - precision 0.5526 - recall 0.0003 - f1 0.0006 
INFO:root:VALID measures@1000 for class 0 - precision 1.0000 - recall 0.0003 - f1 0.0006 
INFO:root:VALID measures@1000 for class 1 - precision 0.0336 - recall 0.0818 - f1 0.0477 
INFO:root:VALID Total epoch time: 7.594050383006106
INFO:root:################ TRAIN epoch 14 ###################
INFO:root:TRAIN mean losses tensor(0.0437, device='cuda:0')
INFO:root:TRAIN mean errors 0.036732595413923264
INFO:root:TRAIN mean MRR 0.0 - mean MAP 0.08021816611289978
INFO:root:TRAIN tp {0: tensor(224339, device='cuda:0'), 1: tensor(661, device='cuda:0')},fn {0: tensor(4661, device='cuda:0'), 1: tensor(3919, device='cuda:0')},fp {0: tensor(3919, device='cuda:0'), 1: tensor(4661, device='cuda:0')}
INFO:root:TRAIN measures microavg - precision 0.9633 - recall 0.9633 - f1 0.9633 
INFO:root:TRAIN measures for class 0 - precision 0.9828 - recall 0.9796 - f1 0.9812 
INFO:root:TRAIN measures for class 1 - precision 0.1242 - recall 0.1443 - f1 0.1335 
INFO:root:TRAIN measures@10 microavg - precision 0.6433 - recall 0.0005 - f1 0.0009 
INFO:root:TRAIN measures@10 for class 0 - precision 0.9889 - recall 0.0004 - f1 0.0008 
INFO:root:TRAIN measures@10 for class 1 - precision 0.2593 - recall 0.0046 - f1 0.0090 
INFO:root:TRAIN measures@100 microavg - precision 0.6238 - recall 0.0045 - f1 0.0090 
INFO:root:TRAIN measures@100 for class 0 - precision 0.9944 - recall 0.0039 - f1 0.0078 
INFO:root:TRAIN measures@100 for class 1 - precision 0.2072 - recall 0.0362 - f1 0.0617 
INFO:root:TRAIN measures@1000 microavg - precision 0.7220 - recall 0.0405 - f1 0.0767 
INFO:root:TRAIN measures@1000 for class 0 - precision 0.9914 - recall 0.0390 - f1 0.0750 
INFO:root:TRAIN measures@1000 for class 1 - precision 0.1309 - recall 0.1172 - f1 0.1237 
INFO:root:TRAIN Total epoch time: 1.403858976002084
INFO:root:=> saved epoch checkpoint 'saved_models/EvolveGCN/uc_irv_mess-20250515_053202/epoch_15.pkl'
INFO:root:################ VALID epoch 14 ###################
INFO:root:VALID mean losses tensor(0.0113, device='cuda:0')
INFO:root:VALID mean errors 0.0005027451552450657
INFO:root:VALID mean MRR 0.059764571487903595 - mean MAP 0.010585831478238106
INFO:root:VALID tp {0: tensor(10813047, device='cuda:0'), 1: tensor(117, device='cuda:0')},fn {0: tensor(4492, device='cuda:0'), 1: tensor(947, device='cuda:0')},fp {0: tensor(947, device='cuda:0'), 1: tensor(4492, device='cuda:0')}
INFO:root:VALID measures microavg - precision 0.9995 - recall 0.9995 - f1 0.9995 
INFO:root:VALID measures for class 0 - precision 0.9999 - recall 0.9996 - f1 0.9997 
INFO:root:VALID measures for class 1 - precision 0.0254 - recall 0.1100 - f1 0.0412 
INFO:root:VALID measures@10 microavg - precision 0.6000 - recall 0.0000 - f1 0.0000 
INFO:root:VALID measures@10 for class 0 - precision 1.0000 - recall 0.0000 - f1 0.0000 
INFO:root:VALID measures@10 for class 1 - precision 0.2000 - recall 0.0056 - f1 0.0110 
INFO:root:VALID measures@100 microavg - precision 0.5300 - recall 0.0000 - f1 0.0001 
INFO:root:VALID measures@100 for class 0 - precision 1.0000 - recall 0.0000 - f1 0.0001 
INFO:root:VALID measures@100 for class 1 - precision 0.0600 - recall 0.0169 - f1 0.0264 
INFO:root:VALID measures@1000 microavg - precision 0.5359 - recall 0.0003 - f1 0.0006 
INFO:root:VALID measures@1000 for class 0 - precision 0.9997 - recall 0.0003 - f1 0.0006 
INFO:root:VALID measures@1000 for class 1 - precision 0.0322 - recall 0.0836 - f1 0.0465 
INFO:root:VALID Total epoch time: 7.525055745005375
INFO:root:################ TRAIN epoch 15 ###################
INFO:root:TRAIN mean losses tensor(0.0437, device='cuda:0')
INFO:root:TRAIN mean errors 0.03580357879400253
INFO:root:TRAIN mean MRR 0.0 - mean MAP 0.08069518953561783
INFO:root:TRAIN tp {0: tensor(224586, device='cuda:0'), 1: tensor(631, device='cuda:0')},fn {0: tensor(4414, device='cuda:0'), 1: tensor(3949, device='cuda:0')},fp {0: tensor(3949, device='cuda:0'), 1: tensor(4414, device='cuda:0')}
INFO:root:TRAIN measures microavg - precision 0.9642 - recall 0.9642 - f1 0.9642 
INFO:root:TRAIN measures for class 0 - precision 0.9827 - recall 0.9807 - f1 0.9817 
INFO:root:TRAIN measures for class 1 - precision 0.1251 - recall 0.1378 - f1 0.1311 
INFO:root:TRAIN measures@10 microavg - precision 0.6842 - recall 0.0005 - f1 0.0010 
INFO:root:TRAIN measures@10 for class 0 - precision 1.0000 - recall 0.0004 - f1 0.0008 
INFO:root:TRAIN measures@10 for class 1 - precision 0.3333 - recall 0.0059 - f1 0.0116 
INFO:root:TRAIN measures@100 microavg - precision 0.6277 - recall 0.0045 - f1 0.0090 
INFO:root:TRAIN measures@100 for class 0 - precision 0.9978 - recall 0.0039 - f1 0.0078 
INFO:root:TRAIN measures@100 for class 1 - precision 0.2046 - recall 0.0352 - f1 0.0600 
INFO:root:TRAIN measures@1000 microavg - precision 0.7472 - recall 0.0402 - f1 0.0763 
INFO:root:TRAIN measures@1000 for class 0 - precision 0.9886 - recall 0.0389 - f1 0.0748 
INFO:root:TRAIN measures@1000 for class 1 - precision 0.1385 - recall 0.1079 - f1 0.1213 
INFO:root:TRAIN Total epoch time: 1.441536805999931
INFO:root:=> saved epoch checkpoint 'saved_models/EvolveGCN/uc_irv_mess-20250515_053202/epoch_16.pkl'
INFO:root:################ VALID epoch 15 ###################
INFO:root:VALID mean losses tensor(0.0113, device='cuda:0')
INFO:root:VALID mean errors 0.0005106019671075046
INFO:root:VALID mean MRR 0.06300384551286697 - mean MAP 0.010432109236717224
INFO:root:VALID tp {0: tensor(10812958, device='cuda:0'), 1: tensor(121, device='cuda:0')},fn {0: tensor(4581, device='cuda:0'), 1: tensor(943, device='cuda:0')},fp {0: tensor(943, device='cuda:0'), 1: tensor(4581, device='cuda:0')}
INFO:root:VALID measures microavg - precision 0.9995 - recall 0.9995 - f1 0.9995 
INFO:root:VALID measures for class 0 - precision 0.9999 - recall 0.9996 - f1 0.9997 
INFO:root:VALID measures for class 1 - precision 0.0257 - recall 0.1137 - f1 0.0420 
INFO:root:VALID measures@10 microavg - precision 0.6167 - recall 0.0000 - f1 0.0000 
INFO:root:VALID measures@10 for class 0 - precision 1.0000 - recall 0.0000 - f1 0.0000 
INFO:root:VALID measures@10 for class 1 - precision 0.2333 - recall 0.0066 - f1 0.0128 
INFO:root:VALID measures@100 microavg - precision 0.5367 - recall 0.0000 - f1 0.0001 
INFO:root:VALID measures@100 for class 0 - precision 1.0000 - recall 0.0000 - f1 0.0001 
INFO:root:VALID measures@100 for class 1 - precision 0.0733 - recall 0.0207 - f1 0.0323 
INFO:root:VALID measures@1000 microavg - precision 0.5357 - recall 0.0003 - f1 0.0006 
INFO:root:VALID measures@1000 for class 0 - precision 1.0000 - recall 0.0003 - f1 0.0006 
INFO:root:VALID measures@1000 for class 1 - precision 0.0339 - recall 0.0883 - f1 0.0490 
INFO:root:VALID Total epoch time: 7.5587788760021795
INFO:root:################ TRAIN epoch 16 ###################
INFO:root:TRAIN mean losses tensor(0.0437, device='cuda:0')
INFO:root:TRAIN mean errors 0.03690384328365326
INFO:root:TRAIN mean MRR 0.0 - mean MAP 0.08439848572015762
INFO:root:TRAIN tp {0: tensor(224318, device='cuda:0'), 1: tensor(642, device='cuda:0')},fn {0: tensor(4682, device='cuda:0'), 1: tensor(3938, device='cuda:0')},fp {0: tensor(3938, device='cuda:0'), 1: tensor(4682, device='cuda:0')}
INFO:root:TRAIN measures microavg - precision 0.9631 - recall 0.9631 - f1 0.9631 
INFO:root:TRAIN measures for class 0 - precision 0.9827 - recall 0.9796 - f1 0.9811 
INFO:root:TRAIN measures for class 1 - precision 0.1206 - recall 0.1402 - f1 0.1296 
INFO:root:TRAIN measures@10 microavg - precision 0.6667 - recall 0.0005 - f1 0.0010 
INFO:root:TRAIN measures@10 for class 0 - precision 0.9889 - recall 0.0004 - f1 0.0008 
INFO:root:TRAIN measures@10 for class 1 - precision 0.3086 - recall 0.0055 - f1 0.0107 
INFO:root:TRAIN measures@100 microavg - precision 0.6306 - recall 0.0046 - f1 0.0091 
INFO:root:TRAIN measures@100 for class 0 - precision 0.9922 - recall 0.0039 - f1 0.0078 
INFO:root:TRAIN measures@100 for class 1 - precision 0.2180 - recall 0.0376 - f1 0.0641 
INFO:root:TRAIN measures@1000 microavg - precision 0.7361 - recall 0.0401 - f1 0.0760 
INFO:root:TRAIN measures@1000 for class 0 - precision 0.9827 - recall 0.0386 - f1 0.0743 
INFO:root:TRAIN measures@1000 for class 1 - precision 0.1393 - recall 0.1131 - f1 0.1248 
INFO:root:TRAIN Total epoch time: 1.4782533590041567
INFO:root:=> saved epoch checkpoint 'saved_models/EvolveGCN/uc_irv_mess-20250515_053202/epoch_17.pkl'
INFO:root:################ VALID epoch 16 ###################
INFO:root:VALID mean losses tensor(0.0113, device='cuda:0')
INFO:root:VALID mean errors 0.0004565284471027553
INFO:root:VALID mean MRR 0.060084860771894455 - mean MAP 0.01025164220482111
INFO:root:VALID tp {0: tensor(10813556, device='cuda:0'), 1: tensor(108, device='cuda:0')},fn {0: tensor(3983, device='cuda:0'), 1: tensor(956, device='cuda:0')},fp {0: tensor(956, device='cuda:0'), 1: tensor(3983, device='cuda:0')}
INFO:root:VALID measures microavg - precision 0.9995 - recall 0.9995 - f1 0.9995 
INFO:root:VALID measures for class 0 - precision 0.9999 - recall 0.9996 - f1 0.9998 
INFO:root:VALID measures for class 1 - precision 0.0264 - recall 0.1015 - f1 0.0419 
INFO:root:VALID measures@10 microavg - precision 0.5833 - recall 0.0000 - f1 0.0000 
INFO:root:VALID measures@10 for class 0 - precision 1.0000 - recall 0.0000 - f1 0.0000 
INFO:root:VALID measures@10 for class 1 - precision 0.1667 - recall 0.0047 - f1 0.0091 
INFO:root:VALID measures@100 microavg - precision 0.5350 - recall 0.0000 - f1 0.0001 
INFO:root:VALID measures@100 for class 0 - precision 1.0000 - recall 0.0000 - f1 0.0001 
INFO:root:VALID measures@100 for class 1 - precision 0.0700 - recall 0.0197 - f1 0.0308 
INFO:root:VALID measures@1000 microavg - precision 0.5456 - recall 0.0003 - f1 0.0006 
INFO:root:VALID measures@1000 for class 0 - precision 1.0000 - recall 0.0003 - f1 0.0006 
INFO:root:VALID measures@1000 for class 1 - precision 0.0334 - recall 0.0836 - f1 0.0478 
INFO:root:VALID Total epoch time: 7.602192857011687
INFO:root:################ TRAIN epoch 17 ###################
INFO:root:TRAIN mean losses tensor(0.0436, device='cuda:0')
INFO:root:TRAIN mean errors 0.03872762992978096
INFO:root:TRAIN mean MRR 0.0 - mean MAP 0.08628515154123306
INFO:root:TRAIN tp {0: tensor(223833, device='cuda:0'), 1: tensor(701, device='cuda:0')},fn {0: tensor(5167, device='cuda:0'), 1: tensor(3879, device='cuda:0')},fp {0: tensor(3879, device='cuda:0'), 1: tensor(5167, device='cuda:0')}
INFO:root:TRAIN measures microavg - precision 0.9613 - recall 0.9613 - f1 0.9613 
INFO:root:TRAIN measures for class 0 - precision 0.9830 - recall 0.9774 - f1 0.9802 
INFO:root:TRAIN measures for class 1 - precision 0.1195 - recall 0.1531 - f1 0.1342 
INFO:root:TRAIN measures@10 microavg - precision 0.6765 - recall 0.0005 - f1 0.0010 
INFO:root:TRAIN measures@10 for class 0 - precision 1.0000 - recall 0.0004 - f1 0.0008 
INFO:root:TRAIN measures@10 for class 1 - precision 0.3125 - recall 0.0055 - f1 0.0107 
INFO:root:TRAIN measures@100 microavg - precision 0.6335 - recall 0.0046 - f1 0.0092 
INFO:root:TRAIN measures@100 for class 0 - precision 0.9944 - recall 0.0039 - f1 0.0078 
INFO:root:TRAIN measures@100 for class 1 - precision 0.2275 - recall 0.0397 - f1 0.0677 
INFO:root:TRAIN measures@1000 microavg - precision 0.7120 - recall 0.0406 - f1 0.0768 
INFO:root:TRAIN measures@1000 for class 0 - precision 0.9886 - recall 0.0389 - f1 0.0748 
INFO:root:TRAIN measures@1000 for class 1 - precision 0.1349 - recall 0.1271 - f1 0.1309 
INFO:root:TRAIN Total epoch time: 1.4678599359904183
INFO:root:=> saved epoch checkpoint 'saved_models/EvolveGCN/uc_irv_mess-20250515_053202/epoch_18.pkl'
INFO:root:################ VALID epoch 17 ###################
INFO:root:VALID mean losses tensor(0.0112, device='cuda:0')
INFO:root:VALID mean errors 0.00045347813284024596
INFO:root:VALID mean MRR 0.06462693959474564 - mean MAP 0.010487443767488003
INFO:root:VALID tp {0: tensor(10813591, device='cuda:0'), 1: tensor(106, device='cuda:0')},fn {0: tensor(3948, device='cuda:0'), 1: tensor(958, device='cuda:0')},fp {0: tensor(958, device='cuda:0'), 1: tensor(3948, device='cuda:0')}
INFO:root:VALID measures microavg - precision 0.9995 - recall 0.9995 - f1 0.9995 
INFO:root:VALID measures for class 0 - precision 0.9999 - recall 0.9996 - f1 0.9998 
INFO:root:VALID measures for class 1 - precision 0.0261 - recall 0.0996 - f1 0.0414 
INFO:root:VALID measures@10 microavg - precision 0.5833 - recall 0.0000 - f1 0.0000 
INFO:root:VALID measures@10 for class 0 - precision 1.0000 - recall 0.0000 - f1 0.0000 
INFO:root:VALID measures@10 for class 1 - precision 0.1667 - recall 0.0047 - f1 0.0091 
INFO:root:VALID measures@100 microavg - precision 0.5383 - recall 0.0000 - f1 0.0001 
INFO:root:VALID measures@100 for class 0 - precision 1.0000 - recall 0.0000 - f1 0.0001 
INFO:root:VALID measures@100 for class 1 - precision 0.0767 - recall 0.0216 - f1 0.0337 
INFO:root:VALID measures@1000 microavg - precision 0.5507 - recall 0.0003 - f1 0.0006 
INFO:root:VALID measures@1000 for class 0 - precision 1.0000 - recall 0.0003 - f1 0.0006 
INFO:root:VALID measures@1000 for class 1 - precision 0.0330 - recall 0.0808 - f1 0.0469 
INFO:root:VALID Total epoch time: 7.64378601500357
INFO:root:################ TRAIN epoch 18 ###################
INFO:root:TRAIN mean losses tensor(0.0436, device='cuda:0')
INFO:root:TRAIN mean errors 0.0366983488202095
INFO:root:TRAIN mean MRR 0.0 - mean MAP 0.09113709628582001
INFO:root:TRAIN tp {0: tensor(224357, device='cuda:0'), 1: tensor(651, device='cuda:0')},fn {0: tensor(4643, device='cuda:0'), 1: tensor(3929, device='cuda:0')},fp {0: tensor(3929, device='cuda:0'), 1: tensor(4643, device='cuda:0')}
INFO:root:TRAIN measures microavg - precision 0.9633 - recall 0.9633 - f1 0.9633 
INFO:root:TRAIN measures for class 0 - precision 0.9828 - recall 0.9797 - f1 0.9813 
INFO:root:TRAIN measures for class 1 - precision 0.1230 - recall 0.1421 - f1 0.1319 
INFO:root:TRAIN measures@10 microavg - precision 0.6765 - recall 0.0005 - f1 0.0010 
INFO:root:TRAIN measures@10 for class 0 - precision 1.0000 - recall 0.0004 - f1 0.0008 
INFO:root:TRAIN measures@10 for class 1 - precision 0.3125 - recall 0.0055 - f1 0.0107 
INFO:root:TRAIN measures@100 microavg - precision 0.6360 - recall 0.0046 - f1 0.0092 
INFO:root:TRAIN measures@100 for class 0 - precision 0.9922 - recall 0.0039 - f1 0.0078 
INFO:root:TRAIN measures@100 for class 1 - precision 0.2327 - recall 0.0404 - f1 0.0688 
INFO:root:TRAIN measures@1000 microavg - precision 0.7219 - recall 0.0404 - f1 0.0766 
INFO:root:TRAIN measures@1000 for class 0 - precision 0.9880 - recall 0.0388 - f1 0.0747 
INFO:root:TRAIN measures@1000 for class 1 - precision 0.1352 - recall 0.1205 - f1 0.1274 
INFO:root:TRAIN Total epoch time: 1.4486487800022587
INFO:root:=> saved epoch checkpoint 'saved_models/EvolveGCN/uc_irv_mess-20250515_053202/epoch_19.pkl'
INFO:root:################ VALID epoch 18 ###################
INFO:root:VALID mean losses tensor(0.0110, device='cuda:0')
INFO:root:VALID mean errors 0.000557927880436182
INFO:root:VALID mean MRR 0.07774970680475235 - mean MAP 0.01139029674232006
INFO:root:VALID tp {0: tensor(10812443, device='cuda:0'), 1: tensor(124, device='cuda:0')},fn {0: tensor(5096, device='cuda:0'), 1: tensor(940, device='cuda:0')},fp {0: tensor(940, device='cuda:0'), 1: tensor(5096, device='cuda:0')}
INFO:root:VALID measures microavg - precision 0.9994 - recall 0.9994 - f1 0.9994 
INFO:root:VALID measures for class 0 - precision 0.9999 - recall 0.9995 - f1 0.9997 
INFO:root:VALID measures for class 1 - precision 0.0238 - recall 0.1165 - f1 0.0395 
INFO:root:VALID measures@10 microavg - precision 0.6000 - recall 0.0000 - f1 0.0000 
INFO:root:VALID measures@10 for class 0 - precision 1.0000 - recall 0.0000 - f1 0.0000 
INFO:root:VALID measures@10 for class 1 - precision 0.2000 - recall 0.0056 - f1 0.0110 
INFO:root:VALID measures@100 microavg - precision 0.5433 - recall 0.0000 - f1 0.0001 
INFO:root:VALID measures@100 for class 0 - precision 1.0000 - recall 0.0000 - f1 0.0001 
INFO:root:VALID measures@100 for class 1 - precision 0.0867 - recall 0.0244 - f1 0.0381 
INFO:root:VALID measures@1000 microavg - precision 0.5218 - recall 0.0003 - f1 0.0006 
INFO:root:VALID measures@1000 for class 0 - precision 1.0000 - recall 0.0003 - f1 0.0006 
INFO:root:VALID measures@1000 for class 1 - precision 0.0321 - recall 0.0883 - f1 0.0471 
INFO:root:VALID Total epoch time: 7.546158676006598
INFO:root:################ TRAIN epoch 19 ###################
INFO:root:TRAIN mean losses tensor(0.0436, device='cuda:0')
INFO:root:TRAIN mean errors 0.034964464604854584
INFO:root:TRAIN mean MRR 0.0 - mean MAP 0.0958099290728569
INFO:root:TRAIN tp {0: tensor(224794, device='cuda:0'), 1: tensor(619, device='cuda:0')},fn {0: tensor(4206, device='cuda:0'), 1: tensor(3961, device='cuda:0')},fp {0: tensor(3961, device='cuda:0'), 1: tensor(4206, device='cuda:0')}
INFO:root:TRAIN measures microavg - precision 0.9650 - recall 0.9650 - f1 0.9650 
INFO:root:TRAIN measures for class 0 - precision 0.9827 - recall 0.9816 - f1 0.9822 
INFO:root:TRAIN measures for class 1 - precision 0.1283 - recall 0.1352 - f1 0.1316 
INFO:root:TRAIN measures@10 microavg - precision 0.6552 - recall 0.0005 - f1 0.0010 
INFO:root:TRAIN measures@10 for class 0 - precision 1.0000 - recall 0.0004 - f1 0.0008 
INFO:root:TRAIN measures@10 for class 1 - precision 0.2857 - recall 0.0052 - f1 0.0103 
INFO:root:TRAIN measures@100 microavg - precision 0.6473 - recall 0.0046 - f1 0.0092 
INFO:root:TRAIN measures@100 for class 0 - precision 0.9911 - recall 0.0039 - f1 0.0078 
INFO:root:TRAIN measures@100 for class 1 - precision 0.2455 - recall 0.0413 - f1 0.0707 
INFO:root:TRAIN measures@1000 microavg - precision 0.7554 - recall 0.0402 - f1 0.0764 
INFO:root:TRAIN measures@1000 for class 0 - precision 0.9871 - recall 0.0388 - f1 0.0747 
INFO:root:TRAIN measures@1000 for class 1 - precision 0.1494 - recall 0.1122 - f1 0.1282 
INFO:root:TRAIN Total epoch time: 1.409326886991039
INFO:root:=> saved epoch checkpoint 'saved_models/EvolveGCN/uc_irv_mess-20250515_053202/epoch_20.pkl'
INFO:root:################ VALID epoch 19 ###################
INFO:root:VALID mean losses tensor(0.0114, device='cuda:0')
INFO:root:VALID mean errors 0.001160408603027463
INFO:root:VALID mean MRR 0.07893432676792145 - mean MAP 0.010107699781656265
INFO:root:VALID tp {0: tensor(10805893, device='cuda:0'), 1: tensor(156, device='cuda:0')},fn {0: tensor(11646, device='cuda:0'), 1: tensor(908, device='cuda:0')},fp {0: tensor(908, device='cuda:0'), 1: tensor(11646, device='cuda:0')}
INFO:root:VALID measures microavg - precision 0.9988 - recall 0.9988 - f1 0.9988 
INFO:root:VALID measures for class 0 - precision 0.9999 - recall 0.9989 - f1 0.9994 
INFO:root:VALID measures for class 1 - precision 0.0132 - recall 0.1466 - f1 0.0242 
INFO:root:VALID measures@10 microavg - precision 0.5667 - recall 0.0000 - f1 0.0000 
INFO:root:VALID measures@10 for class 0 - precision 1.0000 - recall 0.0000 - f1 0.0000 
INFO:root:VALID measures@10 for class 1 - precision 0.1333 - recall 0.0038 - f1 0.0073 
INFO:root:VALID measures@100 microavg - precision 0.5383 - recall 0.0000 - f1 0.0001 
INFO:root:VALID measures@100 for class 0 - precision 1.0000 - recall 0.0000 - f1 0.0001 
INFO:root:VALID measures@100 for class 1 - precision 0.0767 - recall 0.0216 - f1 0.0337 
INFO:root:VALID measures@1000 microavg - precision 0.5157 - recall 0.0003 - f1 0.0006 
INFO:root:VALID measures@1000 for class 0 - precision 1.0000 - recall 0.0003 - f1 0.0006 
INFO:root:VALID measures@1000 for class 1 - precision 0.0313 - recall 0.0883 - f1 0.0463 
INFO:root:VALID Total epoch time: 7.660680325003341
INFO:root:################ TRAIN epoch 20 ###################
INFO:root:TRAIN mean losses tensor(0.0437, device='cuda:0')
INFO:root:TRAIN mean errors 0.03513143211603165
INFO:root:TRAIN mean MRR 0.0 - mean MAP 0.09971728175878525
INFO:root:TRAIN tp {0: tensor(224788, device='cuda:0'), 1: tensor(586, device='cuda:0')},fn {0: tensor(4212, device='cuda:0'), 1: tensor(3994, device='cuda:0')},fp {0: tensor(3994, device='cuda:0'), 1: tensor(4212, device='cuda:0')}
INFO:root:TRAIN measures microavg - precision 0.9649 - recall 0.9649 - f1 0.9649 
INFO:root:TRAIN measures for class 0 - precision 0.9825 - recall 0.9816 - f1 0.9821 
INFO:root:TRAIN measures for class 1 - precision 0.1221 - recall 0.1279 - f1 0.1250 
INFO:root:TRAIN measures@10 microavg - precision 0.7000 - recall 0.0005 - f1 0.0011 
INFO:root:TRAIN measures@10 for class 0 - precision 1.0000 - recall 0.0004 - f1 0.0008 
INFO:root:TRAIN measures@10 for class 1 - precision 0.4000 - recall 0.0079 - f1 0.0154 
INFO:root:TRAIN measures@100 microavg - precision 0.6807 - recall 0.0047 - f1 0.0092 
INFO:root:TRAIN measures@100 for class 0 - precision 0.9944 - recall 0.0039 - f1 0.0078 
INFO:root:TRAIN measures@100 for class 1 - precision 0.2755 - recall 0.0419 - f1 0.0728 
INFO:root:TRAIN measures@1000 microavg - precision 0.7929 - recall 0.0401 - f1 0.0763 
INFO:root:TRAIN measures@1000 for class 0 - precision 0.9922 - recall 0.0390 - f1 0.0750 
INFO:root:TRAIN measures@1000 for class 1 - precision 0.1524 - recall 0.0932 - f1 0.1157 
INFO:root:TRAIN Total epoch time: 1.385567496996373
INFO:root:=> saved epoch checkpoint 'saved_models/EvolveGCN/uc_irv_mess-20250515_053202/epoch_21.pkl'
INFO:root:################ VALID epoch 20 ###################
INFO:root:VALID mean losses tensor(0.0125, device='cuda:0')
INFO:root:VALID mean errors 0.0006360340630635619
INFO:root:VALID mean MRR 0.06346697360277176 - mean MAP 0.006407799199223518
INFO:root:VALID tp {0: tensor(10811637, device='cuda:0'), 1: tensor(85, device='cuda:0')},fn {0: tensor(5902, device='cuda:0'), 1: tensor(979, device='cuda:0')},fp {0: tensor(979, device='cuda:0'), 1: tensor(5902, device='cuda:0')}
INFO:root:VALID measures microavg - precision 0.9994 - recall 0.9994 - f1 0.9994 
INFO:root:VALID measures for class 0 - precision 0.9999 - recall 0.9995 - f1 0.9997 
INFO:root:VALID measures for class 1 - precision 0.0142 - recall 0.0799 - f1 0.0241 
INFO:root:VALID measures@10 microavg - precision 0.5833 - recall 0.0000 - f1 0.0000 
INFO:root:VALID measures@10 for class 0 - precision 1.0000 - recall 0.0000 - f1 0.0000 
INFO:root:VALID measures@10 for class 1 - precision 0.1667 - recall 0.0047 - f1 0.0091 
INFO:root:VALID measures@100 microavg - precision 0.5300 - recall 0.0000 - f1 0.0001 
INFO:root:VALID measures@100 for class 0 - precision 1.0000 - recall 0.0000 - f1 0.0001 
INFO:root:VALID measures@100 for class 1 - precision 0.0600 - recall 0.0169 - f1 0.0264 
INFO:root:VALID measures@1000 microavg - precision 0.5666 - recall 0.0003 - f1 0.0006 
INFO:root:VALID measures@1000 for class 0 - precision 1.0000 - recall 0.0003 - f1 0.0006 
INFO:root:VALID measures@1000 for class 1 - precision 0.0246 - recall 0.0555 - f1 0.0341 
INFO:root:VALID Total epoch time: 7.452643138996791
INFO:root:################ TRAIN epoch 21 ###################
INFO:root:TRAIN mean losses tensor(0.0435, device='cuda:0')
INFO:root:TRAIN mean errors 0.0397765226662159
INFO:root:TRAIN mean MRR 0.0 - mean MAP 0.10020776093006134
INFO:root:TRAIN tp {0: tensor(223556, device='cuda:0'), 1: tensor(733, device='cuda:0')},fn {0: tensor(5444, device='cuda:0'), 1: tensor(3847, device='cuda:0')},fp {0: tensor(3847, device='cuda:0'), 1: tensor(5444, device='cuda:0')}
INFO:root:TRAIN measures microavg - precision 0.9602 - recall 0.9602 - f1 0.9602 
INFO:root:TRAIN measures for class 0 - precision 0.9831 - recall 0.9762 - f1 0.9796 
INFO:root:TRAIN measures for class 1 - precision 0.1187 - recall 0.1600 - f1 0.1363 
INFO:root:TRAIN measures@10 microavg - precision 0.7247 - recall 0.0006 - f1 0.0011 
INFO:root:TRAIN measures@10 for class 0 - precision 1.0000 - recall 0.0004 - f1 0.0008 
INFO:root:TRAIN measures@10 for class 1 - precision 0.4432 - recall 0.0085 - f1 0.0167 
INFO:root:TRAIN measures@100 microavg - precision 0.6364 - recall 0.0047 - f1 0.0092 
INFO:root:TRAIN measures@100 for class 0 - precision 0.9867 - recall 0.0039 - f1 0.0077 
INFO:root:TRAIN measures@100 for class 1 - precision 0.2463 - recall 0.0434 - f1 0.0739 
INFO:root:TRAIN measures@1000 microavg - precision 0.6999 - recall 0.0407 - f1 0.0769 
INFO:root:TRAIN measures@1000 for class 0 - precision 0.9900 - recall 0.0389 - f1 0.0749 
INFO:root:TRAIN measures@1000 for class 1 - precision 0.1295 - recall 0.1295 - f1 0.1295 
INFO:root:TRAIN Total epoch time: 1.418086855992442
INFO:root:=> saved epoch checkpoint 'saved_models/EvolveGCN/uc_irv_mess-20250515_053202/epoch_22.pkl'
INFO:root:################ VALID epoch 21 ###################
INFO:root:VALID mean losses tensor(0.0113, device='cuda:0')
INFO:root:VALID mean errors 0.0005562640726566315
INFO:root:VALID mean MRR 0.0696919783949852 - mean MAP 0.010215597227215767
INFO:root:VALID tp {0: tensor(10812461, device='cuda:0'), 1: tensor(124, device='cuda:0')},fn {0: tensor(5078, device='cuda:0'), 1: tensor(940, device='cuda:0')},fp {0: tensor(940, device='cuda:0'), 1: tensor(5078, device='cuda:0')}
INFO:root:VALID measures microavg - precision 0.9994 - recall 0.9994 - f1 0.9994 
INFO:root:VALID measures for class 0 - precision 0.9999 - recall 0.9995 - f1 0.9997 
INFO:root:VALID measures for class 1 - precision 0.0238 - recall 0.1165 - f1 0.0396 
INFO:root:VALID measures@10 microavg - precision 0.5667 - recall 0.0000 - f1 0.0000 
INFO:root:VALID measures@10 for class 0 - precision 1.0000 - recall 0.0000 - f1 0.0000 
INFO:root:VALID measures@10 for class 1 - precision 0.1333 - recall 0.0038 - f1 0.0073 
INFO:root:VALID measures@100 microavg - precision 0.5367 - recall 0.0000 - f1 0.0001 
INFO:root:VALID measures@100 for class 0 - precision 1.0000 - recall 0.0000 - f1 0.0001 
INFO:root:VALID measures@100 for class 1 - precision 0.0733 - recall 0.0207 - f1 0.0323 
INFO:root:VALID measures@1000 microavg - precision 0.5218 - recall 0.0003 - f1 0.0006 
INFO:root:VALID measures@1000 for class 0 - precision 1.0000 - recall 0.0003 - f1 0.0006 
INFO:root:VALID measures@1000 for class 1 - precision 0.0305 - recall 0.0836 - f1 0.0447 
INFO:root:VALID Total epoch time: 7.394396999996388
INFO:root:################ TRAIN epoch 22 ###################
INFO:root:TRAIN mean losses tensor(0.0434, device='cuda:0')
INFO:root:TRAIN mean errors 0.03563233092427254
INFO:root:TRAIN mean MRR 0.0 - mean MAP 0.10039688646793365
INFO:root:TRAIN tp {0: tensor(224580, device='cuda:0'), 1: tensor(677, device='cuda:0')},fn {0: tensor(4420, device='cuda:0'), 1: tensor(3903, device='cuda:0')},fp {0: tensor(3903, device='cuda:0'), 1: tensor(4420, device='cuda:0')}
INFO:root:TRAIN measures microavg - precision 0.9644 - recall 0.9644 - f1 0.9644 
INFO:root:TRAIN measures for class 0 - precision 0.9829 - recall 0.9807 - f1 0.9818 
INFO:root:TRAIN measures for class 1 - precision 0.1328 - recall 0.1478 - f1 0.1399 
INFO:root:TRAIN measures@10 microavg - precision 0.7159 - recall 0.0005 - f1 0.0011 
INFO:root:TRAIN measures@10 for class 0 - precision 1.0000 - recall 0.0004 - f1 0.0008 
INFO:root:TRAIN measures@10 for class 1 - precision 0.4186 - recall 0.0079 - f1 0.0154 
INFO:root:TRAIN measures@100 microavg - precision 0.6534 - recall 0.0048 - f1 0.0095 
INFO:root:TRAIN measures@100 for class 0 - precision 0.9933 - recall 0.0039 - f1 0.0078 
INFO:root:TRAIN measures@100 for class 1 - precision 0.2733 - recall 0.0480 - f1 0.0817 
INFO:root:TRAIN measures@1000 microavg - precision 0.7288 - recall 0.0404 - f1 0.0766 
INFO:root:TRAIN measures@1000 for class 0 - precision 0.9847 - recall 0.0387 - f1 0.0745 
INFO:root:TRAIN measures@1000 for class 1 - precision 0.1454 - recall 0.1253 - f1 0.1346 
INFO:root:TRAIN Total epoch time: 1.4060781320004025
INFO:root:=> saved epoch checkpoint 'saved_models/EvolveGCN/uc_irv_mess-20250515_053202/epoch_23.pkl'
INFO:root:################ VALID epoch 22 ###################
INFO:root:VALID mean losses tensor(0.0111, device='cuda:0')
INFO:root:VALID mean errors 0.0012379601830616593
INFO:root:VALID mean MRR 0.07988619059324265 - mean MAP 0.008620167151093483
INFO:root:VALID tp {0: tensor(10805063, device='cuda:0'), 1: tensor(147, device='cuda:0')},fn {0: tensor(12476, device='cuda:0'), 1: tensor(917, device='cuda:0')},fp {0: tensor(917, device='cuda:0'), 1: tensor(12476, device='cuda:0')}
INFO:root:VALID measures microavg - precision 0.9988 - recall 0.9988 - f1 0.9988 
INFO:root:VALID measures for class 0 - precision 0.9999 - recall 0.9988 - f1 0.9994 
INFO:root:VALID measures for class 1 - precision 0.0116 - recall 0.1382 - f1 0.0215 
INFO:root:VALID measures@10 microavg - precision 0.6000 - recall 0.0000 - f1 0.0000 
INFO:root:VALID measures@10 for class 0 - precision 1.0000 - recall 0.0000 - f1 0.0000 
INFO:root:VALID measures@10 for class 1 - precision 0.2000 - recall 0.0056 - f1 0.0110 
INFO:root:VALID measures@100 microavg - precision 0.5417 - recall 0.0000 - f1 0.0001 
INFO:root:VALID measures@100 for class 0 - precision 1.0000 - recall 0.0000 - f1 0.0001 
INFO:root:VALID measures@100 for class 1 - precision 0.0833 - recall 0.0235 - f1 0.0367 
INFO:root:VALID measures@1000 microavg - precision 0.5155 - recall 0.0003 - f1 0.0006 
INFO:root:VALID measures@1000 for class 0 - precision 1.0000 - recall 0.0003 - f1 0.0006 
INFO:root:VALID measures@1000 for class 1 - precision 0.0310 - recall 0.0874 - f1 0.0458 
INFO:root:VALID Total epoch time: 7.34767261199886
INFO:root:################ TRAIN epoch 23 ###################
INFO:root:TRAIN mean losses tensor(0.0434, device='cuda:0')
INFO:root:TRAIN mean errors 0.033966951072216034
INFO:root:TRAIN mean MRR 0.0 - mean MAP 0.10418076813220978
INFO:root:TRAIN tp {0: tensor(224943, device='cuda:0'), 1: tensor(703, device='cuda:0')},fn {0: tensor(4057, device='cuda:0'), 1: tensor(3877, device='cuda:0')},fp {0: tensor(3877, device='cuda:0'), 1: tensor(4057, device='cuda:0')}
INFO:root:TRAIN measures microavg - precision 0.9660 - recall 0.9660 - f1 0.9660 
INFO:root:TRAIN measures for class 0 - precision 0.9831 - recall 0.9823 - f1 0.9827 
INFO:root:TRAIN measures for class 1 - precision 0.1477 - recall 0.1535 - f1 0.1505 
INFO:root:TRAIN measures@10 microavg - precision 0.6611 - recall 0.0005 - f1 0.0010 
INFO:root:TRAIN measures@10 for class 0 - precision 0.9667 - recall 0.0004 - f1 0.0008 
INFO:root:TRAIN measures@10 for class 1 - precision 0.3556 - recall 0.0070 - f1 0.0137 
INFO:root:TRAIN measures@100 microavg - precision 0.6565 - recall 0.0047 - f1 0.0094 
INFO:root:TRAIN measures@100 for class 0 - precision 0.9900 - recall 0.0039 - f1 0.0078 
INFO:root:TRAIN measures@100 for class 1 - precision 0.2718 - recall 0.0463 - f1 0.0791 
INFO:root:TRAIN measures@1000 microavg - precision 0.7764 - recall 0.0406 - f1 0.0771 
INFO:root:TRAIN measures@1000 for class 0 - precision 0.9881 - recall 0.0388 - f1 0.0747 
INFO:root:TRAIN measures@1000 for class 1 - precision 0.1816 - recall 0.1271 - f1 0.1495 
INFO:root:TRAIN Total epoch time: 1.3510542269941652
INFO:root:=> saved epoch checkpoint 'saved_models/EvolveGCN/uc_irv_mess-20250515_053202/epoch_24.pkl'
INFO:root:################ VALID epoch 23 ###################
INFO:root:VALID mean losses tensor(0.0106, device='cuda:0')
INFO:root:VALID mean errors 0.0016287685139104724
INFO:root:VALID mean MRR 0.07963165640830994 - mean MAP 0.008154119364917278
INFO:root:VALID tp {0: tensor(10800830, device='cuda:0'), 1: tensor(152, device='cuda:0')},fn {0: tensor(16709, device='cuda:0'), 1: tensor(912, device='cuda:0')},fp {0: tensor(912, device='cuda:0'), 1: tensor(16709, device='cuda:0')}
INFO:root:VALID measures microavg - precision 0.9984 - recall 0.9984 - f1 0.9984 
INFO:root:VALID measures for class 0 - precision 0.9999 - recall 0.9985 - f1 0.9992 
INFO:root:VALID measures for class 1 - precision 0.0090 - recall 0.1429 - f1 0.0170 
INFO:root:VALID measures@10 microavg - precision 0.6000 - recall 0.0000 - f1 0.0000 
INFO:root:VALID measures@10 for class 0 - precision 1.0000 - recall 0.0000 - f1 0.0000 
INFO:root:VALID measures@10 for class 1 - precision 0.2000 - recall 0.0056 - f1 0.0110 
INFO:root:VALID measures@100 microavg - precision 0.5433 - recall 0.0000 - f1 0.0001 
INFO:root:VALID measures@100 for class 0 - precision 1.0000 - recall 0.0000 - f1 0.0001 
INFO:root:VALID measures@100 for class 1 - precision 0.0867 - recall 0.0244 - f1 0.0381 
INFO:root:VALID measures@1000 microavg - precision 0.5169 - recall 0.0003 - f1 0.0006 
INFO:root:VALID measures@1000 for class 0 - precision 1.0000 - recall 0.0003 - f1 0.0006 
INFO:root:VALID measures@1000 for class 1 - precision 0.0283 - recall 0.0789 - f1 0.0417 
INFO:root:VALID Total epoch time: 7.3632048049912555
INFO:root:################ TRAIN epoch 24 ###################
INFO:root:TRAIN mean losses tensor(0.0433, device='cuda:0')
INFO:root:TRAIN mean errors 0.035469647496938705
INFO:root:TRAIN mean MRR 0.0 - mean MAP 0.10925324261188507
INFO:root:TRAIN tp {0: tensor(224567, device='cuda:0'), 1: tensor(728, device='cuda:0')},fn {0: tensor(4433, device='cuda:0'), 1: tensor(3852, device='cuda:0')},fp {0: tensor(3852, device='cuda:0'), 1: tensor(4433, device='cuda:0')}
INFO:root:TRAIN measures microavg - precision 0.9645 - recall 0.9645 - f1 0.9645 
INFO:root:TRAIN measures for class 0 - precision 0.9831 - recall 0.9806 - f1 0.9819 
INFO:root:TRAIN measures for class 1 - precision 0.1411 - recall 0.1590 - f1 0.1495 
INFO:root:TRAIN measures@10 microavg - precision 0.7330 - recall 0.0006 - f1 0.0011 
INFO:root:TRAIN measures@10 for class 0 - precision 1.0000 - recall 0.0004 - f1 0.0008 
INFO:root:TRAIN measures@10 for class 1 - precision 0.4535 - recall 0.0085 - f1 0.0167 
INFO:root:TRAIN measures@100 microavg - precision 0.6816 - recall 0.0049 - f1 0.0097 
INFO:root:TRAIN measures@100 for class 0 - precision 0.9911 - recall 0.0039 - f1 0.0078 
INFO:root:TRAIN measures@100 for class 1 - precision 0.3217 - recall 0.0544 - f1 0.0930 
INFO:root:TRAIN measures@1000 microavg - precision 0.7828 - recall 0.0405 - f1 0.0770 
INFO:root:TRAIN measures@1000 for class 0 - precision 0.9873 - recall 0.0388 - f1 0.0747 
INFO:root:TRAIN measures@1000 for class 1 - precision 0.1855 - recall 0.1249 - f1 0.1493 
INFO:root:TRAIN Total epoch time: 1.4163542820024304
INFO:root:=> saved epoch checkpoint 'saved_models/EvolveGCN/uc_irv_mess-20250515_053202/epoch_25.pkl'
INFO:root:################ VALID epoch 24 ###################
INFO:root:VALID mean losses tensor(0.0122, device='cuda:0')
INFO:root:VALID mean errors 0.001800879486836493
INFO:root:VALID mean MRR 0.07953251153230667 - mean MAP 0.006535419728606939
INFO:root:VALID tp {0: tensor(10798991, device='cuda:0'), 1: tensor(129, device='cuda:0')},fn {0: tensor(18548, device='cuda:0'), 1: tensor(935, device='cuda:0')},fp {0: tensor(935, device='cuda:0'), 1: tensor(18548, device='cuda:0')}
INFO:root:VALID measures microavg - precision 0.9982 - recall 0.9982 - f1 0.9982 
INFO:root:VALID measures for class 0 - precision 0.9999 - recall 0.9983 - f1 0.9991 
INFO:root:VALID measures for class 1 - precision 0.0069 - recall 0.1212 - f1 0.0131 
INFO:root:VALID measures@10 microavg - precision 0.6000 - recall 0.0000 - f1 0.0000 
INFO:root:VALID measures@10 for class 0 - precision 1.0000 - recall 0.0000 - f1 0.0000 
INFO:root:VALID measures@10 for class 1 - precision 0.2000 - recall 0.0056 - f1 0.0110 
INFO:root:VALID measures@100 microavg - precision 0.5367 - recall 0.0000 - f1 0.0001 
INFO:root:VALID measures@100 for class 0 - precision 1.0000 - recall 0.0000 - f1 0.0001 
INFO:root:VALID measures@100 for class 1 - precision 0.0733 - recall 0.0207 - f1 0.0323 
INFO:root:VALID measures@1000 microavg - precision 0.5121 - recall 0.0003 - f1 0.0006 
INFO:root:VALID measures@1000 for class 0 - precision 1.0000 - recall 0.0003 - f1 0.0006 
INFO:root:VALID measures@1000 for class 1 - precision 0.0198 - recall 0.0555 - f1 0.0292 
INFO:root:VALID Total epoch time: 7.525433408998651
INFO:root:################ TRAIN epoch 25 ###################
INFO:root:TRAIN mean losses tensor(0.0432, device='cuda:0')
INFO:root:TRAIN mean errors 0.036274511367082596
INFO:root:TRAIN mean MRR 0.0 - mean MAP 0.11725568026304245
INFO:root:TRAIN tp {0: tensor(224294, device='cuda:0'), 1: tensor(813, device='cuda:0')},fn {0: tensor(4706, device='cuda:0'), 1: tensor(3767, device='cuda:0')},fp {0: tensor(3767, device='cuda:0'), 1: tensor(4706, device='cuda:0')}
INFO:root:TRAIN measures microavg - precision 0.9637 - recall 0.9637 - f1 0.9637 
INFO:root:TRAIN measures for class 0 - precision 0.9835 - recall 0.9794 - f1 0.9815 
INFO:root:TRAIN measures for class 1 - precision 0.1473 - recall 0.1775 - f1 0.1610 
INFO:root:TRAIN measures@10 microavg - precision 0.7556 - recall 0.0006 - f1 0.0012 
INFO:root:TRAIN measures@10 for class 0 - precision 0.9889 - recall 0.0004 - f1 0.0008 
INFO:root:TRAIN measures@10 for class 1 - precision 0.5222 - recall 0.0103 - f1 0.0201 
INFO:root:TRAIN measures@100 microavg - precision 0.6620 - recall 0.0050 - f1 0.0100 
INFO:root:TRAIN measures@100 for class 0 - precision 0.9856 - recall 0.0039 - f1 0.0077 
INFO:root:TRAIN measures@100 for class 1 - precision 0.3280 - recall 0.0624 - f1 0.1049 
INFO:root:TRAIN measures@1000 microavg - precision 0.7395 - recall 0.0408 - f1 0.0774 
INFO:root:TRAIN measures@1000 for class 0 - precision 0.9850 - recall 0.0387 - f1 0.0745 
INFO:root:TRAIN measures@1000 for class 1 - precision 0.1729 - recall 0.1472 - f1 0.1590 
INFO:root:TRAIN Total epoch time: 1.4519876170088537
INFO:root:=> saved epoch checkpoint 'saved_models/EvolveGCN/uc_irv_mess-20250515_053202/epoch_26.pkl'
INFO:root:################ VALID epoch 25 ###################
INFO:root:VALID mean losses tensor(0.0122, device='cuda:0')
INFO:root:VALID mean errors 0.0017554021906107664
INFO:root:VALID mean MRR 0.08111657947301865 - mean MAP 0.00861193984746933
INFO:root:VALID tp {0: tensor(10799461, device='cuda:0'), 1: tensor(151, device='cuda:0')},fn {0: tensor(18078, device='cuda:0'), 1: tensor(913, device='cuda:0')},fp {0: tensor(913, device='cuda:0'), 1: tensor(18078, device='cuda:0')}
INFO:root:VALID measures microavg - precision 0.9982 - recall 0.9982 - f1 0.9982 
INFO:root:VALID measures for class 0 - precision 0.9999 - recall 0.9983 - f1 0.9991 
INFO:root:VALID measures for class 1 - precision 0.0083 - recall 0.1419 - f1 0.0157 
INFO:root:VALID measures@10 microavg - precision 0.6167 - recall 0.0000 - f1 0.0000 
INFO:root:VALID measures@10 for class 0 - precision 1.0000 - recall 0.0000 - f1 0.0000 
INFO:root:VALID measures@10 for class 1 - precision 0.2333 - recall 0.0066 - f1 0.0128 
INFO:root:VALID measures@100 microavg - precision 0.5467 - recall 0.0000 - f1 0.0001 
INFO:root:VALID measures@100 for class 0 - precision 1.0000 - recall 0.0000 - f1 0.0001 
INFO:root:VALID measures@100 for class 1 - precision 0.0933 - recall 0.0263 - f1 0.0411 
INFO:root:VALID measures@1000 microavg - precision 0.5497 - recall 0.0003 - f1 0.0006 
INFO:root:VALID measures@1000 for class 0 - precision 1.0000 - recall 0.0003 - f1 0.0006 
INFO:root:VALID measures@1000 for class 1 - precision 0.0285 - recall 0.0695 - f1 0.0405 
INFO:root:VALID Total epoch time: 7.571907599995029
INFO:root:################ TRAIN epoch 26 ###################
INFO:root:TRAIN mean losses tensor(0.0431, device='cuda:0')
INFO:root:TRAIN mean errors 0.035752203315496445
INFO:root:TRAIN mean MRR 0.0 - mean MAP 0.11549415439367294
INFO:root:TRAIN tp {0: tensor(224391, device='cuda:0'), 1: tensor(838, device='cuda:0')},fn {0: tensor(4609, device='cuda:0'), 1: tensor(3742, device='cuda:0')},fp {0: tensor(3742, device='cuda:0'), 1: tensor(4609, device='cuda:0')}
INFO:root:TRAIN measures microavg - precision 0.9642 - recall 0.9642 - f1 0.9642 
INFO:root:TRAIN measures for class 0 - precision 0.9836 - recall 0.9799 - f1 0.9817 
INFO:root:TRAIN measures for class 1 - precision 0.1538 - recall 0.1830 - f1 0.1671 
INFO:root:TRAIN measures@10 microavg - precision 0.7056 - recall 0.0005 - f1 0.0011 
INFO:root:TRAIN measures@10 for class 0 - precision 0.9889 - recall 0.0004 - f1 0.0008 
INFO:root:TRAIN measures@10 for class 1 - precision 0.4222 - recall 0.0083 - f1 0.0163 
INFO:root:TRAIN measures@100 microavg - precision 0.6726 - recall 0.0050 - f1 0.0100 
INFO:root:TRAIN measures@100 for class 0 - precision 0.9878 - recall 0.0039 - f1 0.0077 
INFO:root:TRAIN measures@100 for class 1 - precision 0.3388 - recall 0.0629 - f1 0.1061 
INFO:root:TRAIN measures@1000 microavg - precision 0.7654 - recall 0.0409 - f1 0.0777 
INFO:root:TRAIN measures@1000 for class 0 - precision 0.9871 - recall 0.0388 - f1 0.0747 
INFO:root:TRAIN measures@1000 for class 1 - precision 0.1926 - recall 0.1465 - f1 0.1664 
INFO:root:TRAIN Total epoch time: 1.4389915470092092
INFO:root:=> saved epoch checkpoint 'saved_models/EvolveGCN/uc_irv_mess-20250515_053202/epoch_27.pkl'
INFO:root:################ VALID epoch 26 ###################
INFO:root:VALID mean losses tensor(0.0119, device='cuda:0')
INFO:root:VALID mean errors 0.0030390245374292135
INFO:root:VALID mean MRR 0.0814477875828743 - mean MAP 0.006307425908744335
INFO:root:VALID tp {0: tensor(10785580, device='cuda:0'), 1: tensor(145, device='cuda:0')},fn {0: tensor(31959, device='cuda:0'), 1: tensor(919, device='cuda:0')},fp {0: tensor(919, device='cuda:0'), 1: tensor(31959, device='cuda:0')}
INFO:root:VALID measures microavg - precision 0.9970 - recall 0.9970 - f1 0.9970 
INFO:root:VALID measures for class 0 - precision 0.9999 - recall 0.9970 - f1 0.9985 
INFO:root:VALID measures for class 1 - precision 0.0045 - recall 0.1363 - f1 0.0087 
INFO:root:VALID measures@10 microavg - precision 0.6000 - recall 0.0000 - f1 0.0000 
INFO:root:VALID measures@10 for class 0 - precision 1.0000 - recall 0.0000 - f1 0.0000 
INFO:root:VALID measures@10 for class 1 - precision 0.2000 - recall 0.0056 - f1 0.0110 
INFO:root:VALID measures@100 microavg - precision 0.5333 - recall 0.0000 - f1 0.0001 
INFO:root:VALID measures@100 for class 0 - precision 1.0000 - recall 0.0000 - f1 0.0001 
INFO:root:VALID measures@100 for class 1 - precision 0.0667 - recall 0.0188 - f1 0.0293 
INFO:root:VALID measures@1000 microavg - precision 0.5075 - recall 0.0003 - f1 0.0006 
INFO:root:VALID measures@1000 for class 0 - precision 1.0000 - recall 0.0003 - f1 0.0006 
INFO:root:VALID measures@1000 for class 1 - precision 0.0150 - recall 0.0423 - f1 0.0221 
INFO:root:VALID Total epoch time: 7.410622837996925
INFO:root:################ TRAIN epoch 27 ###################
INFO:root:TRAIN mean losses tensor(0.0429, device='cuda:0')
INFO:root:TRAIN mean errors 0.03424094617366791
INFO:root:TRAIN mean MRR 0.0 - mean MAP 0.12243625521659851
INFO:root:TRAIN tp {0: tensor(224756, device='cuda:0'), 1: tensor(826, device='cuda:0')},fn {0: tensor(4244, device='cuda:0'), 1: tensor(3754, device='cuda:0')},fp {0: tensor(3754, device='cuda:0'), 1: tensor(4244, device='cuda:0')}
INFO:root:TRAIN measures microavg - precision 0.9658 - recall 0.9658 - f1 0.9658 
INFO:root:TRAIN measures for class 0 - precision 0.9836 - recall 0.9815 - f1 0.9825 
INFO:root:TRAIN measures for class 1 - precision 0.1629 - recall 0.1803 - f1 0.1712 
INFO:root:TRAIN measures@10 microavg - precision 0.7167 - recall 0.0006 - f1 0.0011 
INFO:root:TRAIN measures@10 for class 0 - precision 1.0000 - recall 0.0004 - f1 0.0008 
INFO:root:TRAIN measures@10 for class 1 - precision 0.4333 - recall 0.0085 - f1 0.0167 
INFO:root:TRAIN measures@100 microavg - precision 0.6795 - recall 0.0051 - f1 0.0102 
INFO:root:TRAIN measures@100 for class 0 - precision 0.9856 - recall 0.0039 - f1 0.0077 
INFO:root:TRAIN measures@100 for class 1 - precision 0.3625 - recall 0.0688 - f1 0.1156 
INFO:root:TRAIN measures@1000 microavg - precision 0.7671 - recall 0.0410 - f1 0.0779 
INFO:root:TRAIN measures@1000 for class 0 - precision 0.9881 - recall 0.0388 - f1 0.0747 
INFO:root:TRAIN measures@1000 for class 1 - precision 0.1978 - recall 0.1509 - f1 0.1712 
INFO:root:TRAIN Total epoch time: 1.3830310589983128
INFO:root:=> saved epoch checkpoint 'saved_models/EvolveGCN/uc_irv_mess-20250515_053202/epoch_28.pkl'
INFO:root:################ VALID epoch 27 ###################
INFO:root:VALID mean losses tensor(0.0119, device='cuda:0')
INFO:root:VALID mean errors 0.0034441601019352674
INFO:root:VALID mean MRR 0.08108547329902649 - mean MAP 0.006480306852608919
INFO:root:VALID tp {0: tensor(10781169, device='cuda:0'), 1: tensor(173, device='cuda:0')},fn {0: tensor(36370, device='cuda:0'), 1: tensor(891, device='cuda:0')},fp {0: tensor(891, device='cuda:0'), 1: tensor(36370, device='cuda:0')}
INFO:root:VALID measures microavg - precision 0.9966 - recall 0.9966 - f1 0.9966 
INFO:root:VALID measures for class 0 - precision 0.9999 - recall 0.9966 - f1 0.9983 
INFO:root:VALID measures for class 1 - precision 0.0047 - recall 0.1626 - f1 0.0092 
INFO:root:VALID measures@10 microavg - precision 0.6000 - recall 0.0000 - f1 0.0000 
INFO:root:VALID measures@10 for class 0 - precision 1.0000 - recall 0.0000 - f1 0.0000 
INFO:root:VALID measures@10 for class 1 - precision 0.2000 - recall 0.0056 - f1 0.0110 
INFO:root:VALID measures@100 microavg - precision 0.5350 - recall 0.0000 - f1 0.0001 
INFO:root:VALID measures@100 for class 0 - precision 1.0000 - recall 0.0000 - f1 0.0001 
INFO:root:VALID measures@100 for class 1 - precision 0.0700 - recall 0.0197 - f1 0.0308 
INFO:root:VALID measures@1000 microavg - precision 0.5172 - recall 0.0003 - f1 0.0006 
INFO:root:VALID measures@1000 for class 0 - precision 1.0000 - recall 0.0003 - f1 0.0006 
INFO:root:VALID measures@1000 for class 1 - precision 0.0189 - recall 0.0517 - f1 0.0277 
INFO:root:VALID Total epoch time: 7.291053652996197
INFO:root:################ TRAIN epoch 28 ###################
INFO:root:TRAIN mean losses tensor(0.0430, device='cuda:0')
INFO:root:TRAIN mean errors 0.03538830205798149
INFO:root:TRAIN mean MRR 0.0 - mean MAP 0.12176217883825302
INFO:root:TRAIN tp {0: tensor(224501, device='cuda:0'), 1: tensor(813, device='cuda:0')},fn {0: tensor(4499, device='cuda:0'), 1: tensor(3767, device='cuda:0')},fp {0: tensor(3767, device='cuda:0'), 1: tensor(4499, device='cuda:0')}
INFO:root:TRAIN measures microavg - precision 0.9646 - recall 0.9646 - f1 0.9646 
INFO:root:TRAIN measures for class 0 - precision 0.9835 - recall 0.9804 - f1 0.9819 
INFO:root:TRAIN measures for class 1 - precision 0.1530 - recall 0.1775 - f1 0.1644 
INFO:root:TRAIN measures@10 microavg - precision 0.7222 - recall 0.0006 - f1 0.0011 
INFO:root:TRAIN measures@10 for class 0 - precision 0.9889 - recall 0.0004 - f1 0.0008 
INFO:root:TRAIN measures@10 for class 1 - precision 0.4556 - recall 0.0090 - f1 0.0176 
INFO:root:TRAIN measures@100 microavg - precision 0.6996 - recall 0.0052 - f1 0.0102 
INFO:root:TRAIN measures@100 for class 0 - precision 0.9889 - recall 0.0039 - f1 0.0077 
INFO:root:TRAIN measures@100 for class 1 - precision 0.3825 - recall 0.0686 - f1 0.1163 
INFO:root:TRAIN measures@1000 microavg - precision 0.7945 - recall 0.0409 - f1 0.0777 
INFO:root:TRAIN measures@1000 for class 0 - precision 0.9886 - recall 0.0389 - f1 0.0748 
INFO:root:TRAIN measures@1000 for class 1 - precision 0.2145 - recall 0.1410 - f1 0.1702 
INFO:root:TRAIN Total epoch time: 1.3521917379985098
INFO:root:=> saved epoch checkpoint 'saved_models/EvolveGCN/uc_irv_mess-20250515_053202/epoch_29.pkl'
INFO:root:################ VALID epoch 28 ###################
INFO:root:VALID mean losses tensor(0.0120, device='cuda:0')
INFO:root:VALID mean errors 0.003387868171557784
INFO:root:VALID mean MRR 0.08091360330581665 - mean MAP 0.0028905514627695084
INFO:root:VALID tp {0: tensor(10781810, device='cuda:0'), 1: tensor(141, device='cuda:0')},fn {0: tensor(35729, device='cuda:0'), 1: tensor(923, device='cuda:0')},fp {0: tensor(923, device='cuda:0'), 1: tensor(35729, device='cuda:0')}
INFO:root:VALID measures microavg - precision 0.9966 - recall 0.9966 - f1 0.9966 
INFO:root:VALID measures for class 0 - precision 0.9999 - recall 0.9967 - f1 0.9983 
INFO:root:VALID measures for class 1 - precision 0.0039 - recall 0.1325 - f1 0.0076 
INFO:root:VALID measures@10 microavg - precision 0.5500 - recall 0.0000 - f1 0.0000 
INFO:root:VALID measures@10 for class 0 - precision 1.0000 - recall 0.0000 - f1 0.0000 
INFO:root:VALID measures@10 for class 1 - precision 0.1000 - recall 0.0028 - f1 0.0055 
INFO:root:VALID measures@100 microavg - precision 0.5899 - recall 0.0000 - f1 0.0001 
INFO:root:VALID measures@100 for class 0 - precision 1.0000 - recall 0.0000 - f1 0.0001 
INFO:root:VALID measures@100 for class 1 - precision 0.0641 - recall 0.0141 - f1 0.0231 
INFO:root:VALID measures@1000 microavg - precision 0.5966 - recall 0.0003 - f1 0.0006 
INFO:root:VALID measures@1000 for class 0 - precision 1.0000 - recall 0.0003 - f1 0.0006 
INFO:root:VALID measures@1000 for class 1 - precision 0.0107 - recall 0.0207 - f1 0.0141 
INFO:root:VALID Total epoch time: 7.374447802998475
INFO:root:################ TRAIN epoch 29 ###################
INFO:root:TRAIN mean losses tensor(0.0426, device='cuda:0')
INFO:root:TRAIN mean errors 0.033680111169815063
INFO:root:TRAIN mean MRR 0.0 - mean MAP 0.12528382241725922
INFO:root:TRAIN tp {0: tensor(224891, device='cuda:0'), 1: tensor(822, device='cuda:0')},fn {0: tensor(4109, device='cuda:0'), 1: tensor(3758, device='cuda:0')},fp {0: tensor(3758, device='cuda:0'), 1: tensor(4109, device='cuda:0')}
INFO:root:TRAIN measures microavg - precision 0.9663 - recall 0.9663 - f1 0.9663 
INFO:root:TRAIN measures for class 0 - precision 0.9836 - recall 0.9821 - f1 0.9828 
INFO:root:TRAIN measures for class 1 - precision 0.1667 - recall 0.1795 - f1 0.1729 
INFO:root:TRAIN measures@10 microavg - precision 0.7667 - recall 0.0006 - f1 0.0012 
INFO:root:TRAIN measures@10 for class 0 - precision 0.9889 - recall 0.0004 - f1 0.0008 
INFO:root:TRAIN measures@10 for class 1 - precision 0.5444 - recall 0.0107 - f1 0.0210 
INFO:root:TRAIN measures@100 microavg - precision 0.6914 - recall 0.0052 - f1 0.0102 
INFO:root:TRAIN measures@100 for class 0 - precision 0.9900 - recall 0.0039 - f1 0.0078 
INFO:root:TRAIN measures@100 for class 1 - precision 0.3714 - recall 0.0681 - f1 0.1151 
INFO:root:TRAIN measures@1000 microavg - precision 0.7878 - recall 0.0410 - f1 0.0780 
INFO:root:TRAIN measures@1000 for class 0 - precision 0.9903 - recall 0.0389 - f1 0.0749 
INFO:root:TRAIN measures@1000 for class 1 - precision 0.2117 - recall 0.1463 - f1 0.1730 
INFO:root:TRAIN Total epoch time: 1.3676483729941538
INFO:root:=> saved epoch checkpoint 'saved_models/EvolveGCN/uc_irv_mess-20250515_053202/epoch_30.pkl'
INFO:root:################ VALID epoch 29 ###################
INFO:root:VALID mean losses tensor(0.0124, device='cuda:0')
INFO:root:VALID mean errors 0.0025667825248092413
INFO:root:VALID mean MRR 0.0813404843211174 - mean MAP 0.005985273979604244
INFO:root:VALID tp {0: tensor(10790685, device='cuda:0'), 1: tensor(149, device='cuda:0')},fn {0: tensor(26854, device='cuda:0'), 1: tensor(915, device='cuda:0')},fp {0: tensor(915, device='cuda:0'), 1: tensor(26854, device='cuda:0')}
INFO:root:VALID measures microavg - precision 0.9974 - recall 0.9974 - f1 0.9974 
INFO:root:VALID measures for class 0 - precision 0.9999 - recall 0.9975 - f1 0.9987 
INFO:root:VALID measures for class 1 - precision 0.0055 - recall 0.1400 - f1 0.0106 
INFO:root:VALID measures@10 microavg - precision 0.5667 - recall 0.0000 - f1 0.0000 
INFO:root:VALID measures@10 for class 0 - precision 1.0000 - recall 0.0000 - f1 0.0000 
INFO:root:VALID measures@10 for class 1 - precision 0.1333 - recall 0.0038 - f1 0.0073 
INFO:root:VALID measures@100 microavg - precision 0.5333 - recall 0.0000 - f1 0.0001 
INFO:root:VALID measures@100 for class 0 - precision 1.0000 - recall 0.0000 - f1 0.0001 
INFO:root:VALID measures@100 for class 1 - precision 0.0667 - recall 0.0188 - f1 0.0293 
INFO:root:VALID measures@1000 microavg - precision 0.5824 - recall 0.0003 - f1 0.0006 
INFO:root:VALID measures@1000 for class 0 - precision 1.0000 - recall 0.0003 - f1 0.0006 
INFO:root:VALID measures@1000 for class 1 - precision 0.0211 - recall 0.0442 - f1 0.0285 
INFO:root:VALID Total epoch time: 7.338481062994106
INFO:root:################ TRAIN epoch 30 ###################
INFO:root:TRAIN mean losses tensor(0.0426, device='cuda:0')
INFO:root:TRAIN mean errors 0.03538402169942856
INFO:root:TRAIN mean MRR 0.0 - mean MAP 0.1267346888780594
INFO:root:TRAIN tp {0: tensor(224461, device='cuda:0'), 1: tensor(854, device='cuda:0')},fn {0: tensor(4539, device='cuda:0'), 1: tensor(3726, device='cuda:0')},fp {0: tensor(3726, device='cuda:0'), 1: tensor(4539, device='cuda:0')}
INFO:root:TRAIN measures microavg - precision 0.9646 - recall 0.9646 - f1 0.9646 
INFO:root:TRAIN measures for class 0 - precision 0.9837 - recall 0.9802 - f1 0.9819 
INFO:root:TRAIN measures for class 1 - precision 0.1584 - recall 0.1865 - f1 0.1713 
INFO:root:TRAIN measures@10 microavg - precision 0.7500 - recall 0.0006 - f1 0.0012 
INFO:root:TRAIN measures@10 for class 0 - precision 1.0000 - recall 0.0004 - f1 0.0008 
INFO:root:TRAIN measures@10 for class 1 - precision 0.5000 - recall 0.0098 - f1 0.0193 
INFO:root:TRAIN measures@100 microavg - precision 0.6948 - recall 0.0052 - f1 0.0103 
INFO:root:TRAIN measures@100 for class 0 - precision 0.9956 - recall 0.0039 - f1 0.0078 
INFO:root:TRAIN measures@100 for class 1 - precision 0.3737 - recall 0.0688 - f1 0.1162 
INFO:root:TRAIN measures@1000 microavg - precision 0.7849 - recall 0.0409 - f1 0.0778 
INFO:root:TRAIN measures@1000 for class 0 - precision 0.9893 - recall 0.0389 - f1 0.0748 
INFO:root:TRAIN measures@1000 for class 1 - precision 0.2070 - recall 0.1439 - f1 0.1698 
INFO:root:TRAIN Total epoch time: 1.4679182289983146
INFO:root:=> saved epoch checkpoint 'saved_models/EvolveGCN/uc_irv_mess-20250515_053202/epoch_31.pkl'
INFO:root:################ VALID epoch 30 ###################
INFO:root:VALID mean losses tensor(0.0118, device='cuda:0')
INFO:root:VALID mean errors 0.003213446354493499
INFO:root:VALID mean MRR 0.08100038021802902 - mean MAP 0.0034685670398175716
INFO:root:VALID tp {0: tensor(10783692, device='cuda:0'), 1: tensor(146, device='cuda:0')},fn {0: tensor(33847, device='cuda:0'), 1: tensor(918, device='cuda:0')},fp {0: tensor(918, device='cuda:0'), 1: tensor(33847, device='cuda:0')}
INFO:root:VALID measures microavg - precision 0.9968 - recall 0.9968 - f1 0.9968 
INFO:root:VALID measures for class 0 - precision 0.9999 - recall 0.9969 - f1 0.9984 
INFO:root:VALID measures for class 1 - precision 0.0043 - recall 0.1372 - f1 0.0083 
INFO:root:VALID measures@10 microavg - precision 0.5500 - recall 0.0000 - f1 0.0000 
INFO:root:VALID measures@10 for class 0 - precision 1.0000 - recall 0.0000 - f1 0.0000 
INFO:root:VALID measures@10 for class 1 - precision 0.1000 - recall 0.0028 - f1 0.0055 
INFO:root:VALID measures@100 microavg - precision 0.5217 - recall 0.0000 - f1 0.0001 
INFO:root:VALID measures@100 for class 0 - precision 1.0000 - recall 0.0000 - f1 0.0001 
INFO:root:VALID measures@100 for class 1 - precision 0.0433 - recall 0.0122 - f1 0.0191 
INFO:root:VALID measures@1000 microavg - precision 0.5048 - recall 0.0003 - f1 0.0006 
INFO:root:VALID measures@1000 for class 0 - precision 1.0000 - recall 0.0003 - f1 0.0006 
INFO:root:VALID measures@1000 for class 1 - precision 0.0097 - recall 0.0273 - f1 0.0143 
INFO:root:VALID Total epoch time: 7.408363891998306
INFO:root:################ TRAIN epoch 31 ###################
INFO:root:TRAIN mean losses tensor(0.0426, device='cuda:0')
INFO:root:TRAIN mean errors 0.0344250351190567
INFO:root:TRAIN mean MRR 0.0 - mean MAP 0.12543164193630219
INFO:root:TRAIN tp {0: tensor(224684, device='cuda:0'), 1: tensor(855, device='cuda:0')},fn {0: tensor(4316, device='cuda:0'), 1: tensor(3725, device='cuda:0')},fp {0: tensor(3725, device='cuda:0'), 1: tensor(4316, device='cuda:0')}
INFO:root:TRAIN measures microavg - precision 0.9656 - recall 0.9656 - f1 0.9656 
INFO:root:TRAIN measures for class 0 - precision 0.9837 - recall 0.9812 - f1 0.9824 
INFO:root:TRAIN measures for class 1 - precision 0.1653 - recall 0.1867 - f1 0.1754 
INFO:root:TRAIN measures@10 microavg - precision 0.7111 - recall 0.0005 - f1 0.0011 
INFO:root:TRAIN measures@10 for class 0 - precision 0.9667 - recall 0.0004 - f1 0.0008 
INFO:root:TRAIN measures@10 for class 1 - precision 0.4556 - recall 0.0090 - f1 0.0176 
INFO:root:TRAIN measures@100 microavg - precision 0.6967 - recall 0.0052 - f1 0.0103 
INFO:root:TRAIN measures@100 for class 0 - precision 0.9889 - recall 0.0039 - f1 0.0077 
INFO:root:TRAIN measures@100 for class 1 - precision 0.3813 - recall 0.0694 - f1 0.1175 
INFO:root:TRAIN measures@1000 microavg - precision 0.7764 - recall 0.0410 - f1 0.0779 
INFO:root:TRAIN measures@1000 for class 0 - precision 0.9871 - recall 0.0388 - f1 0.0747 
INFO:root:TRAIN measures@1000 for class 1 - precision 0.2071 - recall 0.1507 - f1 0.1744 
INFO:root:TRAIN Total epoch time: 1.344226430010167
INFO:root:=> saved epoch checkpoint 'saved_models/EvolveGCN/uc_irv_mess-20250515_053202/epoch_32.pkl'
INFO:root:################ VALID epoch 31 ###################
INFO:root:VALID mean losses tensor(0.0113, device='cuda:0')
INFO:root:VALID mean errors 0.0026573671493679285
INFO:root:VALID mean MRR 0.07921535521745682 - mean MAP 0.004858963657170534
INFO:root:VALID tp {0: tensor(10789709, device='cuda:0'), 1: tensor(145, device='cuda:0')},fn {0: tensor(27830, device='cuda:0'), 1: tensor(919, device='cuda:0')},fp {0: tensor(919, device='cuda:0'), 1: tensor(27830, device='cuda:0')}
INFO:root:VALID measures microavg - precision 0.9973 - recall 0.9973 - f1 0.9973 
INFO:root:VALID measures for class 0 - precision 0.9999 - recall 0.9974 - f1 0.9987 
INFO:root:VALID measures for class 1 - precision 0.0052 - recall 0.1363 - f1 0.0100 
INFO:root:VALID measures@10 microavg - precision 0.5667 - recall 0.0000 - f1 0.0000 
INFO:root:VALID measures@10 for class 0 - precision 1.0000 - recall 0.0000 - f1 0.0000 
INFO:root:VALID measures@10 for class 1 - precision 0.1333 - recall 0.0038 - f1 0.0073 
INFO:root:VALID measures@100 microavg - precision 0.5300 - recall 0.0000 - f1 0.0001 
INFO:root:VALID measures@100 for class 0 - precision 1.0000 - recall 0.0000 - f1 0.0001 
INFO:root:VALID measures@100 for class 1 - precision 0.0600 - recall 0.0169 - f1 0.0264 
INFO:root:VALID measures@1000 microavg - precision 0.5132 - recall 0.0003 - f1 0.0006 
INFO:root:VALID measures@1000 for class 0 - precision 1.0000 - recall 0.0003 - f1 0.0006 
INFO:root:VALID measures@1000 for class 1 - precision 0.0123 - recall 0.0338 - f1 0.0181 
INFO:root:VALID Total epoch time: 7.376991929995711
INFO:root:################ TRAIN epoch 32 ###################
INFO:root:TRAIN mean losses tensor(0.0425, device='cuda:0')
INFO:root:TRAIN mean errors 0.03293518349528313
INFO:root:TRAIN mean MRR 0.0 - mean MAP 0.12689784169197083
INFO:root:TRAIN tp {0: tensor(225074, device='cuda:0'), 1: tensor(813, device='cuda:0')},fn {0: tensor(3926, device='cuda:0'), 1: tensor(3767, device='cuda:0')},fp {0: tensor(3767, device='cuda:0'), 1: tensor(3926, device='cuda:0')}
INFO:root:TRAIN measures microavg - precision 0.9671 - recall 0.9671 - f1 0.9671 
INFO:root:TRAIN measures for class 0 - precision 0.9835 - recall 0.9829 - f1 0.9832 
INFO:root:TRAIN measures for class 1 - precision 0.1716 - recall 0.1775 - f1 0.1745 
INFO:root:TRAIN measures@10 microavg - precision 0.7167 - recall 0.0006 - f1 0.0011 
INFO:root:TRAIN measures@10 for class 0 - precision 0.9222 - recall 0.0004 - f1 0.0007 
INFO:root:TRAIN measures@10 for class 1 - precision 0.5111 - recall 0.0100 - f1 0.0197 
INFO:root:TRAIN measures@100 microavg - precision 0.6897 - recall 0.0051 - f1 0.0101 
INFO:root:TRAIN measures@100 for class 0 - precision 0.9611 - recall 0.0038 - f1 0.0075 
INFO:root:TRAIN measures@100 for class 1 - precision 0.3922 - recall 0.0703 - f1 0.1192 
INFO:root:TRAIN measures@1000 microavg - precision 0.7926 - recall 0.0406 - f1 0.0773 
INFO:root:TRAIN measures@1000 for class 0 - precision 0.9841 - recall 0.0387 - f1 0.0744 
INFO:root:TRAIN measures@1000 for class 1 - precision 0.2142 - recall 0.1393 - f1 0.1688 
INFO:root:TRAIN Total epoch time: 1.427082223992329
INFO:root:=> saved epoch checkpoint 'saved_models/EvolveGCN/uc_irv_mess-20250515_053202/epoch_33.pkl'
INFO:root:################ VALID epoch 32 ###################
INFO:root:VALID mean losses tensor(0.0111, device='cuda:0')
INFO:root:VALID mean errors 0.003290628083050251
INFO:root:VALID mean MRR 0.07446073740720749 - mean MAP 0.0029615368694067
INFO:root:VALID tp {0: tensor(10782850, device='cuda:0'), 1: tensor(153, device='cuda:0')},fn {0: tensor(34689, device='cuda:0'), 1: tensor(911, device='cuda:0')},fp {0: tensor(911, device='cuda:0'), 1: tensor(34689, device='cuda:0')}
INFO:root:VALID measures microavg - precision 0.9967 - recall 0.9967 - f1 0.9967 
INFO:root:VALID measures for class 0 - precision 0.9999 - recall 0.9968 - f1 0.9984 
INFO:root:VALID measures for class 1 - precision 0.0044 - recall 0.1438 - f1 0.0085 
INFO:root:VALID measures@10 microavg - precision 0.5500 - recall 0.0000 - f1 0.0000 
INFO:root:VALID measures@10 for class 0 - precision 1.0000 - recall 0.0000 - f1 0.0000 
INFO:root:VALID measures@10 for class 1 - precision 0.1000 - recall 0.0028 - f1 0.0055 
INFO:root:VALID measures@100 microavg - precision 0.5167 - recall 0.0000 - f1 0.0001 
INFO:root:VALID measures@100 for class 0 - precision 1.0000 - recall 0.0000 - f1 0.0001 
INFO:root:VALID measures@100 for class 1 - precision 0.0333 - recall 0.0094 - f1 0.0147 
INFO:root:VALID measures@1000 microavg - precision 0.5141 - recall 0.0003 - f1 0.0006 
INFO:root:VALID measures@1000 for class 0 - precision 1.0000 - recall 0.0003 - f1 0.0006 
INFO:root:VALID measures@1000 for class 1 - precision 0.0066 - recall 0.0179 - f1 0.0097 
INFO:root:VALID Total epoch time: 7.370771096000681
INFO:root:################ TRAIN epoch 33 ###################
INFO:root:TRAIN mean losses tensor(0.0426, device='cuda:0')
INFO:root:TRAIN mean errors 0.032913777977228165
INFO:root:TRAIN mean MRR 0.0 - mean MAP 0.125986710190773
INFO:root:TRAIN tp {0: tensor(225084, device='cuda:0'), 1: tensor(808, device='cuda:0')},fn {0: tensor(3916, device='cuda:0'), 1: tensor(3772, device='cuda:0')},fp {0: tensor(3772, device='cuda:0'), 1: tensor(3916, device='cuda:0')}
INFO:root:TRAIN measures microavg - precision 0.9671 - recall 0.9671 - f1 0.9671 
INFO:root:TRAIN measures for class 0 - precision 0.9835 - recall 0.9829 - f1 0.9832 
INFO:root:TRAIN measures for class 1 - precision 0.1710 - recall 0.1764 - f1 0.1737 
INFO:root:TRAIN measures@10 microavg - precision 0.7611 - recall 0.0006 - f1 0.0012 
INFO:root:TRAIN measures@10 for class 0 - precision 0.9889 - recall 0.0004 - f1 0.0008 
INFO:root:TRAIN measures@10 for class 1 - precision 0.5333 - recall 0.0105 - f1 0.0206 
INFO:root:TRAIN measures@100 microavg - precision 0.7204 - recall 0.0052 - f1 0.0102 
INFO:root:TRAIN measures@100 for class 0 - precision 0.9900 - recall 0.0039 - f1 0.0078 
INFO:root:TRAIN measures@100 for class 1 - precision 0.4052 - recall 0.0681 - f1 0.1166 
INFO:root:TRAIN measures@1000 microavg - precision 0.8024 - recall 0.0408 - f1 0.0777 
INFO:root:TRAIN measures@1000 for class 0 - precision 0.9884 - recall 0.0388 - f1 0.0748 
INFO:root:TRAIN measures@1000 for class 1 - precision 0.2224 - recall 0.1402 - f1 0.1720 
INFO:root:TRAIN Total epoch time: 1.3597887340001762
INFO:root:=> saved epoch checkpoint 'saved_models/EvolveGCN/uc_irv_mess-20250515_053202/epoch_34.pkl'
INFO:root:################ VALID epoch 33 ###################
INFO:root:VALID mean losses tensor(0.0117, device='cuda:0')
INFO:root:VALID mean errors 0.0037309806793928146
INFO:root:VALID mean MRR 0.07486841082572937 - mean MAP 0.002704561222344637
INFO:root:VALID tp {0: tensor(10778078, device='cuda:0'), 1: tensor(161, device='cuda:0')},fn {0: tensor(39461, device='cuda:0'), 1: tensor(903, device='cuda:0')},fp {0: tensor(903, device='cuda:0'), 1: tensor(39461, device='cuda:0')}
INFO:root:VALID measures microavg - precision 0.9963 - recall 0.9963 - f1 0.9963 
INFO:root:VALID measures for class 0 - precision 0.9999 - recall 0.9964 - f1 0.9981 
INFO:root:VALID measures for class 1 - precision 0.0041 - recall 0.1513 - f1 0.0079 
INFO:root:VALID measures@10 microavg - precision 0.5667 - recall 0.0000 - f1 0.0000 
INFO:root:VALID measures@10 for class 0 - precision 1.0000 - recall 0.0000 - f1 0.0000 
INFO:root:VALID measures@10 for class 1 - precision 0.1333 - recall 0.0038 - f1 0.0073 
INFO:root:VALID measures@100 microavg - precision 0.5133 - recall 0.0000 - f1 0.0001 
INFO:root:VALID measures@100 for class 0 - precision 1.0000 - recall 0.0000 - f1 0.0001 
INFO:root:VALID measures@100 for class 1 - precision 0.0267 - recall 0.0075 - f1 0.0117 
INFO:root:VALID measures@1000 microavg - precision 0.5030 - recall 0.0003 - f1 0.0006 
INFO:root:VALID measures@1000 for class 0 - precision 1.0000 - recall 0.0003 - f1 0.0006 
INFO:root:VALID measures@1000 for class 1 - precision 0.0060 - recall 0.0169 - f1 0.0089 
INFO:root:VALID Total epoch time: 7.320821196000907
INFO:root:################ TRAIN epoch 34 ###################
INFO:root:TRAIN mean losses tensor(0.0424, device='cuda:0')
INFO:root:TRAIN mean errors 0.03397123143076897
INFO:root:TRAIN mean MRR 0.0 - mean MAP 0.127933531999588
INFO:root:TRAIN tp {0: tensor(224819, device='cuda:0'), 1: tensor(826, device='cuda:0')},fn {0: tensor(4181, device='cuda:0'), 1: tensor(3754, device='cuda:0')},fp {0: tensor(3754, device='cuda:0'), 1: tensor(4181, device='cuda:0')}
INFO:root:TRAIN measures microavg - precision 0.9660 - recall 0.9660 - f1 0.9660 
INFO:root:TRAIN measures for class 0 - precision 0.9836 - recall 0.9817 - f1 0.9827 
INFO:root:TRAIN measures for class 1 - precision 0.1650 - recall 0.1803 - f1 0.1723 
INFO:root:TRAIN measures@10 microavg - precision 0.7389 - recall 0.0006 - f1 0.0011 
INFO:root:TRAIN measures@10 for class 0 - precision 0.9889 - recall 0.0004 - f1 0.0008 
INFO:root:TRAIN measures@10 for class 1 - precision 0.4889 - recall 0.0096 - f1 0.0188 
INFO:root:TRAIN measures@100 microavg - precision 0.7159 - recall 0.0052 - f1 0.0103 
INFO:root:TRAIN measures@100 for class 0 - precision 0.9911 - recall 0.0039 - f1 0.0078 
INFO:root:TRAIN measures@100 for class 1 - precision 0.4062 - recall 0.0710 - f1 0.1208 
INFO:root:TRAIN measures@1000 microavg - precision 0.7982 - recall 0.0409 - f1 0.0777 
INFO:root:TRAIN measures@1000 for class 0 - precision 0.9886 - recall 0.0389 - f1 0.0748 
INFO:root:TRAIN measures@1000 for class 1 - precision 0.2188 - recall 0.1413 - f1 0.1717 
INFO:root:TRAIN Total epoch time: 1.3724715860007564
INFO:root:=> saved epoch checkpoint 'saved_models/EvolveGCN/uc_irv_mess-20250515_053202/epoch_35.pkl'
INFO:root:################ VALID epoch 34 ###################
INFO:root:VALID mean losses tensor(0.0115, device='cuda:0')
INFO:root:VALID mean errors 0.0035889106802642345
INFO:root:VALID mean MRR 0.07541245222091675 - mean MAP 0.003102836897596717
INFO:root:VALID tp {0: tensor(10779625, device='cuda:0'), 1: tensor(151, device='cuda:0')},fn {0: tensor(37914, device='cuda:0'), 1: tensor(913, device='cuda:0')},fp {0: tensor(913, device='cuda:0'), 1: tensor(37914, device='cuda:0')}
INFO:root:VALID measures microavg - precision 0.9964 - recall 0.9964 - f1 0.9964 
INFO:root:VALID measures for class 0 - precision 0.9999 - recall 0.9965 - f1 0.9982 
INFO:root:VALID measures for class 1 - precision 0.0040 - recall 0.1419 - f1 0.0077 
INFO:root:VALID measures@10 microavg - precision 0.5667 - recall 0.0000 - f1 0.0000 
INFO:root:VALID measures@10 for class 0 - precision 1.0000 - recall 0.0000 - f1 0.0000 
INFO:root:VALID measures@10 for class 1 - precision 0.1333 - recall 0.0038 - f1 0.0073 
INFO:root:VALID measures@100 microavg - precision 0.5150 - recall 0.0000 - f1 0.0001 
INFO:root:VALID measures@100 for class 0 - precision 1.0000 - recall 0.0000 - f1 0.0001 
INFO:root:VALID measures@100 for class 1 - precision 0.0300 - recall 0.0085 - f1 0.0132 
INFO:root:VALID measures@1000 microavg - precision 0.5027 - recall 0.0003 - f1 0.0006 
INFO:root:VALID measures@1000 for class 0 - precision 1.0000 - recall 0.0003 - f1 0.0006 
INFO:root:VALID measures@1000 for class 1 - precision 0.0053 - recall 0.0150 - f1 0.0079 
INFO:root:VALID Total epoch time: 7.430274995000218
INFO:root:################ TRAIN epoch 35 ###################
INFO:root:TRAIN mean losses tensor(0.0423, device='cuda:0')
INFO:root:TRAIN mean errors 0.03406969830393791
INFO:root:TRAIN mean MRR 0.0 - mean MAP 0.12676812708377838
INFO:root:TRAIN tp {0: tensor(224782, device='cuda:0'), 1: tensor(840, device='cuda:0')},fn {0: tensor(4218, device='cuda:0'), 1: tensor(3740, device='cuda:0')},fp {0: tensor(3740, device='cuda:0'), 1: tensor(4218, device='cuda:0')}
INFO:root:TRAIN measures microavg - precision 0.9659 - recall 0.9659 - f1 0.9659 
INFO:root:TRAIN measures for class 0 - precision 0.9836 - recall 0.9816 - f1 0.9826 
INFO:root:TRAIN measures for class 1 - precision 0.1661 - recall 0.1834 - f1 0.1743 
INFO:root:TRAIN measures@10 microavg - precision 0.7333 - recall 0.0006 - f1 0.0011 
INFO:root:TRAIN measures@10 for class 0 - precision 0.9778 - recall 0.0004 - f1 0.0008 
INFO:root:TRAIN measures@10 for class 1 - precision 0.4889 - recall 0.0096 - f1 0.0188 
INFO:root:TRAIN measures@100 microavg - precision 0.7030 - recall 0.0052 - f1 0.0103 
INFO:root:TRAIN measures@100 for class 0 - precision 0.9900 - recall 0.0039 - f1 0.0078 
INFO:root:TRAIN measures@100 for class 1 - precision 0.3906 - recall 0.0705 - f1 0.1195 
INFO:root:TRAIN measures@1000 microavg - precision 0.7797 - recall 0.0411 - f1 0.0780 
INFO:root:TRAIN measures@1000 for class 0 - precision 0.9901 - recall 0.0389 - f1 0.0749 
INFO:root:TRAIN measures@1000 for class 1 - precision 0.2060 - recall 0.1485 - f1 0.1726 
INFO:root:TRAIN Total epoch time: 1.3805875519901747
INFO:root:=> saved epoch checkpoint 'saved_models/EvolveGCN/uc_irv_mess-20250515_053202/epoch_36.pkl'
INFO:root:################ VALID epoch 35 ###################
INFO:root:VALID mean losses tensor(0.0114, device='cuda:0')
INFO:root:VALID mean errors 0.0027162472251802683
INFO:root:VALID mean MRR 0.07476314157247543 - mean MAP 0.004316180013120174
INFO:root:VALID tp {0: tensor(10789074, device='cuda:0'), 1: tensor(143, device='cuda:0')},fn {0: tensor(28465, device='cuda:0'), 1: tensor(921, device='cuda:0')},fp {0: tensor(921, device='cuda:0'), 1: tensor(28465, device='cuda:0')}
INFO:root:VALID measures microavg - precision 0.9973 - recall 0.9973 - f1 0.9973 
INFO:root:VALID measures for class 0 - precision 0.9999 - recall 0.9974 - f1 0.9986 
INFO:root:VALID measures for class 1 - precision 0.0050 - recall 0.1344 - f1 0.0096 
INFO:root:VALID measures@10 microavg - precision 0.5167 - recall 0.0000 - f1 0.0000 
INFO:root:VALID measures@10 for class 0 - precision 1.0000 - recall 0.0000 - f1 0.0000 
INFO:root:VALID measures@10 for class 1 - precision 0.0333 - recall 0.0009 - f1 0.0018 
INFO:root:VALID measures@100 microavg - precision 0.5250 - recall 0.0000 - f1 0.0001 
INFO:root:VALID measures@100 for class 0 - precision 1.0000 - recall 0.0000 - f1 0.0001 
INFO:root:VALID measures@100 for class 1 - precision 0.0500 - recall 0.0141 - f1 0.0220 
INFO:root:VALID measures@1000 microavg - precision 0.5037 - recall 0.0003 - f1 0.0006 
INFO:root:VALID measures@1000 for class 0 - precision 1.0000 - recall 0.0003 - f1 0.0006 
INFO:root:VALID measures@1000 for class 1 - precision 0.0073 - recall 0.0207 - f1 0.0108 
INFO:root:VALID Total epoch time: 7.348768764000852
INFO:root:################ TRAIN epoch 36 ###################
INFO:root:TRAIN mean losses tensor(0.0422, device='cuda:0')
INFO:root:TRAIN mean errors 0.03356451913714409
INFO:root:TRAIN mean MRR 0.0 - mean MAP 0.13076922297477722
INFO:root:TRAIN tp {0: tensor(224894, device='cuda:0'), 1: tensor(846, device='cuda:0')},fn {0: tensor(4106, device='cuda:0'), 1: tensor(3734, device='cuda:0')},fp {0: tensor(3734, device='cuda:0'), 1: tensor(4106, device='cuda:0')}
INFO:root:TRAIN measures microavg - precision 0.9664 - recall 0.9664 - f1 0.9664 
INFO:root:TRAIN measures for class 0 - precision 0.9837 - recall 0.9821 - f1 0.9829 
INFO:root:TRAIN measures for class 1 - precision 0.1708 - recall 0.1847 - f1 0.1775 
INFO:root:TRAIN measures@10 microavg - precision 0.7944 - recall 0.0006 - f1 0.0012 
INFO:root:TRAIN measures@10 for class 0 - precision 1.0000 - recall 0.0004 - f1 0.0008 
INFO:root:TRAIN measures@10 for class 1 - precision 0.5889 - recall 0.0116 - f1 0.0227 
INFO:root:TRAIN measures@100 microavg - precision 0.7049 - recall 0.0052 - f1 0.0104 
INFO:root:TRAIN measures@100 for class 0 - precision 0.9922 - recall 0.0039 - f1 0.0078 
INFO:root:TRAIN measures@100 for class 1 - precision 0.3952 - recall 0.0721 - f1 0.1219 
INFO:root:TRAIN measures@1000 microavg - precision 0.7800 - recall 0.0412 - f1 0.0782 
INFO:root:TRAIN measures@1000 for class 0 - precision 0.9916 - recall 0.0390 - f1 0.0750 
INFO:root:TRAIN measures@1000 for class 1 - precision 0.2084 - recall 0.1515 - f1 0.1755 
INFO:root:TRAIN Total epoch time: 1.406601367998519
INFO:root:=> saved epoch checkpoint 'saved_models/EvolveGCN/uc_irv_mess-20250515_053202/epoch_37.pkl'
INFO:root:################ VALID epoch 36 ###################
INFO:root:VALID mean losses tensor(0.0109, device='cuda:0')
INFO:root:VALID mean errors 0.0032620662823319435
INFO:root:VALID mean MRR 0.07476641982793808 - mean MAP 0.004175459500402212
INFO:root:VALID tp {0: tensor(10783160, device='cuda:0'), 1: tensor(152, device='cuda:0')},fn {0: tensor(34379, device='cuda:0'), 1: tensor(912, device='cuda:0')},fp {0: tensor(912, device='cuda:0'), 1: tensor(34379, device='cuda:0')}
INFO:root:VALID measures microavg - precision 0.9967 - recall 0.9967 - f1 0.9967 
INFO:root:VALID measures for class 0 - precision 0.9999 - recall 0.9968 - f1 0.9984 
INFO:root:VALID measures for class 1 - precision 0.0044 - recall 0.1429 - f1 0.0085 
INFO:root:VALID measures@10 microavg - precision 0.5500 - recall 0.0000 - f1 0.0000 
INFO:root:VALID measures@10 for class 0 - precision 1.0000 - recall 0.0000 - f1 0.0000 
INFO:root:VALID measures@10 for class 1 - precision 0.1000 - recall 0.0028 - f1 0.0055 
INFO:root:VALID measures@100 microavg - precision 0.5200 - recall 0.0000 - f1 0.0001 
INFO:root:VALID measures@100 for class 0 - precision 1.0000 - recall 0.0000 - f1 0.0001 
INFO:root:VALID measures@100 for class 1 - precision 0.0400 - recall 0.0113 - f1 0.0176 
INFO:root:VALID measures@1000 microavg - precision 0.5025 - recall 0.0003 - f1 0.0006 
INFO:root:VALID measures@1000 for class 0 - precision 1.0000 - recall 0.0003 - f1 0.0006 
INFO:root:VALID measures@1000 for class 1 - precision 0.0050 - recall 0.0141 - f1 0.0074 
INFO:root:VALID Total epoch time: 7.378207976013073
INFO:root:################ TRAIN epoch 37 ###################
INFO:root:TRAIN mean losses tensor(0.0423, device='cuda:0')
INFO:root:TRAIN mean errors 0.03224591165781021
INFO:root:TRAIN mean MRR 0.0 - mean MAP 0.13003301620483398
INFO:root:TRAIN tp {0: tensor(225212, device='cuda:0'), 1: tensor(836, device='cuda:0')},fn {0: tensor(3788, device='cuda:0'), 1: tensor(3744, device='cuda:0')},fp {0: tensor(3744, device='cuda:0'), 1: tensor(3788, device='cuda:0')}
INFO:root:TRAIN measures microavg - precision 0.9678 - recall 0.9678 - f1 0.9678 
INFO:root:TRAIN measures for class 0 - precision 0.9836 - recall 0.9835 - f1 0.9836 
INFO:root:TRAIN measures for class 1 - precision 0.1808 - recall 0.1825 - f1 0.1817 
INFO:root:TRAIN measures@10 microavg - precision 0.7667 - recall 0.0006 - f1 0.0012 
INFO:root:TRAIN measures@10 for class 0 - precision 0.9889 - recall 0.0004 - f1 0.0008 
INFO:root:TRAIN measures@10 for class 1 - precision 0.5444 - recall 0.0107 - f1 0.0210 
INFO:root:TRAIN measures@100 microavg - precision 0.7070 - recall 0.0052 - f1 0.0103 
INFO:root:TRAIN measures@100 for class 0 - precision 0.9878 - recall 0.0039 - f1 0.0077 
INFO:root:TRAIN measures@100 for class 1 - precision 0.3988 - recall 0.0714 - f1 0.1211 
INFO:root:TRAIN measures@1000 microavg - precision 0.7937 - recall 0.0410 - f1 0.0779 
INFO:root:TRAIN measures@1000 for class 0 - precision 0.9899 - recall 0.0389 - f1 0.0749 
INFO:root:TRAIN measures@1000 for class 1 - precision 0.2167 - recall 0.1448 - f1 0.1736 
INFO:root:TRAIN Total epoch time: 1.3794799099996453
INFO:root:=> saved epoch checkpoint 'saved_models/EvolveGCN/uc_irv_mess-20250515_053202/epoch_38.pkl'
INFO:root:################ VALID epoch 37 ###################
INFO:root:VALID mean losses tensor(0.0123, device='cuda:0')
INFO:root:VALID mean errors 0.0038969910237938166
INFO:root:VALID mean MRR 0.07459340244531631 - mean MAP 0.003919052425771952
INFO:root:VALID tp {0: tensor(10776280, device='cuda:0'), 1: tensor(163, device='cuda:0')},fn {0: tensor(41259, device='cuda:0'), 1: tensor(901, device='cuda:0')},fp {0: tensor(901, device='cuda:0'), 1: tensor(41259, device='cuda:0')}
INFO:root:VALID measures microavg - precision 0.9961 - recall 0.9961 - f1 0.9961 
INFO:root:VALID measures for class 0 - precision 0.9999 - recall 0.9962 - f1 0.9980 
INFO:root:VALID measures for class 1 - precision 0.0039 - recall 0.1532 - f1 0.0077 
INFO:root:VALID measures@10 microavg - precision 0.5167 - recall 0.0000 - f1 0.0000 
INFO:root:VALID measures@10 for class 0 - precision 1.0000 - recall 0.0000 - f1 0.0000 
INFO:root:VALID measures@10 for class 1 - precision 0.0333 - recall 0.0009 - f1 0.0018 
INFO:root:VALID measures@100 microavg - precision 0.5200 - recall 0.0000 - f1 0.0001 
INFO:root:VALID measures@100 for class 0 - precision 1.0000 - recall 0.0000 - f1 0.0001 
INFO:root:VALID measures@100 for class 1 - precision 0.0400 - recall 0.0113 - f1 0.0176 
INFO:root:VALID measures@1000 microavg - precision 0.5028 - recall 0.0003 - f1 0.0006 
INFO:root:VALID measures@1000 for class 0 - precision 1.0000 - recall 0.0003 - f1 0.0006 
INFO:root:VALID measures@1000 for class 1 - precision 0.0057 - recall 0.0160 - f1 0.0084 
INFO:root:VALID Total epoch time: 7.478337792010279
INFO:root:################ TRAIN epoch 38 ###################
INFO:root:TRAIN mean losses tensor(0.0424, device='cuda:0')
INFO:root:TRAIN mean errors 0.03281531110405922
INFO:root:TRAIN mean MRR 0.0 - mean MAP 0.12804283201694489
INFO:root:TRAIN tp {0: tensor(225113, device='cuda:0'), 1: tensor(802, device='cuda:0')},fn {0: tensor(3887, device='cuda:0'), 1: tensor(3778, device='cuda:0')},fp {0: tensor(3778, device='cuda:0'), 1: tensor(3887, device='cuda:0')}
INFO:root:TRAIN measures microavg - precision 0.9672 - recall 0.9672 - f1 0.9672 
INFO:root:TRAIN measures for class 0 - precision 0.9835 - recall 0.9830 - f1 0.9833 
INFO:root:TRAIN measures for class 1 - precision 0.1710 - recall 0.1751 - f1 0.1730 
INFO:root:TRAIN measures@10 microavg - precision 0.7778 - recall 0.0006 - f1 0.0012 
INFO:root:TRAIN measures@10 for class 0 - precision 1.0000 - recall 0.0004 - f1 0.0008 
INFO:root:TRAIN measures@10 for class 1 - precision 0.5556 - recall 0.0109 - f1 0.0214 
INFO:root:TRAIN measures@100 microavg - precision 0.7083 - recall 0.0051 - f1 0.0101 
INFO:root:TRAIN measures@100 for class 0 - precision 0.9889 - recall 0.0039 - f1 0.0077 
INFO:root:TRAIN measures@100 for class 1 - precision 0.3816 - recall 0.0644 - f1 0.1102 
INFO:root:TRAIN measures@1000 microavg - precision 0.8086 - recall 0.0407 - f1 0.0775 
INFO:root:TRAIN measures@1000 for class 0 - precision 0.9892 - recall 0.0389 - f1 0.0748 
INFO:root:TRAIN measures@1000 for class 1 - precision 0.2188 - recall 0.1317 - f1 0.1644 
INFO:root:TRAIN Total epoch time: 1.3973924180027097
INFO:root:=> saved epoch checkpoint 'saved_models/EvolveGCN/uc_irv_mess-20250515_053202/epoch_39.pkl'
INFO:root:################ VALID epoch 38 ###################
INFO:root:VALID mean losses tensor(0.0133, device='cuda:0')
INFO:root:VALID mean errors 0.0045008584856987
INFO:root:VALID mean MRR 0.075447678565979 - mean MAP 0.0022118636406958103
INFO:root:VALID tp {0: tensor(10769758, device='cuda:0'), 1: tensor(152, device='cuda:0')},fn {0: tensor(47781, device='cuda:0'), 1: tensor(912, device='cuda:0')},fp {0: tensor(912, device='cuda:0'), 1: tensor(47781, device='cuda:0')}
INFO:root:VALID measures microavg - precision 0.9955 - recall 0.9955 - f1 0.9955 
INFO:root:VALID measures for class 0 - precision 0.9999 - recall 0.9956 - f1 0.9977 
INFO:root:VALID measures for class 1 - precision 0.0032 - recall 0.1429 - f1 0.0062 
INFO:root:VALID measures@10 microavg - precision 0.5667 - recall 0.0000 - f1 0.0000 
INFO:root:VALID measures@10 for class 0 - precision 1.0000 - recall 0.0000 - f1 0.0000 
INFO:root:VALID measures@10 for class 1 - precision 0.1333 - recall 0.0038 - f1 0.0073 
INFO:root:VALID measures@100 microavg - precision 0.5117 - recall 0.0000 - f1 0.0001 
INFO:root:VALID measures@100 for class 0 - precision 1.0000 - recall 0.0000 - f1 0.0001 
INFO:root:VALID measures@100 for class 1 - precision 0.0233 - recall 0.0066 - f1 0.0103 
INFO:root:VALID measures@1000 microavg - precision 0.5027 - recall 0.0003 - f1 0.0006 
INFO:root:VALID measures@1000 for class 0 - precision 1.0000 - recall 0.0003 - f1 0.0006 
INFO:root:VALID measures@1000 for class 1 - precision 0.0053 - recall 0.0150 - f1 0.0079 
INFO:root:VALID Total epoch time: 7.484681467001792
INFO:root:################ TRAIN epoch 39 ###################
INFO:root:TRAIN mean losses tensor(0.0422, device='cuda:0')
INFO:root:TRAIN mean errors 0.03308502584695816
INFO:root:TRAIN mean MRR 0.0 - mean MAP 0.1329711228609085
INFO:root:TRAIN tp {0: tensor(224987, device='cuda:0'), 1: tensor(865, device='cuda:0')},fn {0: tensor(4013, device='cuda:0'), 1: tensor(3715, device='cuda:0')},fp {0: tensor(3715, device='cuda:0'), 1: tensor(4013, device='cuda:0')}
INFO:root:TRAIN measures microavg - precision 0.9669 - recall 0.9669 - f1 0.9669 
INFO:root:TRAIN measures for class 0 - precision 0.9838 - recall 0.9825 - f1 0.9831 
INFO:root:TRAIN measures for class 1 - precision 0.1773 - recall 0.1889 - f1 0.1829 
INFO:root:TRAIN measures@10 microavg - precision 0.7667 - recall 0.0006 - f1 0.0012 
INFO:root:TRAIN measures@10 for class 0 - precision 1.0000 - recall 0.0004 - f1 0.0008 
INFO:root:TRAIN measures@10 for class 1 - precision 0.5333 - recall 0.0105 - f1 0.0206 
INFO:root:TRAIN measures@100 microavg - precision 0.7073 - recall 0.0053 - f1 0.0105 
INFO:root:TRAIN measures@100 for class 0 - precision 0.9944 - recall 0.0039 - f1 0.0078 
INFO:root:TRAIN measures@100 for class 1 - precision 0.4019 - recall 0.0742 - f1 0.1253 
INFO:root:TRAIN measures@1000 microavg - precision 0.7879 - recall 0.0412 - f1 0.0782 
INFO:root:TRAIN measures@1000 for class 0 - precision 0.9899 - recall 0.0389 - f1 0.0749 
INFO:root:TRAIN measures@1000 for class 1 - precision 0.2202 - recall 0.1539 - f1 0.1812 
INFO:root:TRAIN Total epoch time: 1.5331687899888493
INFO:root:=> saved epoch checkpoint 'saved_models/EvolveGCN/uc_irv_mess-20250515_053202/epoch_40.pkl'
INFO:root:################ VALID epoch 39 ###################
INFO:root:VALID mean losses tensor(0.0134, device='cuda:0')
INFO:root:VALID mean errors 0.0029701616149395704
INFO:root:VALID mean MRR 0.07410574704408646 - mean MAP 0.004485008306801319
INFO:root:VALID tp {0: tensor(10786328, device='cuda:0'), 1: tensor(142, device='cuda:0')},fn {0: tensor(31211, device='cuda:0'), 1: tensor(922, device='cuda:0')},fp {0: tensor(922, device='cuda:0'), 1: tensor(31211, device='cuda:0')}
INFO:root:VALID measures microavg - precision 0.9970 - recall 0.9970 - f1 0.9970 
INFO:root:VALID measures for class 0 - precision 0.9999 - recall 0.9971 - f1 0.9985 
INFO:root:VALID measures for class 1 - precision 0.0045 - recall 0.1335 - f1 0.0088 
INFO:root:VALID measures@10 microavg - precision 0.5500 - recall 0.0000 - f1 0.0000 
INFO:root:VALID measures@10 for class 0 - precision 1.0000 - recall 0.0000 - f1 0.0000 
INFO:root:VALID measures@10 for class 1 - precision 0.1000 - recall 0.0028 - f1 0.0055 
INFO:root:VALID measures@100 microavg - precision 0.5200 - recall 0.0000 - f1 0.0001 
INFO:root:VALID measures@100 for class 0 - precision 1.0000 - recall 0.0000 - f1 0.0001 
INFO:root:VALID measures@100 for class 1 - precision 0.0400 - recall 0.0113 - f1 0.0176 
INFO:root:VALID measures@1000 microavg - precision 0.5040 - recall 0.0003 - f1 0.0006 
INFO:root:VALID measures@1000 for class 0 - precision 1.0000 - recall 0.0003 - f1 0.0006 
INFO:root:VALID measures@1000 for class 1 - precision 0.0080 - recall 0.0226 - f1 0.0118 
INFO:root:VALID Total epoch time: 7.586060767003801
INFO:root:################ TRAIN epoch 40 ###################
INFO:root:TRAIN mean losses tensor(0.0421, device='cuda:0')
INFO:root:TRAIN mean errors 0.033752888441085815
INFO:root:TRAIN mean MRR 0.0 - mean MAP 0.1309078335762024
INFO:root:TRAIN tp {0: tensor(224835, device='cuda:0'), 1: tensor(861, device='cuda:0')},fn {0: tensor(4165, device='cuda:0'), 1: tensor(3719, device='cuda:0')},fp {0: tensor(3719, device='cuda:0'), 1: tensor(4165, device='cuda:0')}
INFO:root:TRAIN measures microavg - precision 0.9662 - recall 0.9662 - f1 0.9662 
INFO:root:TRAIN measures for class 0 - precision 0.9837 - recall 0.9818 - f1 0.9828 
INFO:root:TRAIN measures for class 1 - precision 0.1713 - recall 0.1880 - f1 0.1793 
INFO:root:TRAIN measures@10 microavg - precision 0.7444 - recall 0.0006 - f1 0.0011 
INFO:root:TRAIN measures@10 for class 0 - precision 0.9778 - recall 0.0004 - f1 0.0008 
INFO:root:TRAIN measures@10 for class 1 - precision 0.5111 - recall 0.0100 - f1 0.0197 
INFO:root:TRAIN measures@100 microavg - precision 0.6830 - recall 0.0053 - f1 0.0104 
INFO:root:TRAIN measures@100 for class 0 - precision 0.9900 - recall 0.0039 - f1 0.0078 
INFO:root:TRAIN measures@100 for class 1 - precision 0.3753 - recall 0.0736 - f1 0.1230 
INFO:root:TRAIN measures@1000 microavg - precision 0.7728 - recall 0.0412 - f1 0.0782 
INFO:root:TRAIN measures@1000 for class 0 - precision 0.9912 - recall 0.0390 - f1 0.0750 
INFO:root:TRAIN measures@1000 for class 1 - precision 0.2031 - recall 0.1531 - f1 0.1746 
INFO:root:TRAIN Total epoch time: 1.333899893987109
INFO:root:=> saved epoch checkpoint 'saved_models/EvolveGCN/uc_irv_mess-20250515_053202/epoch_41.pkl'
INFO:root:################ VALID epoch 40 ###################
INFO:root:VALID mean losses tensor(0.0112, device='cuda:0')
INFO:root:VALID mean errors 0.002235778607428074
INFO:root:VALID mean MRR 0.0732112005352974 - mean MAP 0.0051953550428152084
INFO:root:VALID tp {0: tensor(10794294, device='cuda:0'), 1: tensor(121, device='cuda:0')},fn {0: tensor(23245, device='cuda:0'), 1: tensor(943, device='cuda:0')},fp {0: tensor(943, device='cuda:0'), 1: tensor(23245, device='cuda:0')}
INFO:root:VALID measures microavg - precision 0.9978 - recall 0.9978 - f1 0.9978 
INFO:root:VALID measures for class 0 - precision 0.9999 - recall 0.9979 - f1 0.9989 
INFO:root:VALID measures for class 1 - precision 0.0052 - recall 0.1137 - f1 0.0099 
INFO:root:VALID measures@10 microavg - precision 0.5500 - recall 0.0000 - f1 0.0000 
INFO:root:VALID measures@10 for class 0 - precision 1.0000 - recall 0.0000 - f1 0.0000 
INFO:root:VALID measures@10 for class 1 - precision 0.1000 - recall 0.0028 - f1 0.0055 
INFO:root:VALID measures@100 microavg - precision 0.5233 - recall 0.0000 - f1 0.0001 
INFO:root:VALID measures@100 for class 0 - precision 1.0000 - recall 0.0000 - f1 0.0001 
INFO:root:VALID measures@100 for class 1 - precision 0.0467 - recall 0.0132 - f1 0.0205 
INFO:root:VALID measures@1000 microavg - precision 0.5035 - recall 0.0003 - f1 0.0006 
INFO:root:VALID measures@1000 for class 0 - precision 1.0000 - recall 0.0003 - f1 0.0006 
INFO:root:VALID measures@1000 for class 1 - precision 0.0070 - recall 0.0197 - f1 0.0103 
INFO:root:VALID Total epoch time: 7.468177748989547
INFO:root:################ TRAIN epoch 41 ###################
INFO:root:TRAIN mean losses tensor(0.0422, device='cuda:0')
INFO:root:TRAIN mean errors 0.031141364946961403
INFO:root:TRAIN mean MRR 0.0 - mean MAP 0.12635213136672974
INFO:root:TRAIN tp {0: tensor(225510, device='cuda:0'), 1: tensor(796, device='cuda:0')},fn {0: tensor(3490, device='cuda:0'), 1: tensor(3784, device='cuda:0')},fp {0: tensor(3784, device='cuda:0'), 1: tensor(3490, device='cuda:0')}
INFO:root:TRAIN measures microavg - precision 0.9689 - recall 0.9689 - f1 0.9689 
INFO:root:TRAIN measures for class 0 - precision 0.9835 - recall 0.9848 - f1 0.9841 
INFO:root:TRAIN measures for class 1 - precision 0.1857 - recall 0.1738 - f1 0.1796 
INFO:root:TRAIN measures@10 microavg - precision 0.7222 - recall 0.0006 - f1 0.0011 
INFO:root:TRAIN measures@10 for class 0 - precision 0.9889 - recall 0.0004 - f1 0.0008 
INFO:root:TRAIN measures@10 for class 1 - precision 0.4556 - recall 0.0090 - f1 0.0176 
INFO:root:TRAIN measures@100 microavg - precision 0.6895 - recall 0.0053 - f1 0.0105 
INFO:root:TRAIN measures@100 for class 0 - precision 0.9878 - recall 0.0039 - f1 0.0077 
INFO:root:TRAIN measures@100 for class 1 - precision 0.3857 - recall 0.0745 - f1 0.1248 
INFO:root:TRAIN measures@1000 microavg - precision 0.7838 - recall 0.0410 - f1 0.0779 
INFO:root:TRAIN measures@1000 for class 0 - precision 0.9889 - recall 0.0389 - f1 0.0748 
INFO:root:TRAIN measures@1000 for class 1 - precision 0.2095 - recall 0.1469 - f1 0.1727 
INFO:root:TRAIN Total epoch time: 1.455258624991984
INFO:root:=> saved epoch checkpoint 'saved_models/EvolveGCN/uc_irv_mess-20250515_053202/epoch_42.pkl'
INFO:root:################ VALID epoch 41 ###################
INFO:root:VALID mean losses tensor(0.0108, device='cuda:0')
INFO:root:VALID mean errors 0.0032077154610306025
INFO:root:VALID mean MRR 0.0738707035779953 - mean MAP 0.005321703385561705
INFO:root:VALID tp {0: tensor(10783742, device='cuda:0'), 1: tensor(158, device='cuda:0')},fn {0: tensor(33797, device='cuda:0'), 1: tensor(906, device='cuda:0')},fp {0: tensor(906, device='cuda:0'), 1: tensor(33797, device='cuda:0')}
INFO:root:VALID measures microavg - precision 0.9968 - recall 0.9968 - f1 0.9968 
INFO:root:VALID measures for class 0 - precision 0.9999 - recall 0.9969 - f1 0.9984 
INFO:root:VALID measures for class 1 - precision 0.0047 - recall 0.1485 - f1 0.0090 
INFO:root:VALID measures@10 microavg - precision 0.5500 - recall 0.0000 - f1 0.0000 
INFO:root:VALID measures@10 for class 0 - precision 1.0000 - recall 0.0000 - f1 0.0000 
INFO:root:VALID measures@10 for class 1 - precision 0.1000 - recall 0.0028 - f1 0.0055 
INFO:root:VALID measures@100 microavg - precision 0.5267 - recall 0.0000 - f1 0.0001 
INFO:root:VALID measures@100 for class 0 - precision 1.0000 - recall 0.0000 - f1 0.0001 
INFO:root:VALID measures@100 for class 1 - precision 0.0533 - recall 0.0150 - f1 0.0235 
INFO:root:VALID measures@1000 microavg - precision 0.5042 - recall 0.0003 - f1 0.0006 
INFO:root:VALID measures@1000 for class 0 - precision 1.0000 - recall 0.0003 - f1 0.0006 
INFO:root:VALID measures@1000 for class 1 - precision 0.0083 - recall 0.0235 - f1 0.0123 
INFO:root:VALID Total epoch time: 7.4832057430030545
INFO:root:################ TRAIN epoch 42 ###################
INFO:root:TRAIN mean losses tensor(0.0424, device='cuda:0')
INFO:root:TRAIN mean errors 0.029822759330272675
INFO:root:TRAIN mean MRR 0.0 - mean MAP 0.13049131631851196
INFO:root:TRAIN tp {0: tensor(225864, device='cuda:0'), 1: tensor(750, device='cuda:0')},fn {0: tensor(3136, device='cuda:0'), 1: tensor(3830, device='cuda:0')},fp {0: tensor(3830, device='cuda:0'), 1: tensor(3136, device='cuda:0')}
INFO:root:TRAIN measures microavg - precision 0.9702 - recall 0.9702 - f1 0.9702 
INFO:root:TRAIN measures for class 0 - precision 0.9833 - recall 0.9863 - f1 0.9848 
INFO:root:TRAIN measures for class 1 - precision 0.1930 - recall 0.1638 - f1 0.1772 
INFO:root:TRAIN measures@10 microavg - precision 0.7833 - recall 0.0006 - f1 0.0012 
INFO:root:TRAIN measures@10 for class 0 - precision 0.9889 - recall 0.0004 - f1 0.0008 
INFO:root:TRAIN measures@10 for class 1 - precision 0.5778 - recall 0.0114 - f1 0.0223 
INFO:root:TRAIN measures@100 microavg - precision 0.7302 - recall 0.0051 - f1 0.0102 
INFO:root:TRAIN measures@100 for class 0 - precision 0.9933 - recall 0.0039 - f1 0.0078 
INFO:root:TRAIN measures@100 for class 1 - precision 0.4111 - recall 0.0666 - f1 0.1146 
INFO:root:TRAIN measures@1000 microavg - precision 0.8154 - recall 0.0405 - f1 0.0772 
INFO:root:TRAIN measures@1000 for class 0 - precision 0.9862 - recall 0.0388 - f1 0.0746 
INFO:root:TRAIN measures@1000 for class 1 - precision 0.2239 - recall 0.1271 - f1 0.1621 
INFO:root:TRAIN Total epoch time: 1.4033264640020207
INFO:root:=> saved epoch checkpoint 'saved_models/EvolveGCN/uc_irv_mess-20250515_053202/epoch_43.pkl'
INFO:root:################ VALID epoch 42 ###################
INFO:root:VALID mean losses tensor(0.0131, device='cuda:0')
INFO:root:VALID mean errors 0.004839996341615915
INFO:root:VALID mean MRR 0.07853098958730698 - mean MAP 0.003464857116341591
INFO:root:VALID tp {0: tensor(10766075, device='cuda:0'), 1: tensor(166, device='cuda:0')},fn {0: tensor(51464, device='cuda:0'), 1: tensor(898, device='cuda:0')},fp {0: tensor(898, device='cuda:0'), 1: tensor(51464, device='cuda:0')}
INFO:root:VALID measures microavg - precision 0.9952 - recall 0.9952 - f1 0.9952 
INFO:root:VALID measures for class 0 - precision 0.9999 - recall 0.9952 - f1 0.9976 
INFO:root:VALID measures for class 1 - precision 0.0032 - recall 0.1560 - f1 0.0063 
INFO:root:VALID measures@10 microavg - precision 0.5500 - recall 0.0000 - f1 0.0000 
INFO:root:VALID measures@10 for class 0 - precision 1.0000 - recall 0.0000 - f1 0.0000 
INFO:root:VALID measures@10 for class 1 - precision 0.1000 - recall 0.0028 - f1 0.0055 
INFO:root:VALID measures@100 microavg - precision 0.5183 - recall 0.0000 - f1 0.0001 
INFO:root:VALID measures@100 for class 0 - precision 1.0000 - recall 0.0000 - f1 0.0001 
INFO:root:VALID measures@100 for class 1 - precision 0.0367 - recall 0.0103 - f1 0.0161 
INFO:root:VALID measures@1000 microavg - precision 0.5037 - recall 0.0003 - f1 0.0006 
INFO:root:VALID measures@1000 for class 0 - precision 1.0000 - recall 0.0003 - f1 0.0006 
INFO:root:VALID measures@1000 for class 1 - precision 0.0073 - recall 0.0207 - f1 0.0108 
INFO:root:VALID Total epoch time: 7.359215282995137
INFO:root:################ TRAIN epoch 43 ###################
INFO:root:TRAIN mean losses tensor(0.0428, device='cuda:0')
INFO:root:TRAIN mean errors 0.0330507755279541
INFO:root:TRAIN mean MRR 0.0 - mean MAP 0.12958970665931702
INFO:root:TRAIN tp {0: tensor(225098, device='cuda:0'), 1: tensor(762, device='cuda:0')},fn {0: tensor(3902, device='cuda:0'), 1: tensor(3818, device='cuda:0')},fp {0: tensor(3818, device='cuda:0'), 1: tensor(3902, device='cuda:0')}
INFO:root:TRAIN measures microavg - precision 0.9669 - recall 0.9669 - f1 0.9669 
INFO:root:TRAIN measures for class 0 - precision 0.9833 - recall 0.9830 - f1 0.9831 
INFO:root:TRAIN measures for class 1 - precision 0.1634 - recall 0.1664 - f1 0.1649 
INFO:root:TRAIN measures@10 microavg - precision 0.7611 - recall 0.0006 - f1 0.0012 
INFO:root:TRAIN measures@10 for class 0 - precision 1.0000 - recall 0.0004 - f1 0.0008 
INFO:root:TRAIN measures@10 for class 1 - precision 0.5222 - recall 0.0103 - f1 0.0201 
INFO:root:TRAIN measures@100 microavg - precision 0.7561 - recall 0.0050 - f1 0.0099 
INFO:root:TRAIN measures@100 for class 0 - precision 0.9911 - recall 0.0039 - f1 0.0078 
INFO:root:TRAIN measures@100 for class 1 - precision 0.4288 - recall 0.0605 - f1 0.1060 
INFO:root:TRAIN measures@1000 microavg - precision 0.8148 - recall 0.0406 - f1 0.0773 
INFO:root:TRAIN measures@1000 for class 0 - precision 0.9886 - recall 0.0389 - f1 0.0748 
INFO:root:TRAIN measures@1000 for class 1 - precision 0.2199 - recall 0.1262 - f1 0.1604 
INFO:root:TRAIN Total epoch time: 1.4520031519932672
INFO:root:=> saved epoch checkpoint 'saved_models/EvolveGCN/uc_irv_mess-20250515_053202/epoch_44.pkl'
INFO:root:################ VALID epoch 43 ###################
INFO:root:VALID mean losses tensor(0.0155, device='cuda:0')
INFO:root:VALID mean errors 0.0025370188523083925
INFO:root:VALID mean MRR 0.07192603498697281 - mean MAP 0.0034807766787707806
INFO:root:VALID tp {0: tensor(10791046, device='cuda:0'), 1: tensor(110, device='cuda:0')},fn {0: tensor(26493, device='cuda:0'), 1: tensor(954, device='cuda:0')},fp {0: tensor(954, device='cuda:0'), 1: tensor(26493, device='cuda:0')}
INFO:root:VALID measures microavg - precision 0.9975 - recall 0.9975 - f1 0.9975 
INFO:root:VALID measures for class 0 - precision 0.9999 - recall 0.9976 - f1 0.9987 
INFO:root:VALID measures for class 1 - precision 0.0041 - recall 0.1034 - f1 0.0080 
INFO:root:VALID measures@10 microavg - precision 0.5667 - recall 0.0000 - f1 0.0000 
INFO:root:VALID measures@10 for class 0 - precision 1.0000 - recall 0.0000 - f1 0.0000 
INFO:root:VALID measures@10 for class 1 - precision 0.1333 - recall 0.0038 - f1 0.0073 
INFO:root:VALID measures@100 microavg - precision 0.5200 - recall 0.0000 - f1 0.0001 
INFO:root:VALID measures@100 for class 0 - precision 1.0000 - recall 0.0000 - f1 0.0001 
INFO:root:VALID measures@100 for class 1 - precision 0.0400 - recall 0.0113 - f1 0.0176 
INFO:root:VALID measures@1000 microavg - precision 0.5667 - recall 0.0003 - f1 0.0006 
INFO:root:VALID measures@1000 for class 0 - precision 0.9997 - recall 0.0003 - f1 0.0006 
INFO:root:VALID measures@1000 for class 1 - precision 0.0094 - recall 0.0207 - f1 0.0130 
INFO:root:VALID Total epoch time: 7.352771874007885
INFO:root:################ TRAIN epoch 44 ###################
INFO:root:TRAIN mean losses tensor(0.0422, device='cuda:0')
INFO:root:TRAIN mean errors 0.03454919159412384
INFO:root:TRAIN mean MRR 0.0 - mean MAP 0.1274522840976715
INFO:root:TRAIN tp {0: tensor(224633, device='cuda:0'), 1: tensor(877, device='cuda:0')},fn {0: tensor(4367, device='cuda:0'), 1: tensor(3703, device='cuda:0')},fp {0: tensor(3703, device='cuda:0'), 1: tensor(4367, device='cuda:0')}
INFO:root:TRAIN measures microavg - precision 0.9655 - recall 0.9655 - f1 0.9655 
INFO:root:TRAIN measures for class 0 - precision 0.9838 - recall 0.9809 - f1 0.9824 
INFO:root:TRAIN measures for class 1 - precision 0.1672 - recall 0.1915 - f1 0.1785 
INFO:root:TRAIN measures@10 microavg - precision 0.7056 - recall 0.0005 - f1 0.0011 
INFO:root:TRAIN measures@10 for class 0 - precision 1.0000 - recall 0.0004 - f1 0.0008 
INFO:root:TRAIN measures@10 for class 1 - precision 0.4111 - recall 0.0081 - f1 0.0158 
INFO:root:TRAIN measures@100 microavg - precision 0.6845 - recall 0.0053 - f1 0.0105 
INFO:root:TRAIN measures@100 for class 0 - precision 0.9911 - recall 0.0039 - f1 0.0078 
INFO:root:TRAIN measures@100 for class 1 - precision 0.3768 - recall 0.0738 - f1 0.1234 
INFO:root:TRAIN measures@1000 microavg - precision 0.7458 - recall 0.0414 - f1 0.0785 
INFO:root:TRAIN measures@1000 for class 0 - precision 0.9916 - recall 0.0390 - f1 0.0750 
INFO:root:TRAIN measures@1000 for class 1 - precision 0.1896 - recall 0.1646 - f1 0.1763 
INFO:root:TRAIN Total epoch time: 1.3773898359941086
INFO:root:=> saved epoch checkpoint 'saved_models/EvolveGCN/uc_irv_mess-20250515_053202/epoch_45.pkl'
INFO:root:################ VALID epoch 44 ###################
INFO:root:VALID mean losses tensor(0.0121, device='cuda:0')
INFO:root:VALID mean errors 0.001595307607203722
INFO:root:VALID mean MRR 0.07020661234855652 - mean MAP 0.00491618225350976
INFO:root:VALID tp {0: tensor(10801245, device='cuda:0'), 1: tensor(99, device='cuda:0')},fn {0: tensor(16294, device='cuda:0'), 1: tensor(965, device='cuda:0')},fp {0: tensor(965, device='cuda:0'), 1: tensor(16294, device='cuda:0')}
INFO:root:VALID measures microavg - precision 0.9984 - recall 0.9984 - f1 0.9984 
INFO:root:VALID measures for class 0 - precision 0.9999 - recall 0.9985 - f1 0.9992 
INFO:root:VALID measures for class 1 - precision 0.0060 - recall 0.0930 - f1 0.0113 
INFO:root:VALID measures@10 microavg - precision 0.5500 - recall 0.0000 - f1 0.0000 
INFO:root:VALID measures@10 for class 0 - precision 1.0000 - recall 0.0000 - f1 0.0000 
INFO:root:VALID measures@10 for class 1 - precision 0.1000 - recall 0.0028 - f1 0.0055 
INFO:root:VALID measures@100 microavg - precision 0.5267 - recall 0.0000 - f1 0.0001 
INFO:root:VALID measures@100 for class 0 - precision 1.0000 - recall 0.0000 - f1 0.0001 
INFO:root:VALID measures@100 for class 1 - precision 0.0533 - recall 0.0150 - f1 0.0235 
INFO:root:VALID measures@1000 microavg - precision 0.5131 - recall 0.0003 - f1 0.0006 
INFO:root:VALID measures@1000 for class 0 - precision 1.0000 - recall 0.0003 - f1 0.0006 
INFO:root:VALID measures@1000 for class 1 - precision 0.0100 - recall 0.0273 - f1 0.0146 
INFO:root:VALID Total epoch time: 7.425565489989822
INFO:root:################ TRAIN epoch 45 ###################
INFO:root:TRAIN mean losses tensor(0.0423, device='cuda:0')
INFO:root:TRAIN mean errors 0.0289408341050148
INFO:root:TRAIN mean MRR 0.0 - mean MAP 0.12991495430469513
INFO:root:TRAIN tp {0: tensor(226094, device='cuda:0'), 1: tensor(726, device='cuda:0')},fn {0: tensor(2906, device='cuda:0'), 1: tensor(3854, device='cuda:0')},fp {0: tensor(3854, device='cuda:0'), 1: tensor(2906, device='cuda:0')}
INFO:root:TRAIN measures microavg - precision 0.9711 - recall 0.9711 - f1 0.9711 
INFO:root:TRAIN measures for class 0 - precision 0.9832 - recall 0.9873 - f1 0.9853 
INFO:root:TRAIN measures for class 1 - precision 0.1999 - recall 0.1585 - f1 0.1768 
INFO:root:TRAIN measures@10 microavg - precision 0.7833 - recall 0.0006 - f1 0.0012 
INFO:root:TRAIN measures@10 for class 0 - precision 1.0000 - recall 0.0004 - f1 0.0008 
INFO:root:TRAIN measures@10 for class 1 - precision 0.5667 - recall 0.0111 - f1 0.0218 
INFO:root:TRAIN measures@100 microavg - precision 0.6939 - recall 0.0053 - f1 0.0105 
INFO:root:TRAIN measures@100 for class 0 - precision 0.9944 - recall 0.0039 - f1 0.0078 
INFO:root:TRAIN measures@100 for class 1 - precision 0.3854 - recall 0.0738 - f1 0.1239 
INFO:root:TRAIN measures@1000 microavg - precision 0.7926 - recall 0.0410 - f1 0.0780 
INFO:root:TRAIN measures@1000 for class 0 - precision 0.9891 - recall 0.0389 - f1 0.0748 
INFO:root:TRAIN measures@1000 for class 1 - precision 0.2184 - recall 0.1469 - f1 0.1757 
INFO:root:TRAIN Total epoch time: 1.3570010049879784
INFO:root:=> saved epoch checkpoint 'saved_models/EvolveGCN/uc_irv_mess-20250515_053202/epoch_46.pkl'
INFO:root:################ VALID epoch 45 ###################
INFO:root:VALID mean losses tensor(0.0119, device='cuda:0')
INFO:root:VALID mean errors 0.0036181197501719
INFO:root:VALID mean MRR 0.07405491173267365 - mean MAP 0.004380893427878618
INFO:root:VALID tp {0: tensor(10779308, device='cuda:0'), 1: tensor(152, device='cuda:0')},fn {0: tensor(38231, device='cuda:0'), 1: tensor(912, device='cuda:0')},fp {0: tensor(912, device='cuda:0'), 1: tensor(38231, device='cuda:0')}
INFO:root:VALID measures microavg - precision 0.9964 - recall 0.9964 - f1 0.9964 
INFO:root:VALID measures for class 0 - precision 0.9999 - recall 0.9965 - f1 0.9982 
INFO:root:VALID measures for class 1 - precision 0.0040 - recall 0.1429 - f1 0.0077 
INFO:root:VALID measures@10 microavg - precision 0.5500 - recall 0.0000 - f1 0.0000 
INFO:root:VALID measures@10 for class 0 - precision 1.0000 - recall 0.0000 - f1 0.0000 
INFO:root:VALID measures@10 for class 1 - precision 0.1000 - recall 0.0028 - f1 0.0055 
INFO:root:VALID measures@100 microavg - precision 0.5233 - recall 0.0000 - f1 0.0001 
INFO:root:VALID measures@100 for class 0 - precision 1.0000 - recall 0.0000 - f1 0.0001 
INFO:root:VALID measures@100 for class 1 - precision 0.0467 - recall 0.0132 - f1 0.0205 
INFO:root:VALID measures@1000 microavg - precision 0.5037 - recall 0.0003 - f1 0.0006 
INFO:root:VALID measures@1000 for class 0 - precision 0.9993 - recall 0.0003 - f1 0.0006 
INFO:root:VALID measures@1000 for class 1 - precision 0.0080 - recall 0.0226 - f1 0.0118 
INFO:root:VALID Total epoch time: 7.433008505002363
INFO:root:################ TRAIN epoch 46 ###################
INFO:root:TRAIN mean losses tensor(0.0423, device='cuda:0')
INFO:root:TRAIN mean errors 0.02883380465209484
INFO:root:TRAIN mean MRR 0.0 - mean MAP 0.13079452514648438
INFO:root:TRAIN tp {0: tensor(226099, device='cuda:0'), 1: tensor(746, device='cuda:0')},fn {0: tensor(2901, device='cuda:0'), 1: tensor(3834, device='cuda:0')},fp {0: tensor(3834, device='cuda:0'), 1: tensor(2901, device='cuda:0')}
INFO:root:TRAIN measures microavg - precision 0.9712 - recall 0.9712 - f1 0.9712 
INFO:root:TRAIN measures for class 0 - precision 0.9833 - recall 0.9873 - f1 0.9853 
INFO:root:TRAIN measures for class 1 - precision 0.2046 - recall 0.1629 - f1 0.1814 
INFO:root:TRAIN measures@10 microavg - precision 0.7722 - recall 0.0006 - f1 0.0012 
INFO:root:TRAIN measures@10 for class 0 - precision 1.0000 - recall 0.0004 - f1 0.0008 
INFO:root:TRAIN measures@10 for class 1 - precision 0.5444 - recall 0.0107 - f1 0.0210 
INFO:root:TRAIN measures@100 microavg - precision 0.7076 - recall 0.0052 - f1 0.0103 
INFO:root:TRAIN measures@100 for class 0 - precision 0.9967 - recall 0.0039 - f1 0.0078 
INFO:root:TRAIN measures@100 for class 1 - precision 0.3902 - recall 0.0699 - f1 0.1185 
INFO:root:TRAIN measures@1000 microavg - precision 0.8213 - recall 0.0410 - f1 0.0781 
INFO:root:TRAIN measures@1000 for class 0 - precision 0.9942 - recall 0.0391 - f1 0.0752 
INFO:root:TRAIN measures@1000 for class 1 - precision 0.2351 - recall 0.1362 - f1 0.1725 
INFO:root:TRAIN Total epoch time: 1.3604015839955537
INFO:root:=> saved epoch checkpoint 'saved_models/EvolveGCN/uc_irv_mess-20250515_053202/epoch_47.pkl'
INFO:root:################ VALID epoch 46 ###################
INFO:root:VALID mean losses tensor(0.0129, device='cuda:0')
INFO:root:VALID mean errors 0.003818515222519636
INFO:root:VALID mean MRR 0.08045018464326859 - mean MAP 0.0035377400927245617
INFO:root:VALID tp {0: tensor(10777153, device='cuda:0'), 1: tensor(139, device='cuda:0')},fn {0: tensor(40386, device='cuda:0'), 1: tensor(925, device='cuda:0')},fp {0: tensor(925, device='cuda:0'), 1: tensor(40386, device='cuda:0')}
INFO:root:VALID measures microavg - precision 0.9962 - recall 0.9962 - f1 0.9962 
INFO:root:VALID measures for class 0 - precision 0.9999 - recall 0.9963 - f1 0.9981 
INFO:root:VALID measures for class 1 - precision 0.0034 - recall 0.1306 - f1 0.0067 
INFO:root:VALID measures@10 microavg - precision 0.5333 - recall 0.0000 - f1 0.0000 
INFO:root:VALID measures@10 for class 0 - precision 1.0000 - recall 0.0000 - f1 0.0000 
INFO:root:VALID measures@10 for class 1 - precision 0.0667 - recall 0.0019 - f1 0.0037 
INFO:root:VALID measures@100 microavg - precision 0.5233 - recall 0.0000 - f1 0.0001 
INFO:root:VALID measures@100 for class 0 - precision 1.0000 - recall 0.0000 - f1 0.0001 
INFO:root:VALID measures@100 for class 1 - precision 0.0467 - recall 0.0132 - f1 0.0205 
INFO:root:VALID measures@1000 microavg - precision 0.5027 - recall 0.0003 - f1 0.0006 
INFO:root:VALID measures@1000 for class 0 - precision 0.9997 - recall 0.0003 - f1 0.0006 
INFO:root:VALID measures@1000 for class 1 - precision 0.0057 - recall 0.0160 - f1 0.0084 
INFO:root:VALID Total epoch time: 7.389052393002203
INFO:root:################ TRAIN epoch 47 ###################
INFO:root:TRAIN mean losses tensor(0.0425, device='cuda:0')
INFO:root:TRAIN mean errors 0.033397551625967026
INFO:root:TRAIN mean MRR 0.0 - mean MAP 0.1329367607831955
INFO:root:TRAIN tp {0: tensor(224940, device='cuda:0'), 1: tensor(839, device='cuda:0')},fn {0: tensor(4060, device='cuda:0'), 1: tensor(3741, device='cuda:0')},fp {0: tensor(3741, device='cuda:0'), 1: tensor(4060, device='cuda:0')}
INFO:root:TRAIN measures microavg - precision 0.9666 - recall 0.9666 - f1 0.9666 
INFO:root:TRAIN measures for class 0 - precision 0.9836 - recall 0.9823 - f1 0.9830 
INFO:root:TRAIN measures for class 1 - precision 0.1713 - recall 0.1832 - f1 0.1770 
INFO:root:TRAIN measures@10 microavg - precision 0.7667 - recall 0.0006 - f1 0.0012 
INFO:root:TRAIN measures@10 for class 0 - precision 1.0000 - recall 0.0004 - f1 0.0008 
INFO:root:TRAIN measures@10 for class 1 - precision 0.5333 - recall 0.0105 - f1 0.0206 
INFO:root:TRAIN measures@100 microavg - precision 0.6982 - recall 0.0052 - f1 0.0104 
INFO:root:TRAIN measures@100 for class 0 - precision 0.9922 - recall 0.0039 - f1 0.0078 
INFO:root:TRAIN measures@100 for class 1 - precision 0.3880 - recall 0.0723 - f1 0.1218 
INFO:root:TRAIN measures@1000 microavg - precision 0.7761 - recall 0.0413 - f1 0.0784 
INFO:root:TRAIN measures@1000 for class 0 - precision 0.9914 - recall 0.0390 - f1 0.0750 
INFO:root:TRAIN measures@1000 for class 1 - precision 0.2098 - recall 0.1568 - f1 0.1794 
INFO:root:TRAIN Total epoch time: 1.356876234000083
INFO:root:=> saved epoch checkpoint 'saved_models/EvolveGCN/uc_irv_mess-20250515_053202/epoch_48.pkl'
INFO:root:################ VALID epoch 47 ###################
INFO:root:VALID mean losses tensor(0.0134, device='cuda:0')
INFO:root:VALID mean errors 0.0018468188354745507
INFO:root:VALID mean MRR 0.07428689301013947 - mean MAP 0.0043777539394795895
INFO:root:VALID tp {0: tensor(10798514, device='cuda:0'), 1: tensor(109, device='cuda:0')},fn {0: tensor(19025, device='cuda:0'), 1: tensor(955, device='cuda:0')},fp {0: tensor(955, device='cuda:0'), 1: tensor(19025, device='cuda:0')}
INFO:root:VALID measures microavg - precision 0.9982 - recall 0.9982 - f1 0.9982 
INFO:root:VALID measures for class 0 - precision 0.9999 - recall 0.9982 - f1 0.9991 
INFO:root:VALID measures for class 1 - precision 0.0057 - recall 0.1024 - f1 0.0108 
INFO:root:VALID measures@10 microavg - precision 0.5833 - recall 0.0000 - f1 0.0000 
INFO:root:VALID measures@10 for class 0 - precision 1.0000 - recall 0.0000 - f1 0.0000 
INFO:root:VALID measures@10 for class 1 - precision 0.1667 - recall 0.0047 - f1 0.0091 
INFO:root:VALID measures@100 microavg - precision 0.5283 - recall 0.0000 - f1 0.0001 
INFO:root:VALID measures@100 for class 0 - precision 1.0000 - recall 0.0000 - f1 0.0001 
INFO:root:VALID measures@100 for class 1 - precision 0.0567 - recall 0.0160 - f1 0.0249 
INFO:root:VALID measures@1000 microavg - precision 0.5045 - recall 0.0003 - f1 0.0006 
INFO:root:VALID measures@1000 for class 0 - precision 1.0000 - recall 0.0003 - f1 0.0006 
INFO:root:VALID measures@1000 for class 1 - precision 0.0090 - recall 0.0254 - f1 0.0133 
INFO:root:VALID Total epoch time: 7.333846420006012
INFO:root:################ TRAIN epoch 48 ###################
INFO:root:TRAIN mean losses tensor(0.0423, device='cuda:0')
INFO:root:TRAIN mean errors 0.03169363737106323
INFO:root:TRAIN mean MRR 0.0 - mean MAP 0.13123658299446106
INFO:root:TRAIN tp {0: tensor(225352, device='cuda:0'), 1: tensor(825, device='cuda:0')},fn {0: tensor(3648, device='cuda:0'), 1: tensor(3755, device='cuda:0')},fp {0: tensor(3755, device='cuda:0'), 1: tensor(3648, device='cuda:0')}
INFO:root:TRAIN measures microavg - precision 0.9683 - recall 0.9683 - f1 0.9683 
INFO:root:TRAIN measures for class 0 - precision 0.9836 - recall 0.9841 - f1 0.9838 
INFO:root:TRAIN measures for class 1 - precision 0.1844 - recall 0.1801 - f1 0.1823 
INFO:root:TRAIN measures@10 microavg - precision 0.7556 - recall 0.0006 - f1 0.0012 
INFO:root:TRAIN measures@10 for class 0 - precision 0.9889 - recall 0.0004 - f1 0.0008 
INFO:root:TRAIN measures@10 for class 1 - precision 0.5222 - recall 0.0103 - f1 0.0201 
INFO:root:TRAIN measures@100 microavg - precision 0.6934 - recall 0.0053 - f1 0.0105 
INFO:root:TRAIN measures@100 for class 0 - precision 0.9956 - recall 0.0039 - f1 0.0078 
INFO:root:TRAIN measures@100 for class 1 - precision 0.3857 - recall 0.0745 - f1 0.1248 
INFO:root:TRAIN measures@1000 microavg - precision 0.7551 - recall 0.0413 - f1 0.0782 
INFO:root:TRAIN measures@1000 for class 0 - precision 0.9886 - recall 0.0389 - f1 0.0748 
INFO:root:TRAIN measures@1000 for class 1 - precision 0.1967 - recall 0.1616 - f1 0.1774 
INFO:root:TRAIN Total epoch time: 1.3685520920116687
INFO:root:=> saved epoch checkpoint 'saved_models/EvolveGCN/uc_irv_mess-20250515_053202/epoch_49.pkl'
INFO:root:################ VALID epoch 48 ###################
INFO:root:VALID mean losses tensor(0.0106, device='cuda:0')
INFO:root:VALID mean errors 0.0024712062440812588
INFO:root:VALID mean MRR 0.07330850511789322 - mean MAP 0.004314080346375704
INFO:root:VALID tp {0: tensor(10791746, device='cuda:0'), 1: tensor(122, device='cuda:0')},fn {0: tensor(25793, device='cuda:0'), 1: tensor(942, device='cuda:0')},fp {0: tensor(942, device='cuda:0'), 1: tensor(25793, device='cuda:0')}
INFO:root:VALID measures microavg - precision 0.9975 - recall 0.9975 - f1 0.9975 
INFO:root:VALID measures for class 0 - precision 0.9999 - recall 0.9976 - f1 0.9988 
INFO:root:VALID measures for class 1 - precision 0.0047 - recall 0.1147 - f1 0.0090 
INFO:root:VALID measures@10 microavg - precision 0.5833 - recall 0.0000 - f1 0.0000 
INFO:root:VALID measures@10 for class 0 - precision 1.0000 - recall 0.0000 - f1 0.0000 
INFO:root:VALID measures@10 for class 1 - precision 0.1667 - recall 0.0047 - f1 0.0091 
INFO:root:VALID measures@100 microavg - precision 0.5250 - recall 0.0000 - f1 0.0001 
INFO:root:VALID measures@100 for class 0 - precision 1.0000 - recall 0.0000 - f1 0.0001 
INFO:root:VALID measures@100 for class 1 - precision 0.0500 - recall 0.0141 - f1 0.0220 
INFO:root:VALID measures@1000 microavg - precision 0.5037 - recall 0.0003 - f1 0.0006 
INFO:root:VALID measures@1000 for class 0 - precision 0.9993 - recall 0.0003 - f1 0.0006 
INFO:root:VALID measures@1000 for class 1 - precision 0.0080 - recall 0.0226 - f1 0.0118 
INFO:root:VALID Total epoch time: 7.410502136001014
INFO:root:################ TRAIN epoch 49 ###################
INFO:root:TRAIN mean losses tensor(0.0422, device='cuda:0')
INFO:root:TRAIN mean errors 0.029197707772254944
INFO:root:TRAIN mean MRR 0.0 - mean MAP 0.13070286810398102
INFO:root:TRAIN tp {0: tensor(225999, device='cuda:0'), 1: tensor(761, device='cuda:0')},fn {0: tensor(3001, device='cuda:0'), 1: tensor(3819, device='cuda:0')},fp {0: tensor(3819, device='cuda:0'), 1: tensor(3001, device='cuda:0')}
INFO:root:TRAIN measures microavg - precision 0.9708 - recall 0.9708 - f1 0.9708 
INFO:root:TRAIN measures for class 0 - precision 0.9834 - recall 0.9869 - f1 0.9851 
INFO:root:TRAIN measures for class 1 - precision 0.2023 - recall 0.1662 - f1 0.1825 
INFO:root:TRAIN measures@10 microavg - precision 0.7444 - recall 0.0006 - f1 0.0011 
INFO:root:TRAIN measures@10 for class 0 - precision 1.0000 - recall 0.0004 - f1 0.0008 
INFO:root:TRAIN measures@10 for class 1 - precision 0.4889 - recall 0.0096 - f1 0.0188 
INFO:root:TRAIN measures@100 microavg - precision 0.6951 - recall 0.0053 - f1 0.0105 
INFO:root:TRAIN measures@100 for class 0 - precision 0.9933 - recall 0.0039 - f1 0.0078 
INFO:root:TRAIN measures@100 for class 1 - precision 0.3914 - recall 0.0755 - f1 0.1266 
INFO:root:TRAIN measures@1000 microavg - precision 0.7872 - recall 0.0411 - f1 0.0781 
INFO:root:TRAIN measures@1000 for class 0 - precision 0.9891 - recall 0.0389 - f1 0.0748 
INFO:root:TRAIN measures@1000 for class 1 - precision 0.2177 - recall 0.1517 - f1 0.1788 
INFO:root:TRAIN Total epoch time: 1.3743620800087228
INFO:root:=> saved epoch checkpoint 'saved_models/EvolveGCN/uc_irv_mess-20250515_053202/epoch_50.pkl'
INFO:root:################ VALID epoch 49 ###################
INFO:root:VALID mean losses tensor(0.0091, device='cuda:0')
INFO:root:VALID mean errors 0.0019491425482556224
INFO:root:VALID mean MRR 0.07266800850629807 - mean MAP 0.005459372419863939
INFO:root:VALID tp {0: tensor(10797376, device='cuda:0'), 1: tensor(140, device='cuda:0')},fn {0: tensor(20163, device='cuda:0'), 1: tensor(924, device='cuda:0')},fp {0: tensor(924, device='cuda:0'), 1: tensor(20163, device='cuda:0')}
INFO:root:VALID measures microavg - precision 0.9981 - recall 0.9981 - f1 0.9981 
INFO:root:VALID measures for class 0 - precision 0.9999 - recall 0.9981 - f1 0.9990 
INFO:root:VALID measures for class 1 - precision 0.0069 - recall 0.1316 - f1 0.0131 
INFO:root:VALID measures@10 microavg - precision 0.5667 - recall 0.0000 - f1 0.0000 
INFO:root:VALID measures@10 for class 0 - precision 1.0000 - recall 0.0000 - f1 0.0000 
INFO:root:VALID measures@10 for class 1 - precision 0.1333 - recall 0.0038 - f1 0.0073 
INFO:root:VALID measures@100 microavg - precision 0.5300 - recall 0.0000 - f1 0.0001 
INFO:root:VALID measures@100 for class 0 - precision 0.9967 - recall 0.0000 - f1 0.0001 
INFO:root:VALID measures@100 for class 1 - precision 0.0633 - recall 0.0179 - f1 0.0279 
INFO:root:VALID measures@1000 microavg - precision 0.5062 - recall 0.0003 - f1 0.0006 
INFO:root:VALID measures@1000 for class 0 - precision 0.9993 - recall 0.0003 - f1 0.0006 
INFO:root:VALID measures@1000 for class 1 - precision 0.0127 - recall 0.0357 - f1 0.0187 
INFO:root:VALID Total epoch time: 7.390369891989394
INFO:root:################ TRAIN epoch 50 ###################
INFO:root:TRAIN mean losses tensor(0.0422, device='cuda:0')
INFO:root:TRAIN mean errors 0.03078174591064453
INFO:root:TRAIN mean MRR 0.0 - mean MAP 0.13265293836593628
INFO:root:TRAIN tp {0: tensor(225587, device='cuda:0'), 1: tensor(803, device='cuda:0')},fn {0: tensor(3413, device='cuda:0'), 1: tensor(3777, device='cuda:0')},fp {0: tensor(3777, device='cuda:0'), 1: tensor(3413, device='cuda:0')}
INFO:root:TRAIN measures microavg - precision 0.9692 - recall 0.9692 - f1 0.9692 
INFO:root:TRAIN measures for class 0 - precision 0.9835 - recall 0.9851 - f1 0.9843 
INFO:root:TRAIN measures for class 1 - precision 0.1905 - recall 0.1753 - f1 0.1826 
INFO:root:TRAIN measures@10 microavg - precision 0.7833 - recall 0.0006 - f1 0.0012 
INFO:root:TRAIN measures@10 for class 0 - precision 1.0000 - recall 0.0004 - f1 0.0008 
INFO:root:TRAIN measures@10 for class 1 - precision 0.5667 - recall 0.0111 - f1 0.0218 
INFO:root:TRAIN measures@100 microavg - precision 0.6819 - recall 0.0052 - f1 0.0104 
INFO:root:TRAIN measures@100 for class 0 - precision 0.9922 - recall 0.0039 - f1 0.0078 
INFO:root:TRAIN measures@100 for class 1 - precision 0.3678 - recall 0.0714 - f1 0.1196 
INFO:root:TRAIN measures@1000 microavg - precision 0.7871 - recall 0.0412 - f1 0.0784 
INFO:root:TRAIN measures@1000 for class 0 - precision 0.9926 - recall 0.0390 - f1 0.0751 
INFO:root:TRAIN measures@1000 for class 1 - precision 0.2161 - recall 0.1528 - f1 0.1791 
INFO:root:TRAIN Total epoch time: 1.410304327000631
INFO:root:=> saved epoch checkpoint 'saved_models/EvolveGCN/uc_irv_mess-20250515_053202/epoch_51.pkl'
INFO:root:################ VALID epoch 50 ###################
INFO:root:VALID mean losses tensor(0.0092, device='cuda:0')
INFO:root:VALID mean errors 0.001726378221064806
INFO:root:VALID mean MRR 0.07442942261695862 - mean MAP 0.0047277845442295074
INFO:root:VALID tp {0: tensor(10799796, device='cuda:0'), 1: tensor(130, device='cuda:0')},fn {0: tensor(17743, device='cuda:0'), 1: tensor(934, device='cuda:0')},fp {0: tensor(934, device='cuda:0'), 1: tensor(17743, device='cuda:0')}
INFO:root:VALID measures microavg - precision 0.9983 - recall 0.9983 - f1 0.9983 
INFO:root:VALID measures for class 0 - precision 0.9999 - recall 0.9984 - f1 0.9991 
INFO:root:VALID measures for class 1 - precision 0.0073 - recall 0.1222 - f1 0.0137 
INFO:root:VALID measures@10 microavg - precision 0.5667 - recall 0.0000 - f1 0.0000 
INFO:root:VALID measures@10 for class 0 - precision 1.0000 - recall 0.0000 - f1 0.0000 
INFO:root:VALID measures@10 for class 1 - precision 0.1333 - recall 0.0038 - f1 0.0073 
INFO:root:VALID measures@100 microavg - precision 0.5333 - recall 0.0000 - f1 0.0001 
INFO:root:VALID measures@100 for class 0 - precision 1.0000 - recall 0.0000 - f1 0.0001 
INFO:root:VALID measures@100 for class 1 - precision 0.0667 - recall 0.0188 - f1 0.0293 
INFO:root:VALID measures@1000 microavg - precision 0.5805 - recall 0.0003 - f1 0.0006 
INFO:root:VALID measures@1000 for class 0 - precision 0.9997 - recall 0.0003 - f1 0.0006 
INFO:root:VALID measures@1000 for class 1 - precision 0.0135 - recall 0.0282 - f1 0.0183 
INFO:root:VALID Total epoch time: 7.566412461994332
INFO:root:################ TRAIN epoch 51 ###################
INFO:root:TRAIN mean losses tensor(0.0420, device='cuda:0')
INFO:root:TRAIN mean errors 0.03181779384613037
INFO:root:TRAIN mean MRR 0.0 - mean MAP 0.1317577213048935
INFO:root:TRAIN tp {0: tensor(225315, device='cuda:0'), 1: tensor(833, device='cuda:0')},fn {0: tensor(3685, device='cuda:0'), 1: tensor(3747, device='cuda:0')},fp {0: tensor(3747, device='cuda:0'), 1: tensor(3685, device='cuda:0')}
INFO:root:TRAIN measures microavg - precision 0.9682 - recall 0.9682 - f1 0.9682 
INFO:root:TRAIN measures for class 0 - precision 0.9836 - recall 0.9839 - f1 0.9838 
INFO:root:TRAIN measures for class 1 - precision 0.1844 - recall 0.1819 - f1 0.1831 
INFO:root:TRAIN measures@10 microavg - precision 0.7611 - recall 0.0006 - f1 0.0012 
INFO:root:TRAIN measures@10 for class 0 - precision 1.0000 - recall 0.0004 - f1 0.0008 
INFO:root:TRAIN measures@10 for class 1 - precision 0.5222 - recall 0.0103 - f1 0.0201 
INFO:root:TRAIN measures@100 microavg - precision 0.6880 - recall 0.0053 - f1 0.0105 
INFO:root:TRAIN measures@100 for class 0 - precision 0.9989 - recall 0.0039 - f1 0.0078 
INFO:root:TRAIN measures@100 for class 1 - precision 0.3764 - recall 0.0738 - f1 0.1234 
INFO:root:TRAIN measures@1000 microavg - precision 0.7643 - recall 0.0414 - f1 0.0785 
INFO:root:TRAIN measures@1000 for class 0 - precision 0.9908 - recall 0.0389 - f1 0.0749 
INFO:root:TRAIN measures@1000 for class 1 - precision 0.2043 - recall 0.1624 - f1 0.1810 
INFO:root:TRAIN Total epoch time: 1.455076143000042
INFO:root:=> saved epoch checkpoint 'saved_models/EvolveGCN/uc_irv_mess-20250515_053202/epoch_52.pkl'
INFO:root:################ VALID epoch 51 ###################
INFO:root:VALID mean losses tensor(0.0097, device='cuda:0')
INFO:root:VALID mean errors 0.0016531709115952253
INFO:root:VALID mean MRR 0.07324907183647156 - mean MAP 0.005725678522139788
INFO:root:VALID tp {0: tensor(10800590, device='cuda:0'), 1: tensor(128, device='cuda:0')},fn {0: tensor(16949, device='cuda:0'), 1: tensor(936, device='cuda:0')},fp {0: tensor(936, device='cuda:0'), 1: tensor(16949, device='cuda:0')}
INFO:root:VALID measures microavg - precision 0.9983 - recall 0.9983 - f1 0.9983 
INFO:root:VALID measures for class 0 - precision 0.9999 - recall 0.9984 - f1 0.9992 
INFO:root:VALID measures for class 1 - precision 0.0075 - recall 0.1203 - f1 0.0141 
INFO:root:VALID measures@10 microavg - precision 0.5500 - recall 0.0000 - f1 0.0000 
INFO:root:VALID measures@10 for class 0 - precision 1.0000 - recall 0.0000 - f1 0.0000 
INFO:root:VALID measures@10 for class 1 - precision 0.1000 - recall 0.0028 - f1 0.0055 
INFO:root:VALID measures@100 microavg - precision 0.5350 - recall 0.0000 - f1 0.0001 
INFO:root:VALID measures@100 for class 0 - precision 1.0000 - recall 0.0000 - f1 0.0001 
INFO:root:VALID measures@100 for class 1 - precision 0.0700 - recall 0.0197 - f1 0.0308 
INFO:root:VALID measures@1000 microavg - precision 0.5839 - recall 0.0003 - f1 0.0006 
INFO:root:VALID measures@1000 for class 0 - precision 1.0000 - recall 0.0003 - f1 0.0006 
INFO:root:VALID measures@1000 for class 1 - precision 0.0199 - recall 0.0414 - f1 0.0269 
INFO:root:VALID Total epoch time: 7.460200583009282
INFO:root:################ TRAIN epoch 52 ###################
INFO:root:TRAIN mean losses tensor(0.0419, device='cuda:0')
INFO:root:TRAIN mean errors 0.031393956393003464
INFO:root:TRAIN mean MRR 0.0 - mean MAP 0.1344548761844635
INFO:root:TRAIN tp {0: tensor(225419, device='cuda:0'), 1: tensor(828, device='cuda:0')},fn {0: tensor(3581, device='cuda:0'), 1: tensor(3752, device='cuda:0')},fp {0: tensor(3752, device='cuda:0'), 1: tensor(3581, device='cuda:0')}
INFO:root:TRAIN measures microavg - precision 0.9686 - recall 0.9686 - f1 0.9686 
INFO:root:TRAIN measures for class 0 - precision 0.9836 - recall 0.9844 - f1 0.9840 
INFO:root:TRAIN measures for class 1 - precision 0.1878 - recall 0.1808 - f1 0.1842 
INFO:root:TRAIN measures@10 microavg - precision 0.7556 - recall 0.0006 - f1 0.0012 
INFO:root:TRAIN measures@10 for class 0 - precision 1.0000 - recall 0.0004 - f1 0.0008 
INFO:root:TRAIN measures@10 for class 1 - precision 0.5111 - recall 0.0100 - f1 0.0197 
INFO:root:TRAIN measures@100 microavg - precision 0.6862 - recall 0.0053 - f1 0.0105 
INFO:root:TRAIN measures@100 for class 0 - precision 0.9978 - recall 0.0039 - f1 0.0078 
INFO:root:TRAIN measures@100 for class 1 - precision 0.3725 - recall 0.0727 - f1 0.1217 
INFO:root:TRAIN measures@1000 microavg - precision 0.7639 - recall 0.0414 - f1 0.0785 
INFO:root:TRAIN measures@1000 for class 0 - precision 0.9912 - recall 0.0390 - f1 0.0750 
INFO:root:TRAIN measures@1000 for class 1 - precision 0.2037 - recall 0.1624 - f1 0.1807 
INFO:root:TRAIN Total epoch time: 1.4399358240043512
INFO:root:=> saved epoch checkpoint 'saved_models/EvolveGCN/uc_irv_mess-20250515_053202/epoch_53.pkl'
INFO:root:################ VALID epoch 52 ###################
INFO:root:VALID mean losses tensor(0.0097, device='cuda:0')
INFO:root:VALID mean errors 0.00224049249663949
INFO:root:VALID mean MRR 0.07308047264814377 - mean MAP 0.0052808127366006374
INFO:root:VALID tp {0: tensor(10794232, device='cuda:0'), 1: tensor(132, device='cuda:0')},fn {0: tensor(23307, device='cuda:0'), 1: tensor(932, device='cuda:0')},fp {0: tensor(932, device='cuda:0'), 1: tensor(23307, device='cuda:0')}
INFO:root:VALID measures microavg - precision 0.9978 - recall 0.9978 - f1 0.9978 
INFO:root:VALID measures for class 0 - precision 0.9999 - recall 0.9978 - f1 0.9989 
INFO:root:VALID measures for class 1 - precision 0.0056 - recall 0.1241 - f1 0.0108 
INFO:root:VALID measures@10 microavg - precision 0.5500 - recall 0.0000 - f1 0.0000 
INFO:root:VALID measures@10 for class 0 - precision 1.0000 - recall 0.0000 - f1 0.0000 
INFO:root:VALID measures@10 for class 1 - precision 0.1000 - recall 0.0028 - f1 0.0055 
INFO:root:VALID measures@100 microavg - precision 0.5367 - recall 0.0000 - f1 0.0001 
INFO:root:VALID measures@100 for class 0 - precision 1.0000 - recall 0.0000 - f1 0.0001 
INFO:root:VALID measures@100 for class 1 - precision 0.0733 - recall 0.0207 - f1 0.0323 
INFO:root:VALID measures@1000 microavg - precision 0.5050 - recall 0.0003 - f1 0.0006 
INFO:root:VALID measures@1000 for class 0 - precision 1.0000 - recall 0.0003 - f1 0.0006 
INFO:root:VALID measures@1000 for class 1 - precision 0.0100 - recall 0.0282 - f1 0.0148 
INFO:root:VALID Total epoch time: 7.44577637600014
INFO:root:################ TRAIN epoch 53 ###################
INFO:root:TRAIN mean losses tensor(0.0419, device='cuda:0')
INFO:root:TRAIN mean errors 0.030092474073171616
INFO:root:TRAIN mean MRR 0.0 - mean MAP 0.13508246839046478
INFO:root:TRAIN tp {0: tensor(225761, device='cuda:0'), 1: tensor(790, device='cuda:0')},fn {0: tensor(3239, device='cuda:0'), 1: tensor(3790, device='cuda:0')},fp {0: tensor(3790, device='cuda:0'), 1: tensor(3239, device='cuda:0')}
INFO:root:TRAIN measures microavg - precision 0.9699 - recall 0.9699 - f1 0.9699 
INFO:root:TRAIN measures for class 0 - precision 0.9835 - recall 0.9859 - f1 0.9847 
INFO:root:TRAIN measures for class 1 - precision 0.1961 - recall 0.1725 - f1 0.1835 
INFO:root:TRAIN measures@10 microavg - precision 0.7667 - recall 0.0006 - f1 0.0012 
INFO:root:TRAIN measures@10 for class 0 - precision 1.0000 - recall 0.0004 - f1 0.0008 
INFO:root:TRAIN measures@10 for class 1 - precision 0.5333 - recall 0.0105 - f1 0.0206 
INFO:root:TRAIN measures@100 microavg - precision 0.6895 - recall 0.0053 - f1 0.0105 
INFO:root:TRAIN measures@100 for class 0 - precision 0.9944 - recall 0.0039 - f1 0.0078 
INFO:root:TRAIN measures@100 for class 1 - precision 0.3790 - recall 0.0731 - f1 0.1226 
INFO:root:TRAIN measures@1000 microavg - precision 0.7863 - recall 0.0410 - f1 0.0780 
INFO:root:TRAIN measures@1000 for class 0 - precision 0.9871 - recall 0.0388 - f1 0.0747 
INFO:root:TRAIN measures@1000 for class 1 - precision 0.2197 - recall 0.1531 - f1 0.1804 
INFO:root:TRAIN Total epoch time: 1.371710762992734
INFO:root:=> saved epoch checkpoint 'saved_models/EvolveGCN/uc_irv_mess-20250515_053202/epoch_54.pkl'
INFO:root:################ VALID epoch 53 ###################
INFO:root:VALID mean losses tensor(0.0103, device='cuda:0')
INFO:root:VALID mean errors 0.002872274722903967
INFO:root:VALID mean MRR 0.07317669689655304 - mean MAP 0.005325480829924345
INFO:root:VALID tp {0: tensor(10787384, device='cuda:0'), 1: tensor(145, device='cuda:0')},fn {0: tensor(30155, device='cuda:0'), 1: tensor(919, device='cuda:0')},fp {0: tensor(919, device='cuda:0'), 1: tensor(30155, device='cuda:0')}
INFO:root:VALID measures microavg - precision 0.9971 - recall 0.9971 - f1 0.9971 
INFO:root:VALID measures for class 0 - precision 0.9999 - recall 0.9972 - f1 0.9986 
INFO:root:VALID measures for class 1 - precision 0.0048 - recall 0.1363 - f1 0.0092 
INFO:root:VALID measures@10 microavg - precision 0.5833 - recall 0.0000 - f1 0.0000 
INFO:root:VALID measures@10 for class 0 - precision 1.0000 - recall 0.0000 - f1 0.0000 
INFO:root:VALID measures@10 for class 1 - precision 0.1667 - recall 0.0047 - f1 0.0091 
INFO:root:VALID measures@100 microavg - precision 0.5333 - recall 0.0000 - f1 0.0001 
INFO:root:VALID measures@100 for class 0 - precision 1.0000 - recall 0.0000 - f1 0.0001 
INFO:root:VALID measures@100 for class 1 - precision 0.0667 - recall 0.0188 - f1 0.0293 
INFO:root:VALID measures@1000 microavg - precision 0.5053 - recall 0.0003 - f1 0.0006 
INFO:root:VALID measures@1000 for class 0 - precision 1.0000 - recall 0.0003 - f1 0.0006 
INFO:root:VALID measures@1000 for class 1 - precision 0.0107 - recall 0.0301 - f1 0.0157 
INFO:root:VALID Total epoch time: 7.398603943001945
INFO:root:################ TRAIN epoch 54 ###################
INFO:root:TRAIN mean losses tensor(0.0418, device='cuda:0')
INFO:root:TRAIN mean errors 0.03079886920750141
INFO:root:TRAIN mean MRR 0.0 - mean MAP 0.1378912478685379
INFO:root:TRAIN tp {0: tensor(225562, device='cuda:0'), 1: tensor(824, device='cuda:0')},fn {0: tensor(3438, device='cuda:0'), 1: tensor(3756, device='cuda:0')},fp {0: tensor(3756, device='cuda:0'), 1: tensor(3438, device='cuda:0')}
INFO:root:TRAIN measures microavg - precision 0.9692 - recall 0.9692 - f1 0.9692 
INFO:root:TRAIN measures for class 0 - precision 0.9836 - recall 0.9850 - f1 0.9843 
INFO:root:TRAIN measures for class 1 - precision 0.1933 - recall 0.1799 - f1 0.1864 
INFO:root:TRAIN measures@10 microavg - precision 0.7667 - recall 0.0006 - f1 0.0012 
INFO:root:TRAIN measures@10 for class 0 - precision 1.0000 - recall 0.0004 - f1 0.0008 
INFO:root:TRAIN measures@10 for class 1 - precision 0.5333 - recall 0.0105 - f1 0.0206 
INFO:root:TRAIN measures@100 microavg - precision 0.6912 - recall 0.0052 - f1 0.0104 
INFO:root:TRAIN measures@100 for class 0 - precision 0.9967 - recall 0.0039 - f1 0.0078 
INFO:root:TRAIN measures@100 for class 1 - precision 0.3734 - recall 0.0705 - f1 0.1186 
INFO:root:TRAIN measures@1000 microavg - precision 0.7977 - recall 0.0412 - f1 0.0784 
INFO:root:TRAIN measures@1000 for class 0 - precision 0.9917 - recall 0.0390 - f1 0.0750 
INFO:root:TRAIN measures@1000 for class 1 - precision 0.2290 - recall 0.1535 - f1 0.1838 
INFO:root:TRAIN Total epoch time: 1.380473505007103
INFO:root:=> saved epoch checkpoint 'saved_models/EvolveGCN/uc_irv_mess-20250515_053202/epoch_55.pkl'
INFO:root:################ VALID epoch 54 ###################
INFO:root:VALID mean losses tensor(0.0111, device='cuda:0')
INFO:root:VALID mean errors 0.0032519910018891096
INFO:root:VALID mean MRR 0.07577291876077652 - mean MAP 0.005202010739594698
INFO:root:VALID tp {0: tensor(10783277, device='cuda:0'), 1: tensor(144, device='cuda:0')},fn {0: tensor(34262, device='cuda:0'), 1: tensor(920, device='cuda:0')},fp {0: tensor(920, device='cuda:0'), 1: tensor(34262, device='cuda:0')}
INFO:root:VALID measures microavg - precision 0.9967 - recall 0.9967 - f1 0.9967 
INFO:root:VALID measures for class 0 - precision 0.9999 - recall 0.9968 - f1 0.9984 
INFO:root:VALID measures for class 1 - precision 0.0042 - recall 0.1353 - f1 0.0081 
INFO:root:VALID measures@10 microavg - precision 0.5500 - recall 0.0000 - f1 0.0000 
INFO:root:VALID measures@10 for class 0 - precision 1.0000 - recall 0.0000 - f1 0.0000 
INFO:root:VALID measures@10 for class 1 - precision 0.1000 - recall 0.0028 - f1 0.0055 
INFO:root:VALID measures@100 microavg - precision 0.5300 - recall 0.0000 - f1 0.0001 
INFO:root:VALID measures@100 for class 0 - precision 1.0000 - recall 0.0000 - f1 0.0001 
INFO:root:VALID measures@100 for class 1 - precision 0.0600 - recall 0.0169 - f1 0.0264 
INFO:root:VALID measures@1000 microavg - precision 0.5048 - recall 0.0003 - f1 0.0006 
INFO:root:VALID measures@1000 for class 0 - precision 0.9997 - recall 0.0003 - f1 0.0006 
INFO:root:VALID measures@1000 for class 1 - precision 0.0100 - recall 0.0282 - f1 0.0148 
INFO:root:VALID Total epoch time: 7.432485377008561
INFO:root:################ TRAIN epoch 55 ###################
INFO:root:TRAIN mean losses tensor(0.0418, device='cuda:0')
INFO:root:TRAIN mean errors 0.03142392262816429
INFO:root:TRAIN mean MRR 0.0 - mean MAP 0.13477365672588348
INFO:root:TRAIN tp {0: tensor(225390, device='cuda:0'), 1: tensor(850, device='cuda:0')},fn {0: tensor(3610, device='cuda:0'), 1: tensor(3730, device='cuda:0')},fp {0: tensor(3730, device='cuda:0'), 1: tensor(3610, device='cuda:0')}
INFO:root:TRAIN measures microavg - precision 0.9686 - recall 0.9686 - f1 0.9686 
INFO:root:TRAIN measures for class 0 - precision 0.9837 - recall 0.9842 - f1 0.9840 
INFO:root:TRAIN measures for class 1 - precision 0.1906 - recall 0.1856 - f1 0.1881 
INFO:root:TRAIN measures@10 microavg - precision 0.7556 - recall 0.0006 - f1 0.0012 
INFO:root:TRAIN measures@10 for class 0 - precision 1.0000 - recall 0.0004 - f1 0.0008 
INFO:root:TRAIN measures@10 for class 1 - precision 0.5111 - recall 0.0100 - f1 0.0197 
INFO:root:TRAIN measures@100 microavg - precision 0.6883 - recall 0.0052 - f1 0.0104 
INFO:root:TRAIN measures@100 for class 0 - precision 0.9967 - recall 0.0039 - f1 0.0078 
INFO:root:TRAIN measures@100 for class 1 - precision 0.3707 - recall 0.0707 - f1 0.1188 
INFO:root:TRAIN measures@1000 microavg - precision 0.7878 - recall 0.0414 - f1 0.0787 
INFO:root:TRAIN measures@1000 for class 0 - precision 0.9937 - recall 0.0391 - f1 0.0752 
INFO:root:TRAIN measures@1000 for class 1 - precision 0.2221 - recall 0.1587 - f1 0.1851 
INFO:root:TRAIN Total epoch time: 1.3969870820001233
INFO:root:=> saved epoch checkpoint 'saved_models/EvolveGCN/uc_irv_mess-20250515_053202/epoch_56.pkl'
INFO:root:################ VALID epoch 55 ###################
INFO:root:VALID mean losses tensor(0.0120, device='cuda:0')
INFO:root:VALID mean errors 0.0028117308393120766
INFO:root:VALID mean MRR 0.07580996304750443 - mean MAP 0.005448173265904188
INFO:root:VALID tp {0: tensor(10788043, device='cuda:0'), 1: tensor(141, device='cuda:0')},fn {0: tensor(29496, device='cuda:0'), 1: tensor(923, device='cuda:0')},fp {0: tensor(923, device='cuda:0'), 1: tensor(29496, device='cuda:0')}
INFO:root:VALID measures microavg - precision 0.9972 - recall 0.9972 - f1 0.9972 
INFO:root:VALID measures for class 0 - precision 0.9999 - recall 0.9973 - f1 0.9986 
INFO:root:VALID measures for class 1 - precision 0.0048 - recall 0.1325 - f1 0.0092 
INFO:root:VALID measures@10 microavg - precision 0.5500 - recall 0.0000 - f1 0.0000 
INFO:root:VALID measures@10 for class 0 - precision 1.0000 - recall 0.0000 - f1 0.0000 
INFO:root:VALID measures@10 for class 1 - precision 0.1000 - recall 0.0028 - f1 0.0055 
INFO:root:VALID measures@100 microavg - precision 0.5367 - recall 0.0000 - f1 0.0001 
INFO:root:VALID measures@100 for class 0 - precision 1.0000 - recall 0.0000 - f1 0.0001 
INFO:root:VALID measures@100 for class 1 - precision 0.0733 - recall 0.0207 - f1 0.0323 
INFO:root:VALID measures@1000 microavg - precision 0.5060 - recall 0.0003 - f1 0.0006 
INFO:root:VALID measures@1000 for class 0 - precision 0.9997 - recall 0.0003 - f1 0.0006 
INFO:root:VALID measures@1000 for class 1 - precision 0.0123 - recall 0.0348 - f1 0.0182 
INFO:root:VALID Total epoch time: 7.3820140909956535
INFO:root:################ TRAIN epoch 56 ###################
INFO:root:TRAIN mean losses tensor(0.0418, device='cuda:0')
INFO:root:TRAIN mean errors 0.031702201813459396
INFO:root:TRAIN mean MRR 0.0 - mean MAP 0.1323273479938507
INFO:root:TRAIN tp {0: tensor(225319, device='cuda:0'), 1: tensor(856, device='cuda:0')},fn {0: tensor(3681, device='cuda:0'), 1: tensor(3724, device='cuda:0')},fp {0: tensor(3724, device='cuda:0'), 1: tensor(3681, device='cuda:0')}
INFO:root:TRAIN measures microavg - precision 0.9683 - recall 0.9683 - f1 0.9683 
INFO:root:TRAIN measures for class 0 - precision 0.9837 - recall 0.9839 - f1 0.9838 
INFO:root:TRAIN measures for class 1 - precision 0.1887 - recall 0.1869 - f1 0.1878 
INFO:root:TRAIN measures@10 microavg - precision 0.7778 - recall 0.0006 - f1 0.0012 
INFO:root:TRAIN measures@10 for class 0 - precision 1.0000 - recall 0.0004 - f1 0.0008 
INFO:root:TRAIN measures@10 for class 1 - precision 0.5556 - recall 0.0109 - f1 0.0214 
INFO:root:TRAIN measures@100 microavg - precision 0.6874 - recall 0.0052 - f1 0.0103 
INFO:root:TRAIN measures@100 for class 0 - precision 0.9967 - recall 0.0039 - f1 0.0078 
INFO:root:TRAIN measures@100 for class 1 - precision 0.3671 - recall 0.0697 - f1 0.1171 
INFO:root:TRAIN measures@1000 microavg - precision 0.7783 - recall 0.0413 - f1 0.0785 
INFO:root:TRAIN measures@1000 for class 0 - precision 0.9926 - recall 0.0390 - f1 0.0751 
INFO:root:TRAIN measures@1000 for class 1 - precision 0.2112 - recall 0.1568 - f1 0.1799 
INFO:root:TRAIN Total epoch time: 1.3362918159982655
INFO:root:=> saved epoch checkpoint 'saved_models/EvolveGCN/uc_irv_mess-20250515_053202/epoch_57.pkl'
INFO:root:################ VALID epoch 56 ###################
INFO:root:VALID mean losses tensor(0.0115, device='cuda:0')
INFO:root:VALID mean errors 0.002885030582547188
INFO:root:VALID mean MRR 0.07438694685697556 - mean MAP 0.004555840976536274
INFO:root:VALID tp {0: tensor(10787247, device='cuda:0'), 1: tensor(144, device='cuda:0')},fn {0: tensor(30292, device='cuda:0'), 1: tensor(920, device='cuda:0')},fp {0: tensor(920, device='cuda:0'), 1: tensor(30292, device='cuda:0')}
INFO:root:VALID measures microavg - precision 0.9971 - recall 0.9971 - f1 0.9971 
INFO:root:VALID measures for class 0 - precision 0.9999 - recall 0.9972 - f1 0.9986 
INFO:root:VALID measures for class 1 - precision 0.0047 - recall 0.1353 - f1 0.0091 
INFO:root:VALID measures@10 microavg - precision 0.5667 - recall 0.0000 - f1 0.0000 
INFO:root:VALID measures@10 for class 0 - precision 1.0000 - recall 0.0000 - f1 0.0000 
INFO:root:VALID measures@10 for class 1 - precision 0.1333 - recall 0.0038 - f1 0.0073 
INFO:root:VALID measures@100 microavg - precision 0.5300 - recall 0.0000 - f1 0.0001 
INFO:root:VALID measures@100 for class 0 - precision 1.0000 - recall 0.0000 - f1 0.0001 
INFO:root:VALID measures@100 for class 1 - precision 0.0600 - recall 0.0169 - f1 0.0264 
INFO:root:VALID measures@1000 microavg - precision 0.5696 - recall 0.0003 - f1 0.0006 
INFO:root:VALID measures@1000 for class 0 - precision 0.9997 - recall 0.0003 - f1 0.0006 
INFO:root:VALID measures@1000 for class 1 - precision 0.0121 - recall 0.0263 - f1 0.0166 
INFO:root:VALID Total epoch time: 7.441650872002356
INFO:root:################ TRAIN epoch 57 ###################
INFO:root:TRAIN mean losses tensor(0.0418, device='cuda:0')
INFO:root:TRAIN mean errors 0.031072866171598434
INFO:root:TRAIN mean MRR 0.0 - mean MAP 0.13428746163845062
INFO:root:TRAIN tp {0: tensor(225492, device='cuda:0'), 1: tensor(830, device='cuda:0')},fn {0: tensor(3508, device='cuda:0'), 1: tensor(3750, device='cuda:0')},fp {0: tensor(3750, device='cuda:0'), 1: tensor(3508, device='cuda:0')}
INFO:root:TRAIN measures microavg - precision 0.9689 - recall 0.9689 - f1 0.9689 
INFO:root:TRAIN measures for class 0 - precision 0.9836 - recall 0.9847 - f1 0.9842 
INFO:root:TRAIN measures for class 1 - precision 0.1913 - recall 0.1812 - f1 0.1861 
INFO:root:TRAIN measures@10 microavg - precision 0.7833 - recall 0.0006 - f1 0.0012 
INFO:root:TRAIN measures@10 for class 0 - precision 1.0000 - recall 0.0004 - f1 0.0008 
INFO:root:TRAIN measures@10 for class 1 - precision 0.5667 - recall 0.0111 - f1 0.0218 
INFO:root:TRAIN measures@100 microavg - precision 0.6886 - recall 0.0052 - f1 0.0103 
INFO:root:TRAIN measures@100 for class 0 - precision 0.9933 - recall 0.0039 - f1 0.0078 
INFO:root:TRAIN measures@100 for class 1 - precision 0.3718 - recall 0.0703 - f1 0.1183 
INFO:root:TRAIN measures@1000 microavg - precision 0.7858 - recall 0.0412 - f1 0.0783 
INFO:root:TRAIN measures@1000 for class 0 - precision 0.9909 - recall 0.0389 - f1 0.0749 
INFO:root:TRAIN measures@1000 for class 1 - precision 0.2187 - recall 0.1555 - f1 0.1817 
INFO:root:TRAIN Total epoch time: 1.3822244929906446
INFO:root:=> saved epoch checkpoint 'saved_models/EvolveGCN/uc_irv_mess-20250515_053202/epoch_58.pkl'
INFO:root:################ VALID epoch 57 ###################
INFO:root:VALID mean losses tensor(0.0112, device='cuda:0')
INFO:root:VALID mean errors 0.0029862450901418924
INFO:root:VALID mean MRR 0.07510055601596832 - mean MAP 0.004958780016750097
INFO:root:VALID tp {0: tensor(10786151, device='cuda:0'), 1: tensor(145, device='cuda:0')},fn {0: tensor(31388, device='cuda:0'), 1: tensor(919, device='cuda:0')},fp {0: tensor(919, device='cuda:0'), 1: tensor(31388, device='cuda:0')}
INFO:root:VALID measures microavg - precision 0.9970 - recall 0.9970 - f1 0.9970 
INFO:root:VALID measures for class 0 - precision 0.9999 - recall 0.9971 - f1 0.9985 
INFO:root:VALID measures for class 1 - precision 0.0046 - recall 0.1363 - f1 0.0089 
INFO:root:VALID measures@10 microavg - precision 0.5500 - recall 0.0000 - f1 0.0000 
INFO:root:VALID measures@10 for class 0 - precision 1.0000 - recall 0.0000 - f1 0.0000 
INFO:root:VALID measures@10 for class 1 - precision 0.1000 - recall 0.0028 - f1 0.0055 
INFO:root:VALID measures@100 microavg - precision 0.5333 - recall 0.0000 - f1 0.0001 
INFO:root:VALID measures@100 for class 0 - precision 1.0000 - recall 0.0000 - f1 0.0001 
INFO:root:VALID measures@100 for class 1 - precision 0.0667 - recall 0.0188 - f1 0.0293 
INFO:root:VALID measures@1000 microavg - precision 0.5355 - recall 0.0003 - f1 0.0006 
INFO:root:VALID measures@1000 for class 0 - precision 0.9993 - recall 0.0003 - f1 0.0006 
INFO:root:VALID measures@1000 for class 1 - precision 0.0142 - recall 0.0357 - f1 0.0204 
INFO:root:VALID Total epoch time: 7.4865566230000695
INFO:root:################ TRAIN epoch 58 ###################
INFO:root:TRAIN mean losses tensor(0.0417, device='cuda:0')
INFO:root:TRAIN mean errors 0.031179895624518394
INFO:root:TRAIN mean MRR 0.0 - mean MAP 0.13658106327056885
INFO:root:TRAIN tp {0: tensor(225443, device='cuda:0'), 1: tensor(854, device='cuda:0')},fn {0: tensor(3557, device='cuda:0'), 1: tensor(3726, device='cuda:0')},fp {0: tensor(3726, device='cuda:0'), 1: tensor(3557, device='cuda:0')}
INFO:root:TRAIN measures microavg - precision 0.9688 - recall 0.9688 - f1 0.9688 
INFO:root:TRAIN measures for class 0 - precision 0.9837 - recall 0.9845 - f1 0.9841 
INFO:root:TRAIN measures for class 1 - precision 0.1936 - recall 0.1865 - f1 0.1900 
INFO:root:TRAIN measures@10 microavg - precision 0.7722 - recall 0.0006 - f1 0.0012 
INFO:root:TRAIN measures@10 for class 0 - precision 1.0000 - recall 0.0004 - f1 0.0008 
INFO:root:TRAIN measures@10 for class 1 - precision 0.5444 - recall 0.0107 - f1 0.0210 
INFO:root:TRAIN measures@100 microavg - precision 0.6976 - recall 0.0052 - f1 0.0104 
INFO:root:TRAIN measures@100 for class 0 - precision 0.9944 - recall 0.0039 - f1 0.0078 
INFO:root:TRAIN measures@100 for class 1 - precision 0.3855 - recall 0.0721 - f1 0.1214 
INFO:root:TRAIN measures@1000 microavg - precision 0.7839 - recall 0.0413 - f1 0.0784 
INFO:root:TRAIN measures@1000 for class 0 - precision 0.9911 - recall 0.0390 - f1 0.0750 
INFO:root:TRAIN measures@1000 for class 1 - precision 0.2186 - recall 0.1574 - f1 0.1830 
INFO:root:TRAIN Total epoch time: 1.3510042499983683
INFO:root:=> saved epoch checkpoint 'saved_models/EvolveGCN/uc_irv_mess-20250515_053202/epoch_59.pkl'
INFO:root:################ VALID epoch 58 ###################
INFO:root:VALID mean losses tensor(0.0106, device='cuda:0')
INFO:root:VALID mean errors 0.0030153614934533834
INFO:root:VALID mean MRR 0.07172833383083344 - mean MAP 0.004761986434459686
INFO:root:VALID tp {0: tensor(10785836, device='cuda:0'), 1: tensor(145, device='cuda:0')},fn {0: tensor(31703, device='cuda:0'), 1: tensor(919, device='cuda:0')},fp {0: tensor(919, device='cuda:0'), 1: tensor(31703, device='cuda:0')}
INFO:root:VALID measures microavg - precision 0.9970 - recall 0.9970 - f1 0.9970 
INFO:root:VALID measures for class 0 - precision 0.9999 - recall 0.9971 - f1 0.9985 
INFO:root:VALID measures for class 1 - precision 0.0046 - recall 0.1363 - f1 0.0088 
INFO:root:VALID measures@10 microavg - precision 0.5333 - recall 0.0000 - f1 0.0000 
INFO:root:VALID measures@10 for class 0 - precision 1.0000 - recall 0.0000 - f1 0.0000 
INFO:root:VALID measures@10 for class 1 - precision 0.0667 - recall 0.0019 - f1 0.0037 
INFO:root:VALID measures@100 microavg - precision 0.5350 - recall 0.0000 - f1 0.0001 
INFO:root:VALID measures@100 for class 0 - precision 1.0000 - recall 0.0000 - f1 0.0001 
INFO:root:VALID measures@100 for class 1 - precision 0.0700 - recall 0.0197 - f1 0.0308 
INFO:root:VALID measures@1000 microavg - precision 0.5593 - recall 0.0003 - f1 0.0006 
INFO:root:VALID measures@1000 for class 0 - precision 1.0000 - recall 0.0003 - f1 0.0006 
INFO:root:VALID measures@1000 for class 1 - precision 0.0144 - recall 0.0329 - f1 0.0201 
INFO:root:VALID Total epoch time: 7.415104047002387
INFO:root:################ TRAIN epoch 59 ###################
INFO:root:TRAIN mean losses tensor(0.0417, device='cuda:0')
INFO:root:TRAIN mean errors 0.03156520426273346
INFO:root:TRAIN mean MRR 0.0 - mean MAP 0.13389360904693604
INFO:root:TRAIN tp {0: tensor(225348, device='cuda:0'), 1: tensor(859, device='cuda:0')},fn {0: tensor(3652, device='cuda:0'), 1: tensor(3721, device='cuda:0')},fp {0: tensor(3721, device='cuda:0'), 1: tensor(3652, device='cuda:0')}
INFO:root:TRAIN measures microavg - precision 0.9684 - recall 0.9684 - f1 0.9684 
INFO:root:TRAIN measures for class 0 - precision 0.9838 - recall 0.9841 - f1 0.9839 
INFO:root:TRAIN measures for class 1 - precision 0.1904 - recall 0.1876 - f1 0.1890 
INFO:root:TRAIN measures@10 microavg - precision 0.7722 - recall 0.0006 - f1 0.0012 
INFO:root:TRAIN measures@10 for class 0 - precision 1.0000 - recall 0.0004 - f1 0.0008 
INFO:root:TRAIN measures@10 for class 1 - precision 0.5444 - recall 0.0107 - f1 0.0210 
INFO:root:TRAIN measures@100 microavg - precision 0.6948 - recall 0.0052 - f1 0.0104 
INFO:root:TRAIN measures@100 for class 0 - precision 0.9967 - recall 0.0039 - f1 0.0078 
INFO:root:TRAIN measures@100 for class 1 - precision 0.3773 - recall 0.0705 - f1 0.1188 
INFO:root:TRAIN measures@1000 microavg - precision 0.7846 - recall 0.0413 - f1 0.0785 
INFO:root:TRAIN measures@1000 for class 0 - precision 0.9917 - recall 0.0390 - f1 0.0750 
INFO:root:TRAIN measures@1000 for class 1 - precision 0.2206 - recall 0.1592 - f1 0.1849 
INFO:root:TRAIN Total epoch time: 1.3670130999962566
INFO:root:=> saved epoch checkpoint 'saved_models/EvolveGCN/uc_irv_mess-20250515_053202/epoch_60.pkl'
INFO:root:################ VALID epoch 59 ###################
INFO:root:VALID mean losses tensor(0.0105, device='cuda:0')
INFO:root:VALID mean errors 0.0024641812779009342
INFO:root:VALID mean MRR 0.07241738587617874 - mean MAP 0.005110947415232658
INFO:root:VALID tp {0: tensor(10791808, device='cuda:0'), 1: tensor(136, device='cuda:0')},fn {0: tensor(25731, device='cuda:0'), 1: tensor(928, device='cuda:0')},fp {0: tensor(928, device='cuda:0'), 1: tensor(25731, device='cuda:0')}
INFO:root:VALID measures microavg - precision 0.9975 - recall 0.9975 - f1 0.9975 
INFO:root:VALID measures for class 0 - precision 0.9999 - recall 0.9976 - f1 0.9988 
INFO:root:VALID measures for class 1 - precision 0.0053 - recall 0.1278 - f1 0.0101 
INFO:root:VALID measures@10 microavg - precision 0.5333 - recall 0.0000 - f1 0.0000 
INFO:root:VALID measures@10 for class 0 - precision 1.0000 - recall 0.0000 - f1 0.0000 
INFO:root:VALID measures@10 for class 1 - precision 0.0667 - recall 0.0019 - f1 0.0037 
INFO:root:VALID measures@100 microavg - precision 0.5367 - recall 0.0000 - f1 0.0001 
INFO:root:VALID measures@100 for class 0 - precision 1.0000 - recall 0.0000 - f1 0.0001 
INFO:root:VALID measures@100 for class 1 - precision 0.0733 - recall 0.0207 - f1 0.0323 
INFO:root:VALID measures@1000 microavg - precision 0.5768 - recall 0.0003 - f1 0.0006 
INFO:root:VALID measures@1000 for class 0 - precision 1.0000 - recall 0.0003 - f1 0.0006 
INFO:root:VALID measures@1000 for class 1 - precision 0.0150 - recall 0.0320 - f1 0.0205 
INFO:root:VALID Total epoch time: 7.400286260002758
INFO:root:################ TRAIN epoch 60 ###################
INFO:root:TRAIN mean losses tensor(0.0417, device='cuda:0')
INFO:root:TRAIN mean errors 0.030734652653336525
INFO:root:TRAIN mean MRR 0.0 - mean MAP 0.1369168758392334
INFO:root:TRAIN tp {0: tensor(225549, device='cuda:0'), 1: tensor(852, device='cuda:0')},fn {0: tensor(3451, device='cuda:0'), 1: tensor(3728, device='cuda:0')},fp {0: tensor(3728, device='cuda:0'), 1: tensor(3451, device='cuda:0')}
INFO:root:TRAIN measures microavg - precision 0.9693 - recall 0.9693 - f1 0.9693 
INFO:root:TRAIN measures for class 0 - precision 0.9837 - recall 0.9849 - f1 0.9843 
INFO:root:TRAIN measures for class 1 - precision 0.1980 - recall 0.1860 - f1 0.1918 
INFO:root:TRAIN measures@10 microavg - precision 0.7778 - recall 0.0006 - f1 0.0012 
INFO:root:TRAIN measures@10 for class 0 - precision 1.0000 - recall 0.0004 - f1 0.0008 
INFO:root:TRAIN measures@10 for class 1 - precision 0.5556 - recall 0.0109 - f1 0.0214 
INFO:root:TRAIN measures@100 microavg - precision 0.6947 - recall 0.0052 - f1 0.0104 
INFO:root:TRAIN measures@100 for class 0 - precision 0.9967 - recall 0.0039 - f1 0.0078 
INFO:root:TRAIN measures@100 for class 1 - precision 0.3783 - recall 0.0710 - f1 0.1195 
INFO:root:TRAIN measures@1000 microavg - precision 0.7796 - recall 0.0413 - f1 0.0785 
INFO:root:TRAIN measures@1000 for class 0 - precision 0.9926 - recall 0.0390 - f1 0.0751 
INFO:root:TRAIN measures@1000 for class 1 - precision 0.2127 - recall 0.1570 - f1 0.1807 
INFO:root:TRAIN Total epoch time: 1.4185387430043193
INFO:root:=> saved epoch checkpoint 'saved_models/EvolveGCN/uc_irv_mess-20250515_053202/epoch_61.pkl'
INFO:root:################ VALID epoch 60 ###################
INFO:root:VALID mean losses tensor(0.0102, device='cuda:0')
INFO:root:VALID mean errors 0.0027426830492913723
INFO:root:VALID mean MRR 0.07301726937294006 - mean MAP 0.004863003268837929
INFO:root:VALID tp {0: tensor(10788793, device='cuda:0'), 1: tensor(138, device='cuda:0')},fn {0: tensor(28746, device='cuda:0'), 1: tensor(926, device='cuda:0')},fp {0: tensor(926, device='cuda:0'), 1: tensor(28746, device='cuda:0')}
INFO:root:VALID measures microavg - precision 0.9973 - recall 0.9973 - f1 0.9973 
INFO:root:VALID measures for class 0 - precision 0.9999 - recall 0.9973 - f1 0.9986 
INFO:root:VALID measures for class 1 - precision 0.0048 - recall 0.1297 - f1 0.0092 
INFO:root:VALID measures@10 microavg - precision 0.5333 - recall 0.0000 - f1 0.0000 
INFO:root:VALID measures@10 for class 0 - precision 1.0000 - recall 0.0000 - f1 0.0000 
INFO:root:VALID measures@10 for class 1 - precision 0.0667 - recall 0.0019 - f1 0.0037 
INFO:root:VALID measures@100 microavg - precision 0.5317 - recall 0.0000 - f1 0.0001 
INFO:root:VALID measures@100 for class 0 - precision 1.0000 - recall 0.0000 - f1 0.0001 
INFO:root:VALID measures@100 for class 1 - precision 0.0633 - recall 0.0179 - f1 0.0279 
INFO:root:VALID measures@1000 microavg - precision 0.5626 - recall 0.0003 - f1 0.0006 
INFO:root:VALID measures@1000 for class 0 - precision 0.9997 - recall 0.0003 - f1 0.0006 
INFO:root:VALID measures@1000 for class 1 - precision 0.0146 - recall 0.0329 - f1 0.0202 
INFO:root:VALID Total epoch time: 7.400735766990692
INFO:root:################ TRAIN epoch 61 ###################
INFO:root:TRAIN mean losses tensor(0.0417, device='cuda:0')
INFO:root:TRAIN mean errors 0.03145817294716835
INFO:root:TRAIN mean MRR 0.0 - mean MAP 0.1364588737487793
INFO:root:TRAIN tp {0: tensor(225392, device='cuda:0'), 1: tensor(840, device='cuda:0')},fn {0: tensor(3608, device='cuda:0'), 1: tensor(3740, device='cuda:0')},fp {0: tensor(3740, device='cuda:0'), 1: tensor(3608, device='cuda:0')}
INFO:root:TRAIN measures microavg - precision 0.9685 - recall 0.9685 - f1 0.9685 
INFO:root:TRAIN measures for class 0 - precision 0.9837 - recall 0.9842 - f1 0.9840 
INFO:root:TRAIN measures for class 1 - precision 0.1888 - recall 0.1834 - f1 0.1861 
INFO:root:TRAIN measures@10 microavg - precision 0.7556 - recall 0.0006 - f1 0.0012 
INFO:root:TRAIN measures@10 for class 0 - precision 1.0000 - recall 0.0004 - f1 0.0008 
INFO:root:TRAIN measures@10 for class 1 - precision 0.5111 - recall 0.0100 - f1 0.0197 
INFO:root:TRAIN measures@100 microavg - precision 0.6934 - recall 0.0052 - f1 0.0103 
INFO:root:TRAIN measures@100 for class 0 - precision 0.9944 - recall 0.0039 - f1 0.0078 
INFO:root:TRAIN measures@100 for class 1 - precision 0.3728 - recall 0.0688 - f1 0.1161 
INFO:root:TRAIN measures@1000 microavg - precision 0.7831 - recall 0.0412 - f1 0.0782 
INFO:root:TRAIN measures@1000 for class 0 - precision 0.9894 - recall 0.0389 - f1 0.0748 
INFO:root:TRAIN measures@1000 for class 1 - precision 0.2164 - recall 0.1548 - f1 0.1805 
INFO:root:TRAIN Total epoch time: 1.4464642310049385
INFO:root:=> saved epoch checkpoint 'saved_models/EvolveGCN/uc_irv_mess-20250515_053202/epoch_62.pkl'
INFO:root:################ VALID epoch 61 ###################
INFO:root:VALID mean losses tensor(0.0098, device='cuda:0')
INFO:root:VALID mean errors 0.0025310106575489044
INFO:root:VALID mean MRR 0.07145462930202484 - mean MAP 0.004956081043928862
INFO:root:VALID tp {0: tensor(10791083, device='cuda:0'), 1: tensor(138, device='cuda:0')},fn {0: tensor(26456, device='cuda:0'), 1: tensor(926, device='cuda:0')},fp {0: tensor(926, device='cuda:0'), 1: tensor(26456, device='cuda:0')}
INFO:root:VALID measures microavg - precision 0.9975 - recall 0.9975 - f1 0.9975 
INFO:root:VALID measures for class 0 - precision 0.9999 - recall 0.9976 - f1 0.9987 
INFO:root:VALID measures for class 1 - precision 0.0052 - recall 0.1297 - f1 0.0100 
INFO:root:VALID measures@10 microavg - precision 0.5500 - recall 0.0000 - f1 0.0000 
INFO:root:VALID measures@10 for class 0 - precision 1.0000 - recall 0.0000 - f1 0.0000 
INFO:root:VALID measures@10 for class 1 - precision 0.1000 - recall 0.0028 - f1 0.0055 
INFO:root:VALID measures@100 microavg - precision 0.5367 - recall 0.0000 - f1 0.0001 
INFO:root:VALID measures@100 for class 0 - precision 1.0000 - recall 0.0000 - f1 0.0001 
INFO:root:VALID measures@100 for class 1 - precision 0.0733 - recall 0.0207 - f1 0.0323 
INFO:root:VALID measures@1000 microavg - precision 0.5694 - recall 0.0003 - f1 0.0006 
INFO:root:VALID measures@1000 for class 0 - precision 1.0000 - recall 0.0003 - f1 0.0006 
INFO:root:VALID measures@1000 for class 1 - precision 0.0163 - recall 0.0357 - f1 0.0224 
INFO:root:VALID Total epoch time: 7.45311105599103
