INFO:root:*** PARAMETERS ***
INFO:root:{'adj_mat_time_window': 1,
 'class_weights': [0.1, 0.9],
 'comments': ['comments'],
 'data': 'uc_irv_mess',
 'data_loading_params': {'batch_size': 1, 'num_workers': 0},
 'dev_proportion': 0.1,
 'device': 'cuda',
 'early_stop_patience': 50,
 'eval_after_epochs': 5,
 'gcn_parameters': {'cls_feats': 100,
                    'cls_feats_max': 800,
                    'cls_feats_min': 100,
                    'feats_per_node': 100,
                    'feats_per_node_max': 256,
                    'feats_per_node_min': 100,
                    'k_top_grcu': 200,
                    'layer_1_feats': 100,
                    'layer_1_feats_max': 200,
                    'layer_1_feats_min': 20,
                    'layer_2_feats': 100,
                    'layer_2_feats_same_as_l1': True,
                    'lstm_l1_feats': 50,
                    'lstm_l1_feats_max': 200,
                    'lstm_l1_feats_min': 20,
                    'lstm_l1_layers': 1,
                    'lstm_l2_feats': 50,
                    'lstm_l2_feats_same_as_l1': True,
                    'lstm_l2_layers': 1,
                    'num_layers': 2},
 'learning_rate': 0.001,
 'learning_rate_max': 0.1,
 'learning_rate_min': 0.0005,
 'model': 'egcn_h',
 'negative_mult_test': 100,
 'negative_mult_training': 50,
 'num_epochs': 1000,
 'num_hist_steps': 10,
 'num_hist_steps_max': 10,
 'num_hist_steps_min': 3,
 'rank': 0,
 'save_node_embeddings': False,
 'seed': 1234,
 'smart_neg_sampling': True,
 'steps_accum_gradients': 1,
 'target_class': 1,
 'target_measure': 'MAP',
 'task': 'link_pred',
 'train_proportion': 0.71,
 'uc_irc_args': <utils.Namespace object at 0x7fa68c7a54a8>,
 'use_1_hot_node_feats': True,
 'use_2_hot_node_feats': False,
 'use_cuda': True,
 'use_logfile': True,
 'wsize': 1}
INFO:root:
INFO:root:################ TRAIN epoch 0 ###################
INFO:root:TRAIN mean losses tensor(0.0822, device='cuda:0')
INFO:root:TRAIN mean errors 0.8331320881843567
INFO:root:TRAIN mean MRR 0.0 - mean MAP 0.02758125402033329
INFO:root:TRAIN tp {0: tensor(34992, device='cuda:0'), 1: tensor(3985, device='cuda:0')},fn {0: tensor(194008, device='cuda:0'), 1: tensor(595, device='cuda:0')},fp {0: tensor(595, device='cuda:0'), 1: tensor(194008, device='cuda:0')}
INFO:root:TRAIN measures microavg - precision 0.1669 - recall 0.1669 - f1 0.1669 
INFO:root:TRAIN measures for class 0 - precision 0.9833 - recall 0.1528 - f1 0.2645 
INFO:root:TRAIN measures for class 1 - precision 0.0201 - recall 0.8701 - f1 0.0393 
INFO:root:TRAIN measures@10 microavg - precision 0.2273 - recall 0.0001 - f1 0.0002 
INFO:root:TRAIN measures@10 for class 0 - precision 1.0000 - recall 0.0001 - f1 0.0002 
INFO:root:TRAIN measures@10 for class 1 - precision 0.0556 - recall 0.0011 - f1 0.0021 
INFO:root:TRAIN measures@100 microavg - precision 0.2227 - recall 0.0010 - f1 0.0021 
INFO:root:TRAIN measures@100 for class 0 - precision 0.9850 - recall 0.0009 - f1 0.0017 
INFO:root:TRAIN measures@100 for class 1 - precision 0.0533 - recall 0.0105 - f1 0.0175 
INFO:root:TRAIN measures@1000 microavg - precision 0.2121 - recall 0.0099 - f1 0.0190 
INFO:root:TRAIN measures@1000 for class 0 - precision 0.9780 - recall 0.0085 - f1 0.0169 
INFO:root:TRAIN measures@1000 for class 1 - precision 0.0410 - recall 0.0801 - f1 0.0542 
INFO:root:TRAIN Total epoch time: 2.3675596050015884
INFO:root:=> saved epoch checkpoint 'saved_models/EvolveGCN/uc_irv_mess-20250515_035255/epoch_1.pkl'
INFO:root:################ TRAIN epoch 1 ###################
INFO:root:TRAIN mean losses tensor(0.0615, device='cuda:0')
INFO:root:TRAIN mean errors 0.019607843831181526
INFO:root:TRAIN mean MRR 0.0 - mean MAP 0.035901498049497604
INFO:root:TRAIN tp {0: tensor(229000, device='cuda:0'), 1: tensor(0, device='cuda:0')},fn {0: tensor(0, device='cuda:0'), 1: tensor(4580, device='cuda:0')},fp {0: tensor(4580, device='cuda:0'), 1: tensor(0, device='cuda:0')}
INFO:root:TRAIN measures microavg - precision 0.9804 - recall 0.9804 - f1 0.9804 
INFO:root:TRAIN measures for class 0 - precision 0.9804 - recall 1.0000 - f1 0.9901 
INFO:root:TRAIN measures for class 1 - precision 0.0000 - recall 0.0000 - f1 0.0000 
INFO:root:TRAIN measures@10 microavg - precision 0.9444 - recall 0.0004 - f1 0.0007 
INFO:root:TRAIN measures@10 for class 0 - precision 0.9444 - recall 0.0004 - f1 0.0007 
INFO:root:TRAIN measures@10 for class 1 - precision 0.0000 - recall 0.0000 - f1 0.0000 
INFO:root:TRAIN measures@100 microavg - precision 0.9822 - recall 0.0038 - f1 0.0075 
INFO:root:TRAIN measures@100 for class 0 - precision 0.9822 - recall 0.0039 - f1 0.0077 
INFO:root:TRAIN measures@100 for class 1 - precision 0.0000 - recall 0.0000 - f1 0.0000 
INFO:root:TRAIN measures@1000 microavg - precision 0.9876 - recall 0.0381 - f1 0.0733 
INFO:root:TRAIN measures@1000 for class 0 - precision 0.9876 - recall 0.0388 - f1 0.0747 
INFO:root:TRAIN measures@1000 for class 1 - precision 0.0000 - recall 0.0000 - f1 0.0000 
INFO:root:TRAIN Total epoch time: 1.7756708600063575
INFO:root:=> saved epoch checkpoint 'saved_models/EvolveGCN/uc_irv_mess-20250515_035255/epoch_2.pkl'
INFO:root:################ TRAIN epoch 2 ###################
INFO:root:TRAIN mean losses tensor(0.0488, device='cuda:0')
INFO:root:TRAIN mean errors 0.019607843831181526
INFO:root:TRAIN mean MRR 0.0 - mean MAP 0.03792464733123779
INFO:root:TRAIN tp {0: tensor(229000, device='cuda:0'), 1: tensor(0, device='cuda:0')},fn {0: tensor(0, device='cuda:0'), 1: tensor(4580, device='cuda:0')},fp {0: tensor(4580, device='cuda:0'), 1: tensor(0, device='cuda:0')}
INFO:root:TRAIN measures microavg - precision 0.9804 - recall 0.9804 - f1 0.9804 
INFO:root:TRAIN measures for class 0 - precision 0.9804 - recall 1.0000 - f1 0.9901 
INFO:root:TRAIN measures for class 1 - precision 0.0000 - recall 0.0000 - f1 0.0000 
INFO:root:TRAIN measures@10 microavg - precision 0.9444 - recall 0.0004 - f1 0.0007 
INFO:root:TRAIN measures@10 for class 0 - precision 0.9444 - recall 0.0004 - f1 0.0007 
INFO:root:TRAIN measures@10 for class 1 - precision 0.0000 - recall 0.0000 - f1 0.0000 
INFO:root:TRAIN measures@100 microavg - precision 0.9889 - recall 0.0038 - f1 0.0076 
INFO:root:TRAIN measures@100 for class 0 - precision 0.9889 - recall 0.0039 - f1 0.0077 
INFO:root:TRAIN measures@100 for class 1 - precision 0.0000 - recall 0.0000 - f1 0.0000 
INFO:root:TRAIN measures@1000 microavg - precision 0.9906 - recall 0.0382 - f1 0.0735 
INFO:root:TRAIN measures@1000 for class 0 - precision 0.9906 - recall 0.0389 - f1 0.0749 
INFO:root:TRAIN measures@1000 for class 1 - precision 0.0000 - recall 0.0000 - f1 0.0000 
INFO:root:TRAIN Total epoch time: 1.780603325998527
INFO:root:=> saved epoch checkpoint 'saved_models/EvolveGCN/uc_irv_mess-20250515_035255/epoch_3.pkl'
INFO:root:################ TRAIN epoch 3 ###################
INFO:root:TRAIN mean losses tensor(0.0460, device='cuda:0')
INFO:root:TRAIN mean errors 0.019607843831181526
INFO:root:TRAIN mean MRR 0.0 - mean MAP 0.03939392417669296
INFO:root:TRAIN tp {0: tensor(229000, device='cuda:0'), 1: tensor(0, device='cuda:0')},fn {0: tensor(0, device='cuda:0'), 1: tensor(4580, device='cuda:0')},fp {0: tensor(4580, device='cuda:0'), 1: tensor(0, device='cuda:0')}
INFO:root:TRAIN measures microavg - precision 0.9804 - recall 0.9804 - f1 0.9804 
INFO:root:TRAIN measures for class 0 - precision 0.9804 - recall 1.0000 - f1 0.9901 
INFO:root:TRAIN measures for class 1 - precision 0.0000 - recall 0.0000 - f1 0.0000 
INFO:root:TRAIN measures@10 microavg - precision 0.9667 - recall 0.0004 - f1 0.0007 
INFO:root:TRAIN measures@10 for class 0 - precision 0.9667 - recall 0.0004 - f1 0.0008 
INFO:root:TRAIN measures@10 for class 1 - precision 0.0000 - recall 0.0000 - f1 0.0000 
INFO:root:TRAIN measures@100 microavg - precision 0.9744 - recall 0.0038 - f1 0.0075 
INFO:root:TRAIN measures@100 for class 0 - precision 0.9744 - recall 0.0038 - f1 0.0076 
INFO:root:TRAIN measures@100 for class 1 - precision 0.0000 - recall 0.0000 - f1 0.0000 
INFO:root:TRAIN measures@1000 microavg - precision 0.9827 - recall 0.0379 - f1 0.0729 
INFO:root:TRAIN measures@1000 for class 0 - precision 0.9827 - recall 0.0386 - f1 0.0743 
INFO:root:TRAIN measures@1000 for class 1 - precision 0.0000 - recall 0.0000 - f1 0.0000 
INFO:root:TRAIN Total epoch time: 1.9476366900053108
INFO:root:=> saved epoch checkpoint 'saved_models/EvolveGCN/uc_irv_mess-20250515_035255/epoch_4.pkl'
INFO:root:################ TRAIN epoch 4 ###################
INFO:root:TRAIN mean losses tensor(0.0456, device='cuda:0')
INFO:root:TRAIN mean errors 0.019607843831181526
INFO:root:TRAIN mean MRR 0.0 - mean MAP 0.04237273707985878
INFO:root:TRAIN tp {0: tensor(229000, device='cuda:0'), 1: tensor(0, device='cuda:0')},fn {0: tensor(0, device='cuda:0'), 1: tensor(4580, device='cuda:0')},fp {0: tensor(4580, device='cuda:0'), 1: tensor(0, device='cuda:0')}
INFO:root:TRAIN measures microavg - precision 0.9804 - recall 0.9804 - f1 0.9804 
INFO:root:TRAIN measures for class 0 - precision 0.9804 - recall 1.0000 - f1 0.9901 
INFO:root:TRAIN measures for class 1 - precision 0.0000 - recall 0.0000 - f1 0.0000 
INFO:root:TRAIN measures@10 microavg - precision 0.9889 - recall 0.0004 - f1 0.0008 
INFO:root:TRAIN measures@10 for class 0 - precision 0.9889 - recall 0.0004 - f1 0.0008 
INFO:root:TRAIN measures@10 for class 1 - precision 0.0000 - recall 0.0000 - f1 0.0000 
INFO:root:TRAIN measures@100 microavg - precision 0.9911 - recall 0.0038 - f1 0.0076 
INFO:root:TRAIN measures@100 for class 0 - precision 0.9911 - recall 0.0039 - f1 0.0078 
INFO:root:TRAIN measures@100 for class 1 - precision 0.0000 - recall 0.0000 - f1 0.0000 
INFO:root:TRAIN measures@1000 microavg - precision 0.9910 - recall 0.0382 - f1 0.0735 
INFO:root:TRAIN measures@1000 for class 0 - precision 0.9910 - recall 0.0389 - f1 0.0749 
INFO:root:TRAIN measures@1000 for class 1 - precision 0.0000 - recall 0.0000 - f1 0.0000 
INFO:root:TRAIN Total epoch time: 1.9430092230031732
INFO:root:=> saved epoch checkpoint 'saved_models/EvolveGCN/uc_irv_mess-20250515_035255/epoch_5.pkl'
INFO:root:################ TRAIN epoch 5 ###################
INFO:root:TRAIN mean losses tensor(0.0451, device='cuda:0')
INFO:root:TRAIN mean errors 0.019607843831181526
INFO:root:TRAIN mean MRR 0.0 - mean MAP 0.04384814202785492
INFO:root:TRAIN tp {0: tensor(229000, device='cuda:0'), 1: tensor(0, device='cuda:0')},fn {0: tensor(0, device='cuda:0'), 1: tensor(4580, device='cuda:0')},fp {0: tensor(4580, device='cuda:0'), 1: tensor(0, device='cuda:0')}
INFO:root:TRAIN measures microavg - precision 0.9804 - recall 0.9804 - f1 0.9804 
INFO:root:TRAIN measures for class 0 - precision 0.9804 - recall 1.0000 - f1 0.9901 
INFO:root:TRAIN measures for class 1 - precision 0.0000 - recall 0.0000 - f1 0.0000 
INFO:root:TRAIN measures@10 microavg - precision 0.9889 - recall 0.0004 - f1 0.0008 
INFO:root:TRAIN measures@10 for class 0 - precision 0.9889 - recall 0.0004 - f1 0.0008 
INFO:root:TRAIN measures@10 for class 1 - precision 0.0000 - recall 0.0000 - f1 0.0000 
INFO:root:TRAIN measures@100 microavg - precision 0.9867 - recall 0.0038 - f1 0.0076 
INFO:root:TRAIN measures@100 for class 0 - precision 0.9867 - recall 0.0039 - f1 0.0077 
INFO:root:TRAIN measures@100 for class 1 - precision 0.0000 - recall 0.0000 - f1 0.0000 
INFO:root:TRAIN measures@1000 microavg - precision 0.9820 - recall 0.0378 - f1 0.0729 
INFO:root:TRAIN measures@1000 for class 0 - precision 0.9820 - recall 0.0386 - f1 0.0743 
INFO:root:TRAIN measures@1000 for class 1 - precision 0.0000 - recall 0.0000 - f1 0.0000 
INFO:root:TRAIN Total epoch time: 2.0436176150105894
INFO:root:=> saved epoch checkpoint 'saved_models/EvolveGCN/uc_irv_mess-20250515_035255/epoch_6.pkl'
INFO:root:################ TRAIN epoch 6 ###################
INFO:root:TRAIN mean losses tensor(0.0448, device='cuda:0')
INFO:root:TRAIN mean errors 0.019607843831181526
INFO:root:TRAIN mean MRR 0.0 - mean MAP 0.044827885925769806
INFO:root:TRAIN tp {0: tensor(229000, device='cuda:0'), 1: tensor(0, device='cuda:0')},fn {0: tensor(0, device='cuda:0'), 1: tensor(4580, device='cuda:0')},fp {0: tensor(4580, device='cuda:0'), 1: tensor(0, device='cuda:0')}
INFO:root:TRAIN measures microavg - precision 0.9804 - recall 0.9804 - f1 0.9804 
INFO:root:TRAIN measures for class 0 - precision 0.9804 - recall 1.0000 - f1 0.9901 
INFO:root:TRAIN measures for class 1 - precision 0.0000 - recall 0.0000 - f1 0.0000 
INFO:root:TRAIN measures@10 microavg - precision 0.9889 - recall 0.0004 - f1 0.0008 
INFO:root:TRAIN measures@10 for class 0 - precision 0.9889 - recall 0.0004 - f1 0.0008 
INFO:root:TRAIN measures@10 for class 1 - precision 0.0000 - recall 0.0000 - f1 0.0000 
INFO:root:TRAIN measures@100 microavg - precision 0.9878 - recall 0.0038 - f1 0.0076 
INFO:root:TRAIN measures@100 for class 0 - precision 0.9878 - recall 0.0039 - f1 0.0077 
INFO:root:TRAIN measures@100 for class 1 - precision 0.0000 - recall 0.0000 - f1 0.0000 
INFO:root:TRAIN measures@1000 microavg - precision 0.9876 - recall 0.0381 - f1 0.0733 
INFO:root:TRAIN measures@1000 for class 0 - precision 0.9876 - recall 0.0388 - f1 0.0747 
INFO:root:TRAIN measures@1000 for class 1 - precision 0.0000 - recall 0.0000 - f1 0.0000 
INFO:root:TRAIN Total epoch time: 1.9600839579943568
INFO:root:=> saved epoch checkpoint 'saved_models/EvolveGCN/uc_irv_mess-20250515_035255/epoch_7.pkl'
INFO:root:################ VALID epoch 6 ###################
INFO:root:VALID mean losses tensor(0.0096, device='cuda:0')
INFO:root:VALID mean errors 9.834911179495975e-05
INFO:root:VALID mean MRR 0.02252800576388836 - mean MAP 0.002709273248910904
INFO:root:VALID tp {0: tensor(10817539, device='cuda:0'), 1: tensor(0, device='cuda:0')},fn {0: tensor(0, device='cuda:0'), 1: tensor(1064, device='cuda:0')},fp {0: tensor(1064, device='cuda:0'), 1: tensor(0, device='cuda:0')}
INFO:root:VALID measures microavg - precision 0.9999 - recall 0.9999 - f1 0.9999 
INFO:root:VALID measures for class 0 - precision 0.9999 - recall 1.0000 - f1 1.0000 
INFO:root:VALID measures for class 1 - precision 0.0000 - recall 0.0000 - f1 0.0000 
INFO:root:VALID measures@10 microavg - precision 1.0000 - recall 0.0000 - f1 0.0000 
INFO:root:VALID measures@10 for class 0 - precision 1.0000 - recall 0.0000 - f1 0.0000 
INFO:root:VALID measures@10 for class 1 - precision 0.0000 - recall 0.0000 - f1 0.0000 
INFO:root:VALID measures@100 microavg - precision 1.0000 - recall 0.0000 - f1 0.0001 
INFO:root:VALID measures@100 for class 0 - precision 1.0000 - recall 0.0000 - f1 0.0001 
INFO:root:VALID measures@100 for class 1 - precision 0.0000 - recall 0.0000 - f1 0.0000 
INFO:root:VALID measures@1000 microavg - precision 1.0000 - recall 0.0003 - f1 0.0006 
INFO:root:VALID measures@1000 for class 0 - precision 1.0000 - recall 0.0003 - f1 0.0006 
INFO:root:VALID measures@1000 for class 1 - precision 0.0000 - recall 0.0000 - f1 0.0000 
INFO:root:VALID Total epoch time: 7.1377432820008835
INFO:root:################ TEST epoch 6 ###################
INFO:root:TEST batch 1 / 6 - partial error 0.0001 - partial loss 0.0096 - partial MRR  0.0201 - partial MAP 0.0026
INFO:root:TEST batch 1 / 6 -  partial tp {0: tensor(3605889, device='cuda:0'), 1: tensor(0, device='cuda:0')},fn {0: tensor(0, device='cuda:0'), 1: tensor(312, device='cuda:0')},fp {0: tensor(312, device='cuda:0'), 1: tensor(0, device='cuda:0')}
INFO:root:TEST batch 1 / 6 - measures partial microavg - precision 0.9999 - recall 0.9999 - f1 0.9999 
INFO:root:TEST batch 1 / 6 - measures partial for class 0 - precision 0.9999 - recall 1.0000 - f1 1.0000 
INFO:root:TEST batch 1 / 6 - measures partial for class 1 - precision 0.0000 - recall 0.0000 - f1 0.0000 
INFO:root:TEST batch 1 / 6 - Batch time 2 
INFO:root:TEST batch 2 / 6 - partial error 0.0001 - partial loss 0.0094 - partial MRR  0.0206 - partial MAP 0.0025
INFO:root:TEST batch 2 / 6 -  partial tp {0: tensor(3605917, device='cuda:0'), 1: tensor(0, device='cuda:0')},fn {0: tensor(0, device='cuda:0'), 1: tensor(284, device='cuda:0')},fp {0: tensor(284, device='cuda:0'), 1: tensor(0, device='cuda:0')}
INFO:root:TEST batch 2 / 6 - measures partial microavg - precision 0.9999 - recall 0.9999 - f1 0.9999 
INFO:root:TEST batch 2 / 6 - measures partial for class 0 - precision 0.9999 - recall 1.0000 - f1 1.0000 
INFO:root:TEST batch 2 / 6 - measures partial for class 1 - precision 0.0000 - recall 0.0000 - f1 0.0000 
INFO:root:TEST batch 2 / 6 - Batch time 2 
INFO:root:TEST batch 3 / 6 - partial error 0.0001 - partial loss 0.0093 - partial MRR  0.0180 - partial MAP 0.0023
INFO:root:TEST batch 3 / 6 -  partial tp {0: tensor(3605979, device='cuda:0'), 1: tensor(0, device='cuda:0')},fn {0: tensor(0, device='cuda:0'), 1: tensor(222, device='cuda:0')},fp {0: tensor(222, device='cuda:0'), 1: tensor(0, device='cuda:0')}
INFO:root:TEST batch 3 / 6 - measures partial microavg - precision 0.9999 - recall 0.9999 - f1 0.9999 
INFO:root:TEST batch 3 / 6 - measures partial for class 0 - precision 0.9999 - recall 1.0000 - f1 1.0000 
INFO:root:TEST batch 3 / 6 - measures partial for class 1 - precision 0.0000 - recall 0.0000 - f1 0.0000 
INFO:root:TEST batch 3 / 6 - Batch time 2 
INFO:root:TEST batch 4 / 6 - partial error 0.0001 - partial loss 0.0091 - partial MRR  0.0181 - partial MAP 0.0019
INFO:root:TEST batch 4 / 6 -  partial tp {0: tensor(3606035, device='cuda:0'), 1: tensor(0, device='cuda:0')},fn {0: tensor(0, device='cuda:0'), 1: tensor(166, device='cuda:0')},fp {0: tensor(166, device='cuda:0'), 1: tensor(0, device='cuda:0')}
INFO:root:TEST batch 4 / 6 - measures partial microavg - precision 1.0000 - recall 1.0000 - f1 1.0000 
INFO:root:TEST batch 4 / 6 - measures partial for class 0 - precision 1.0000 - recall 1.0000 - f1 1.0000 
INFO:root:TEST batch 4 / 6 - measures partial for class 1 - precision 0.0000 - recall 0.0000 - f1 0.0000 
INFO:root:TEST batch 4 / 6 - Batch time 2 
INFO:root:TEST batch 5 / 6 - partial error 0.0001 - partial loss 0.0090 - partial MRR  0.0181 - partial MAP 0.0018
INFO:root:TEST batch 5 / 6 -  partial tp {0: tensor(3605985, device='cuda:0'), 1: tensor(0, device='cuda:0')},fn {0: tensor(0, device='cuda:0'), 1: tensor(216, device='cuda:0')},fp {0: tensor(216, device='cuda:0'), 1: tensor(0, device='cuda:0')}
INFO:root:TEST batch 5 / 6 - measures partial microavg - precision 0.9999 - recall 0.9999 - f1 0.9999 
INFO:root:TEST batch 5 / 6 - measures partial for class 0 - precision 0.9999 - recall 1.0000 - f1 1.0000 
INFO:root:TEST batch 5 / 6 - measures partial for class 1 - precision 0.0000 - recall 0.0000 - f1 0.0000 
INFO:root:TEST batch 5 / 6 - Batch time 2 
INFO:root:TEST batch 6 / 6 - partial error 0.0001 - partial loss 0.0090 - partial MRR  0.0227 - partial MAP 0.0019
INFO:root:TEST batch 6 / 6 -  partial tp {0: tensor(3606029, device='cuda:0'), 1: tensor(0, device='cuda:0')},fn {0: tensor(0, device='cuda:0'), 1: tensor(172, device='cuda:0')},fp {0: tensor(172, device='cuda:0'), 1: tensor(0, device='cuda:0')}
INFO:root:TEST batch 6 / 6 - measures partial microavg - precision 1.0000 - recall 1.0000 - f1 1.0000 
INFO:root:TEST batch 6 / 6 - measures partial for class 0 - precision 1.0000 - recall 1.0000 - f1 1.0000 
INFO:root:TEST batch 6 / 6 - measures partial for class 1 - precision 0.0000 - recall 0.0000 - f1 0.0000 
INFO:root:TEST batch 6 / 6 - Batch time 2 
INFO:root:TEST mean losses tensor(0.0090, device='cuda:0')
INFO:root:TEST mean errors 6.340930121950805e-05
INFO:root:TEST mean MRR 0.022670308127999306 - mean MAP 0.001883627031929791
INFO:root:TEST tp {0: tensor(21635834, device='cuda:0'), 1: tensor(0, device='cuda:0')},fn {0: tensor(0, device='cuda:0'), 1: tensor(1372, device='cuda:0')},fp {0: tensor(1372, device='cuda:0'), 1: tensor(0, device='cuda:0')}
INFO:root:TEST measures microavg - precision 0.9999 - recall 0.9999 - f1 0.9999 
INFO:root:TEST measures for class 0 - precision 0.9999 - recall 1.0000 - f1 1.0000 
INFO:root:TEST measures for class 1 - precision 0.0000 - recall 0.0000 - f1 0.0000 
INFO:root:TEST measures@10 microavg - precision 1.0000 - recall 0.0000 - f1 0.0000 
INFO:root:TEST measures@10 for class 0 - precision 1.0000 - recall 0.0000 - f1 0.0000 
INFO:root:TEST measures@10 for class 1 - precision 0.0000 - recall 0.0000 - f1 0.0000 
INFO:root:TEST measures@100 microavg - precision 1.0000 - recall 0.0000 - f1 0.0001 
INFO:root:TEST measures@100 for class 0 - precision 1.0000 - recall 0.0000 - f1 0.0001 
INFO:root:TEST measures@100 for class 1 - precision 0.0000 - recall 0.0000 - f1 0.0000 
INFO:root:TEST measures@1000 microavg - precision 1.0000 - recall 0.0003 - f1 0.0006 
INFO:root:TEST measures@1000 for class 0 - precision 1.0000 - recall 0.0003 - f1 0.0006 
INFO:root:TEST measures@1000 for class 1 - precision 0.0000 - recall 0.0000 - f1 0.0000 
INFO:root:TEST Total epoch time: 13.760427198998514
INFO:root:################ TRAIN epoch 7 ###################
INFO:root:TRAIN mean losses tensor(0.0448, device='cuda:0')
INFO:root:TRAIN mean errors 0.019607843831181526
INFO:root:TRAIN mean MRR 0.0 - mean MAP 0.0465838722884655
INFO:root:TRAIN tp {0: tensor(229000, device='cuda:0'), 1: tensor(0, device='cuda:0')},fn {0: tensor(0, device='cuda:0'), 1: tensor(4580, device='cuda:0')},fp {0: tensor(4580, device='cuda:0'), 1: tensor(0, device='cuda:0')}
INFO:root:TRAIN measures microavg - precision 0.9804 - recall 0.9804 - f1 0.9804 
INFO:root:TRAIN measures for class 0 - precision 0.9804 - recall 1.0000 - f1 0.9901 
INFO:root:TRAIN measures for class 1 - precision 0.0000 - recall 0.0000 - f1 0.0000 
INFO:root:TRAIN measures@10 microavg - precision 0.9667 - recall 0.0004 - f1 0.0007 
INFO:root:TRAIN measures@10 for class 0 - precision 0.9667 - recall 0.0004 - f1 0.0008 
INFO:root:TRAIN measures@10 for class 1 - precision 0.0000 - recall 0.0000 - f1 0.0000 
INFO:root:TRAIN measures@100 microavg - precision 0.9800 - recall 0.0038 - f1 0.0075 
INFO:root:TRAIN measures@100 for class 0 - precision 0.9800 - recall 0.0039 - f1 0.0077 
INFO:root:TRAIN measures@100 for class 1 - precision 0.0000 - recall 0.0000 - f1 0.0000 
INFO:root:TRAIN measures@1000 microavg - precision 0.9897 - recall 0.0381 - f1 0.0734 
INFO:root:TRAIN measures@1000 for class 0 - precision 0.9897 - recall 0.0389 - f1 0.0748 
INFO:root:TRAIN measures@1000 for class 1 - precision 0.0000 - recall 0.0000 - f1 0.0000 
INFO:root:TRAIN Total epoch time: 1.8151420369977131
INFO:root:=> saved epoch checkpoint 'saved_models/EvolveGCN/uc_irv_mess-20250515_035255/epoch_8.pkl'
INFO:root:################ VALID epoch 7 ###################
INFO:root:VALID mean losses tensor(0.0107, device='cuda:0')
INFO:root:VALID mean errors 9.834911179495975e-05
INFO:root:VALID mean MRR 0.021545469760894775 - mean MAP 0.0030735747423022985
INFO:root:VALID tp {0: tensor(10817539, device='cuda:0'), 1: tensor(0, device='cuda:0')},fn {0: tensor(0, device='cuda:0'), 1: tensor(1064, device='cuda:0')},fp {0: tensor(1064, device='cuda:0'), 1: tensor(0, device='cuda:0')}
INFO:root:VALID measures microavg - precision 0.9999 - recall 0.9999 - f1 0.9999 
INFO:root:VALID measures for class 0 - precision 0.9999 - recall 1.0000 - f1 1.0000 
INFO:root:VALID measures for class 1 - precision 0.0000 - recall 0.0000 - f1 0.0000 
INFO:root:VALID measures@10 microavg - precision 1.0000 - recall 0.0000 - f1 0.0000 
INFO:root:VALID measures@10 for class 0 - precision 1.0000 - recall 0.0000 - f1 0.0000 
INFO:root:VALID measures@10 for class 1 - precision 0.0000 - recall 0.0000 - f1 0.0000 
INFO:root:VALID measures@100 microavg - precision 1.0000 - recall 0.0000 - f1 0.0001 
INFO:root:VALID measures@100 for class 0 - precision 1.0000 - recall 0.0000 - f1 0.0001 
INFO:root:VALID measures@100 for class 1 - precision 0.0000 - recall 0.0000 - f1 0.0000 
INFO:root:VALID measures@1000 microavg - precision 1.0000 - recall 0.0003 - f1 0.0006 
INFO:root:VALID measures@1000 for class 0 - precision 1.0000 - recall 0.0003 - f1 0.0006 
INFO:root:VALID measures@1000 for class 1 - precision 0.0000 - recall 0.0000 - f1 0.0000 
INFO:root:VALID Total epoch time: 7.191063922000467
INFO:root:################ TEST epoch 7 ###################
INFO:root:TEST batch 1 / 6 - partial error 0.0001 - partial loss 0.0107 - partial MRR  0.0216 - partial MAP 0.0030
INFO:root:TEST batch 1 / 6 -  partial tp {0: tensor(3605889, device='cuda:0'), 1: tensor(0, device='cuda:0')},fn {0: tensor(0, device='cuda:0'), 1: tensor(312, device='cuda:0')},fp {0: tensor(312, device='cuda:0'), 1: tensor(0, device='cuda:0')}
INFO:root:TEST batch 1 / 6 - measures partial microavg - precision 0.9999 - recall 0.9999 - f1 0.9999 
INFO:root:TEST batch 1 / 6 - measures partial for class 0 - precision 0.9999 - recall 1.0000 - f1 1.0000 
INFO:root:TEST batch 1 / 6 - measures partial for class 1 - precision 0.0000 - recall 0.0000 - f1 0.0000 
INFO:root:TEST batch 1 / 6 - Batch time 2 
INFO:root:TEST batch 2 / 6 - partial error 0.0001 - partial loss 0.0105 - partial MRR  0.0219 - partial MAP 0.0028
INFO:root:TEST batch 2 / 6 -  partial tp {0: tensor(3605917, device='cuda:0'), 1: tensor(0, device='cuda:0')},fn {0: tensor(0, device='cuda:0'), 1: tensor(284, device='cuda:0')},fp {0: tensor(284, device='cuda:0'), 1: tensor(0, device='cuda:0')}
INFO:root:TEST batch 2 / 6 - measures partial microavg - precision 0.9999 - recall 0.9999 - f1 0.9999 
INFO:root:TEST batch 2 / 6 - measures partial for class 0 - precision 0.9999 - recall 1.0000 - f1 1.0000 
INFO:root:TEST batch 2 / 6 - measures partial for class 1 - precision 0.0000 - recall 0.0000 - f1 0.0000 
INFO:root:TEST batch 2 / 6 - Batch time 2 
INFO:root:TEST batch 3 / 6 - partial error 0.0001 - partial loss 0.0104 - partial MRR  0.0190 - partial MAP 0.0025
INFO:root:TEST batch 3 / 6 -  partial tp {0: tensor(3605979, device='cuda:0'), 1: tensor(0, device='cuda:0')},fn {0: tensor(0, device='cuda:0'), 1: tensor(222, device='cuda:0')},fp {0: tensor(222, device='cuda:0'), 1: tensor(0, device='cuda:0')}
INFO:root:TEST batch 3 / 6 - measures partial microavg - precision 0.9999 - recall 0.9999 - f1 0.9999 
INFO:root:TEST batch 3 / 6 - measures partial for class 0 - precision 0.9999 - recall 1.0000 - f1 1.0000 
INFO:root:TEST batch 3 / 6 - measures partial for class 1 - precision 0.0000 - recall 0.0000 - f1 0.0000 
INFO:root:TEST batch 3 / 6 - Batch time 2 
INFO:root:TEST batch 4 / 6 - partial error 0.0001 - partial loss 0.0102 - partial MRR  0.0182 - partial MAP 0.0021
INFO:root:TEST batch 4 / 6 -  partial tp {0: tensor(3606035, device='cuda:0'), 1: tensor(0, device='cuda:0')},fn {0: tensor(0, device='cuda:0'), 1: tensor(166, device='cuda:0')},fp {0: tensor(166, device='cuda:0'), 1: tensor(0, device='cuda:0')}
INFO:root:TEST batch 4 / 6 - measures partial microavg - precision 1.0000 - recall 1.0000 - f1 1.0000 
INFO:root:TEST batch 4 / 6 - measures partial for class 0 - precision 1.0000 - recall 1.0000 - f1 1.0000 
INFO:root:TEST batch 4 / 6 - measures partial for class 1 - precision 0.0000 - recall 0.0000 - f1 0.0000 
INFO:root:TEST batch 4 / 6 - Batch time 2 
INFO:root:TEST batch 5 / 6 - partial error 0.0001 - partial loss 0.0101 - partial MRR  0.0184 - partial MAP 0.0020
INFO:root:TEST batch 5 / 6 -  partial tp {0: tensor(3605985, device='cuda:0'), 1: tensor(0, device='cuda:0')},fn {0: tensor(0, device='cuda:0'), 1: tensor(216, device='cuda:0')},fp {0: tensor(216, device='cuda:0'), 1: tensor(0, device='cuda:0')}
INFO:root:TEST batch 5 / 6 - measures partial microavg - precision 0.9999 - recall 0.9999 - f1 0.9999 
INFO:root:TEST batch 5 / 6 - measures partial for class 0 - precision 0.9999 - recall 1.0000 - f1 1.0000 
INFO:root:TEST batch 5 / 6 - measures partial for class 1 - precision 0.0000 - recall 0.0000 - f1 0.0000 
INFO:root:TEST batch 5 / 6 - Batch time 2 
INFO:root:TEST batch 6 / 6 - partial error 0.0001 - partial loss 0.0101 - partial MRR  0.0233 - partial MAP 0.0021
INFO:root:TEST batch 6 / 6 -  partial tp {0: tensor(3606029, device='cuda:0'), 1: tensor(0, device='cuda:0')},fn {0: tensor(0, device='cuda:0'), 1: tensor(172, device='cuda:0')},fp {0: tensor(172, device='cuda:0'), 1: tensor(0, device='cuda:0')}
INFO:root:TEST batch 6 / 6 - measures partial microavg - precision 1.0000 - recall 1.0000 - f1 1.0000 
INFO:root:TEST batch 6 / 6 - measures partial for class 0 - precision 1.0000 - recall 1.0000 - f1 1.0000 
INFO:root:TEST batch 6 / 6 - measures partial for class 1 - precision 0.0000 - recall 0.0000 - f1 0.0000 
INFO:root:TEST batch 6 / 6 - Batch time 2 
INFO:root:TEST mean losses tensor(0.0101, device='cuda:0')
INFO:root:TEST mean errors 6.340930121950805e-05
INFO:root:TEST mean MRR 0.02332097478210926 - mean MAP 0.002140388358384371
INFO:root:TEST tp {0: tensor(21635834, device='cuda:0'), 1: tensor(0, device='cuda:0')},fn {0: tensor(0, device='cuda:0'), 1: tensor(1372, device='cuda:0')},fp {0: tensor(1372, device='cuda:0'), 1: tensor(0, device='cuda:0')}
INFO:root:TEST measures microavg - precision 0.9999 - recall 0.9999 - f1 0.9999 
INFO:root:TEST measures for class 0 - precision 0.9999 - recall 1.0000 - f1 1.0000 
INFO:root:TEST measures for class 1 - precision 0.0000 - recall 0.0000 - f1 0.0000 
INFO:root:TEST measures@10 microavg - precision 1.0000 - recall 0.0000 - f1 0.0000 
INFO:root:TEST measures@10 for class 0 - precision 1.0000 - recall 0.0000 - f1 0.0000 
INFO:root:TEST measures@10 for class 1 - precision 0.0000 - recall 0.0000 - f1 0.0000 
INFO:root:TEST measures@100 microavg - precision 1.0000 - recall 0.0000 - f1 0.0001 
INFO:root:TEST measures@100 for class 0 - precision 1.0000 - recall 0.0000 - f1 0.0001 
INFO:root:TEST measures@100 for class 1 - precision 0.0000 - recall 0.0000 - f1 0.0000 
INFO:root:TEST measures@1000 microavg - precision 1.0000 - recall 0.0003 - f1 0.0006 
INFO:root:TEST measures@1000 for class 0 - precision 1.0000 - recall 0.0003 - f1 0.0006 
INFO:root:TEST measures@1000 for class 1 - precision 0.0000 - recall 0.0000 - f1 0.0000 
INFO:root:TEST Total epoch time: 14.07023696800752
INFO:root:################ TRAIN epoch 8 ###################
INFO:root:TRAIN mean losses tensor(0.0446, device='cuda:0')
INFO:root:TRAIN mean errors 0.019607843831181526
INFO:root:TRAIN mean MRR 0.0 - mean MAP 0.04925373196601868
INFO:root:TRAIN tp {0: tensor(229000, device='cuda:0'), 1: tensor(0, device='cuda:0')},fn {0: tensor(0, device='cuda:0'), 1: tensor(4580, device='cuda:0')},fp {0: tensor(4580, device='cuda:0'), 1: tensor(0, device='cuda:0')}
INFO:root:TRAIN measures microavg - precision 0.9804 - recall 0.9804 - f1 0.9804 
INFO:root:TRAIN measures for class 0 - precision 0.9804 - recall 1.0000 - f1 0.9901 
INFO:root:TRAIN measures for class 1 - precision 0.0000 - recall 0.0000 - f1 0.0000 
INFO:root:TRAIN measures@10 microavg - precision 1.0000 - recall 0.0004 - f1 0.0008 
INFO:root:TRAIN measures@10 for class 0 - precision 1.0000 - recall 0.0004 - f1 0.0008 
INFO:root:TRAIN measures@10 for class 1 - precision 0.0000 - recall 0.0000 - f1 0.0000 
INFO:root:TRAIN measures@100 microavg - precision 0.9933 - recall 0.0038 - f1 0.0076 
INFO:root:TRAIN measures@100 for class 0 - precision 0.9933 - recall 0.0039 - f1 0.0078 
INFO:root:TRAIN measures@100 for class 1 - precision 0.0000 - recall 0.0000 - f1 0.0000 
INFO:root:TRAIN measures@1000 microavg - precision 0.9924 - recall 0.0382 - f1 0.0736 
INFO:root:TRAIN measures@1000 for class 0 - precision 0.9924 - recall 0.0390 - f1 0.0751 
INFO:root:TRAIN measures@1000 for class 1 - precision 0.0000 - recall 0.0000 - f1 0.0000 
INFO:root:TRAIN Total epoch time: 1.6989540569920791
INFO:root:=> saved epoch checkpoint 'saved_models/EvolveGCN/uc_irv_mess-20250515_035255/epoch_9.pkl'
INFO:root:################ VALID epoch 8 ###################
INFO:root:VALID mean losses tensor(0.0109, device='cuda:0')
INFO:root:VALID mean errors 9.834911179495975e-05
INFO:root:VALID mean MRR 0.02429169975221157 - mean MAP 0.0035837232135236263
INFO:root:VALID tp {0: tensor(10817539, device='cuda:0'), 1: tensor(0, device='cuda:0')},fn {0: tensor(0, device='cuda:0'), 1: tensor(1064, device='cuda:0')},fp {0: tensor(1064, device='cuda:0'), 1: tensor(0, device='cuda:0')}
INFO:root:VALID measures microavg - precision 0.9999 - recall 0.9999 - f1 0.9999 
INFO:root:VALID measures for class 0 - precision 0.9999 - recall 1.0000 - f1 1.0000 
INFO:root:VALID measures for class 1 - precision 0.0000 - recall 0.0000 - f1 0.0000 
INFO:root:VALID measures@10 microavg - precision 1.0000 - recall 0.0000 - f1 0.0000 
INFO:root:VALID measures@10 for class 0 - precision 1.0000 - recall 0.0000 - f1 0.0000 
INFO:root:VALID measures@10 for class 1 - precision 0.0000 - recall 0.0000 - f1 0.0000 
INFO:root:VALID measures@100 microavg - precision 0.9967 - recall 0.0000 - f1 0.0001 
INFO:root:VALID measures@100 for class 0 - precision 0.9967 - recall 0.0000 - f1 0.0001 
INFO:root:VALID measures@100 for class 1 - precision 0.0000 - recall 0.0000 - f1 0.0000 
INFO:root:VALID measures@1000 microavg - precision 0.9983 - recall 0.0003 - f1 0.0006 
INFO:root:VALID measures@1000 for class 0 - precision 0.9983 - recall 0.0003 - f1 0.0006 
INFO:root:VALID measures@1000 for class 1 - precision 0.0000 - recall 0.0000 - f1 0.0000 
INFO:root:VALID Total epoch time: 7.038055940007325
INFO:root:################ TEST epoch 8 ###################
INFO:root:TEST batch 1 / 6 - partial error 0.0001 - partial loss 0.0110 - partial MRR  0.0239 - partial MAP 0.0035
INFO:root:TEST batch 1 / 6 -  partial tp {0: tensor(3605889, device='cuda:0'), 1: tensor(0, device='cuda:0')},fn {0: tensor(0, device='cuda:0'), 1: tensor(312, device='cuda:0')},fp {0: tensor(312, device='cuda:0'), 1: tensor(0, device='cuda:0')}
INFO:root:TEST batch 1 / 6 - measures partial microavg - precision 0.9999 - recall 0.9999 - f1 0.9999 
INFO:root:TEST batch 1 / 6 - measures partial for class 0 - precision 0.9999 - recall 1.0000 - f1 1.0000 
INFO:root:TEST batch 1 / 6 - measures partial for class 1 - precision 0.0000 - recall 0.0000 - f1 0.0000 
INFO:root:TEST batch 1 / 6 - Batch time 2 
INFO:root:TEST batch 2 / 6 - partial error 0.0001 - partial loss 0.0108 - partial MRR  0.0240 - partial MAP 0.0032
INFO:root:TEST batch 2 / 6 -  partial tp {0: tensor(3605917, device='cuda:0'), 1: tensor(0, device='cuda:0')},fn {0: tensor(0, device='cuda:0'), 1: tensor(284, device='cuda:0')},fp {0: tensor(284, device='cuda:0'), 1: tensor(0, device='cuda:0')}
INFO:root:TEST batch 2 / 6 - measures partial microavg - precision 0.9999 - recall 0.9999 - f1 0.9999 
INFO:root:TEST batch 2 / 6 - measures partial for class 0 - precision 0.9999 - recall 1.0000 - f1 1.0000 
INFO:root:TEST batch 2 / 6 - measures partial for class 1 - precision 0.0000 - recall 0.0000 - f1 0.0000 
INFO:root:TEST batch 2 / 6 - Batch time 2 
INFO:root:TEST batch 3 / 6 - partial error 0.0001 - partial loss 0.0107 - partial MRR  0.0206 - partial MAP 0.0029
INFO:root:TEST batch 3 / 6 -  partial tp {0: tensor(3605979, device='cuda:0'), 1: tensor(0, device='cuda:0')},fn {0: tensor(0, device='cuda:0'), 1: tensor(222, device='cuda:0')},fp {0: tensor(222, device='cuda:0'), 1: tensor(0, device='cuda:0')}
INFO:root:TEST batch 3 / 6 - measures partial microavg - precision 0.9999 - recall 0.9999 - f1 0.9999 
INFO:root:TEST batch 3 / 6 - measures partial for class 0 - precision 0.9999 - recall 1.0000 - f1 1.0000 
INFO:root:TEST batch 3 / 6 - measures partial for class 1 - precision 0.0000 - recall 0.0000 - f1 0.0000 
INFO:root:TEST batch 3 / 6 - Batch time 2 
INFO:root:TEST batch 4 / 6 - partial error 0.0001 - partial loss 0.0105 - partial MRR  0.0200 - partial MAP 0.0024
INFO:root:TEST batch 4 / 6 -  partial tp {0: tensor(3606035, device='cuda:0'), 1: tensor(0, device='cuda:0')},fn {0: tensor(0, device='cuda:0'), 1: tensor(166, device='cuda:0')},fp {0: tensor(166, device='cuda:0'), 1: tensor(0, device='cuda:0')}
INFO:root:TEST batch 4 / 6 - measures partial microavg - precision 1.0000 - recall 1.0000 - f1 1.0000 
INFO:root:TEST batch 4 / 6 - measures partial for class 0 - precision 1.0000 - recall 1.0000 - f1 1.0000 
INFO:root:TEST batch 4 / 6 - measures partial for class 1 - precision 0.0000 - recall 0.0000 - f1 0.0000 
INFO:root:TEST batch 4 / 6 - Batch time 2 
INFO:root:TEST batch 5 / 6 - partial error 0.0001 - partial loss 0.0104 - partial MRR  0.0201 - partial MAP 0.0023
INFO:root:TEST batch 5 / 6 -  partial tp {0: tensor(3605985, device='cuda:0'), 1: tensor(0, device='cuda:0')},fn {0: tensor(0, device='cuda:0'), 1: tensor(216, device='cuda:0')},fp {0: tensor(216, device='cuda:0'), 1: tensor(0, device='cuda:0')}
INFO:root:TEST batch 5 / 6 - measures partial microavg - precision 0.9999 - recall 0.9999 - f1 0.9999 
INFO:root:TEST batch 5 / 6 - measures partial for class 0 - precision 0.9999 - recall 1.0000 - f1 1.0000 
INFO:root:TEST batch 5 / 6 - measures partial for class 1 - precision 0.0000 - recall 0.0000 - f1 0.0000 
INFO:root:TEST batch 5 / 6 - Batch time 2 
INFO:root:TEST batch 6 / 6 - partial error 0.0001 - partial loss 0.0104 - partial MRR  0.0254 - partial MAP 0.0025
INFO:root:TEST batch 6 / 6 -  partial tp {0: tensor(3606029, device='cuda:0'), 1: tensor(0, device='cuda:0')},fn {0: tensor(0, device='cuda:0'), 1: tensor(172, device='cuda:0')},fp {0: tensor(172, device='cuda:0'), 1: tensor(0, device='cuda:0')}
INFO:root:TEST batch 6 / 6 - measures partial microavg - precision 1.0000 - recall 1.0000 - f1 1.0000 
INFO:root:TEST batch 6 / 6 - measures partial for class 0 - precision 1.0000 - recall 1.0000 - f1 1.0000 
INFO:root:TEST batch 6 / 6 - measures partial for class 1 - precision 0.0000 - recall 0.0000 - f1 0.0000 
INFO:root:TEST batch 6 / 6 - Batch time 2 
INFO:root:TEST mean losses tensor(0.0104, device='cuda:0')
INFO:root:TEST mean errors 6.340930121950805e-05
INFO:root:TEST mean MRR 0.025433773174881935 - mean MAP 0.0024634958244860172
INFO:root:TEST tp {0: tensor(21635834, device='cuda:0'), 1: tensor(0, device='cuda:0')},fn {0: tensor(0, device='cuda:0'), 1: tensor(1372, device='cuda:0')},fp {0: tensor(1372, device='cuda:0'), 1: tensor(0, device='cuda:0')}
INFO:root:TEST measures microavg - precision 0.9999 - recall 0.9999 - f1 0.9999 
INFO:root:TEST measures for class 0 - precision 0.9999 - recall 1.0000 - f1 1.0000 
INFO:root:TEST measures for class 1 - precision 0.0000 - recall 0.0000 - f1 0.0000 
INFO:root:TEST measures@10 microavg - precision 1.0000 - recall 0.0000 - f1 0.0000 
INFO:root:TEST measures@10 for class 0 - precision 1.0000 - recall 0.0000 - f1 0.0000 
INFO:root:TEST measures@10 for class 1 - precision 0.0000 - recall 0.0000 - f1 0.0000 
INFO:root:TEST measures@100 microavg - precision 1.0000 - recall 0.0000 - f1 0.0001 
INFO:root:TEST measures@100 for class 0 - precision 1.0000 - recall 0.0000 - f1 0.0001 
INFO:root:TEST measures@100 for class 1 - precision 0.0000 - recall 0.0000 - f1 0.0000 
INFO:root:TEST measures@1000 microavg - precision 1.0000 - recall 0.0003 - f1 0.0006 
INFO:root:TEST measures@1000 for class 0 - precision 1.0000 - recall 0.0003 - f1 0.0006 
INFO:root:TEST measures@1000 for class 1 - precision 0.0000 - recall 0.0000 - f1 0.0000 
INFO:root:TEST Total epoch time: 14.21729349999805
INFO:root:################ TRAIN epoch 9 ###################
INFO:root:TRAIN mean losses tensor(0.0445, device='cuda:0')
INFO:root:TRAIN mean errors 0.019607843831181526
INFO:root:TRAIN mean MRR 0.0 - mean MAP 0.05282360315322876
INFO:root:TRAIN tp {0: tensor(229000, device='cuda:0'), 1: tensor(0, device='cuda:0')},fn {0: tensor(0, device='cuda:0'), 1: tensor(4580, device='cuda:0')},fp {0: tensor(4580, device='cuda:0'), 1: tensor(0, device='cuda:0')}
INFO:root:TRAIN measures microavg - precision 0.9804 - recall 0.9804 - f1 0.9804 
INFO:root:TRAIN measures for class 0 - precision 0.9804 - recall 1.0000 - f1 0.9901 
INFO:root:TRAIN measures for class 1 - precision 0.0000 - recall 0.0000 - f1 0.0000 
INFO:root:TRAIN measures@10 microavg - precision 0.9778 - recall 0.0004 - f1 0.0008 
INFO:root:TRAIN measures@10 for class 0 - precision 0.9778 - recall 0.0004 - f1 0.0008 
INFO:root:TRAIN measures@10 for class 1 - precision 0.0000 - recall 0.0000 - f1 0.0000 
INFO:root:TRAIN measures@100 microavg - precision 0.9889 - recall 0.0038 - f1 0.0076 
INFO:root:TRAIN measures@100 for class 0 - precision 0.9889 - recall 0.0039 - f1 0.0077 
INFO:root:TRAIN measures@100 for class 1 - precision 0.0000 - recall 0.0000 - f1 0.0000 
INFO:root:TRAIN measures@1000 microavg - precision 0.9913 - recall 0.0382 - f1 0.0736 
INFO:root:TRAIN measures@1000 for class 0 - precision 0.9913 - recall 0.0390 - f1 0.0750 
INFO:root:TRAIN measures@1000 for class 1 - precision 0.0000 - recall 0.0000 - f1 0.0000 
INFO:root:TRAIN Total epoch time: 1.8820630010013701
INFO:root:=> saved epoch checkpoint 'saved_models/EvolveGCN/uc_irv_mess-20250515_035255/epoch_10.pkl'
INFO:root:################ VALID epoch 9 ###################
INFO:root:VALID mean losses tensor(0.0106, device='cuda:0')
INFO:root:VALID mean errors 9.834911179495975e-05
INFO:root:VALID mean MRR 0.02485538087785244 - mean MAP 0.004093838855624199
INFO:root:VALID tp {0: tensor(10817539, device='cuda:0'), 1: tensor(0, device='cuda:0')},fn {0: tensor(0, device='cuda:0'), 1: tensor(1064, device='cuda:0')},fp {0: tensor(1064, device='cuda:0'), 1: tensor(0, device='cuda:0')}
INFO:root:VALID measures microavg - precision 0.9999 - recall 0.9999 - f1 0.9999 
INFO:root:VALID measures for class 0 - precision 0.9999 - recall 1.0000 - f1 1.0000 
INFO:root:VALID measures for class 1 - precision 0.0000 - recall 0.0000 - f1 0.0000 
INFO:root:VALID measures@10 microavg - precision 1.0000 - recall 0.0000 - f1 0.0000 
INFO:root:VALID measures@10 for class 0 - precision 1.0000 - recall 0.0000 - f1 0.0000 
INFO:root:VALID measures@10 for class 1 - precision 0.0000 - recall 0.0000 - f1 0.0000 
INFO:root:VALID measures@100 microavg - precision 0.9967 - recall 0.0000 - f1 0.0001 
INFO:root:VALID measures@100 for class 0 - precision 0.9967 - recall 0.0000 - f1 0.0001 
INFO:root:VALID measures@100 for class 1 - precision 0.0000 - recall 0.0000 - f1 0.0000 
INFO:root:VALID measures@1000 microavg - precision 0.9997 - recall 0.0003 - f1 0.0006 
INFO:root:VALID measures@1000 for class 0 - precision 0.9997 - recall 0.0003 - f1 0.0006 
INFO:root:VALID measures@1000 for class 1 - precision 0.0000 - recall 0.0000 - f1 0.0000 
INFO:root:VALID Total epoch time: 7.182951320006396
INFO:root:################ TEST epoch 9 ###################
INFO:root:TEST batch 1 / 6 - partial error 0.0001 - partial loss 0.0106 - partial MRR  0.0249 - partial MAP 0.0041
INFO:root:TEST batch 1 / 6 -  partial tp {0: tensor(3605889, device='cuda:0'), 1: tensor(0, device='cuda:0')},fn {0: tensor(0, device='cuda:0'), 1: tensor(312, device='cuda:0')},fp {0: tensor(312, device='cuda:0'), 1: tensor(0, device='cuda:0')}
INFO:root:TEST batch 1 / 6 - measures partial microavg - precision 0.9999 - recall 0.9999 - f1 0.9999 
INFO:root:TEST batch 1 / 6 - measures partial for class 0 - precision 0.9999 - recall 1.0000 - f1 1.0000 
INFO:root:TEST batch 1 / 6 - measures partial for class 1 - precision 0.0000 - recall 0.0000 - f1 0.0000 
INFO:root:TEST batch 1 / 6 - Batch time 2 
INFO:root:TEST batch 2 / 6 - partial error 0.0001 - partial loss 0.0105 - partial MRR  0.0259 - partial MAP 0.0040
INFO:root:TEST batch 2 / 6 -  partial tp {0: tensor(3605917, device='cuda:0'), 1: tensor(0, device='cuda:0')},fn {0: tensor(0, device='cuda:0'), 1: tensor(284, device='cuda:0')},fp {0: tensor(284, device='cuda:0'), 1: tensor(0, device='cuda:0')}
INFO:root:TEST batch 2 / 6 - measures partial microavg - precision 0.9999 - recall 0.9999 - f1 0.9999 
INFO:root:TEST batch 2 / 6 - measures partial for class 0 - precision 0.9999 - recall 1.0000 - f1 1.0000 
INFO:root:TEST batch 2 / 6 - measures partial for class 1 - precision 0.0000 - recall 0.0000 - f1 0.0000 
INFO:root:TEST batch 2 / 6 - Batch time 2 
INFO:root:TEST batch 3 / 6 - partial error 0.0001 - partial loss 0.0103 - partial MRR  0.0223 - partial MAP 0.0035
INFO:root:TEST batch 3 / 6 -  partial tp {0: tensor(3605979, device='cuda:0'), 1: tensor(0, device='cuda:0')},fn {0: tensor(0, device='cuda:0'), 1: tensor(222, device='cuda:0')},fp {0: tensor(222, device='cuda:0'), 1: tensor(0, device='cuda:0')}
INFO:root:TEST batch 3 / 6 - measures partial microavg - precision 0.9999 - recall 0.9999 - f1 0.9999 
INFO:root:TEST batch 3 / 6 - measures partial for class 0 - precision 0.9999 - recall 1.0000 - f1 1.0000 
INFO:root:TEST batch 3 / 6 - measures partial for class 1 - precision 0.0000 - recall 0.0000 - f1 0.0000 
INFO:root:TEST batch 3 / 6 - Batch time 2 
INFO:root:TEST batch 4 / 6 - partial error 0.0001 - partial loss 0.0102 - partial MRR  0.0213 - partial MAP 0.0029
INFO:root:TEST batch 4 / 6 -  partial tp {0: tensor(3606035, device='cuda:0'), 1: tensor(0, device='cuda:0')},fn {0: tensor(0, device='cuda:0'), 1: tensor(166, device='cuda:0')},fp {0: tensor(166, device='cuda:0'), 1: tensor(0, device='cuda:0')}
INFO:root:TEST batch 4 / 6 - measures partial microavg - precision 1.0000 - recall 1.0000 - f1 1.0000 
INFO:root:TEST batch 4 / 6 - measures partial for class 0 - precision 1.0000 - recall 1.0000 - f1 1.0000 
INFO:root:TEST batch 4 / 6 - measures partial for class 1 - precision 0.0000 - recall 0.0000 - f1 0.0000 
INFO:root:TEST batch 4 / 6 - Batch time 2 
INFO:root:TEST batch 5 / 6 - partial error 0.0001 - partial loss 0.0101 - partial MRR  0.0216 - partial MAP 0.0027
INFO:root:TEST batch 5 / 6 -  partial tp {0: tensor(3605985, device='cuda:0'), 1: tensor(0, device='cuda:0')},fn {0: tensor(0, device='cuda:0'), 1: tensor(216, device='cuda:0')},fp {0: tensor(216, device='cuda:0'), 1: tensor(0, device='cuda:0')}
INFO:root:TEST batch 5 / 6 - measures partial microavg - precision 0.9999 - recall 0.9999 - f1 0.9999 
INFO:root:TEST batch 5 / 6 - measures partial for class 0 - precision 0.9999 - recall 1.0000 - f1 1.0000 
INFO:root:TEST batch 5 / 6 - measures partial for class 1 - precision 0.0000 - recall 0.0000 - f1 0.0000 
INFO:root:TEST batch 5 / 6 - Batch time 2 
INFO:root:TEST batch 6 / 6 - partial error 0.0001 - partial loss 0.0101 - partial MRR  0.0275 - partial MAP 0.0029
INFO:root:TEST batch 6 / 6 -  partial tp {0: tensor(3606029, device='cuda:0'), 1: tensor(0, device='cuda:0')},fn {0: tensor(0, device='cuda:0'), 1: tensor(172, device='cuda:0')},fp {0: tensor(172, device='cuda:0'), 1: tensor(0, device='cuda:0')}
INFO:root:TEST batch 6 / 6 - measures partial microavg - precision 1.0000 - recall 1.0000 - f1 1.0000 
INFO:root:TEST batch 6 / 6 - measures partial for class 0 - precision 1.0000 - recall 1.0000 - f1 1.0000 
INFO:root:TEST batch 6 / 6 - measures partial for class 1 - precision 0.0000 - recall 0.0000 - f1 0.0000 
INFO:root:TEST batch 6 / 6 - Batch time 2 
INFO:root:TEST mean losses tensor(0.0101, device='cuda:0')
INFO:root:TEST mean errors 6.340930121950805e-05
INFO:root:TEST mean MRR 0.027532190084457397 - mean MAP 0.0029168655164539814
INFO:root:TEST tp {0: tensor(21635834, device='cuda:0'), 1: tensor(0, device='cuda:0')},fn {0: tensor(0, device='cuda:0'), 1: tensor(1372, device='cuda:0')},fp {0: tensor(1372, device='cuda:0'), 1: tensor(0, device='cuda:0')}
INFO:root:TEST measures microavg - precision 0.9999 - recall 0.9999 - f1 0.9999 
INFO:root:TEST measures for class 0 - precision 0.9999 - recall 1.0000 - f1 1.0000 
INFO:root:TEST measures for class 1 - precision 0.0000 - recall 0.0000 - f1 0.0000 
INFO:root:TEST measures@10 microavg - precision 1.0000 - recall 0.0000 - f1 0.0000 
INFO:root:TEST measures@10 for class 0 - precision 1.0000 - recall 0.0000 - f1 0.0000 
INFO:root:TEST measures@10 for class 1 - precision 0.0000 - recall 0.0000 - f1 0.0000 
INFO:root:TEST measures@100 microavg - precision 1.0000 - recall 0.0000 - f1 0.0001 
INFO:root:TEST measures@100 for class 0 - precision 1.0000 - recall 0.0000 - f1 0.0001 
INFO:root:TEST measures@100 for class 1 - precision 0.0000 - recall 0.0000 - f1 0.0000 
INFO:root:TEST measures@1000 microavg - precision 1.0000 - recall 0.0003 - f1 0.0006 
INFO:root:TEST measures@1000 for class 0 - precision 1.0000 - recall 0.0003 - f1 0.0006 
INFO:root:TEST measures@1000 for class 1 - precision 0.0000 - recall 0.0000 - f1 0.0000 
INFO:root:TEST Total epoch time: 13.99850231099117
INFO:root:################ TRAIN epoch 10 ###################
INFO:root:TRAIN mean losses tensor(0.0445, device='cuda:0')
INFO:root:TRAIN mean errors 0.019620686769485474
INFO:root:TRAIN mean MRR 0.0 - mean MAP 0.05524637922644615
INFO:root:TRAIN tp {0: tensor(228996, device='cuda:0'), 1: tensor(1, device='cuda:0')},fn {0: tensor(4, device='cuda:0'), 1: tensor(4579, device='cuda:0')},fp {0: tensor(4579, device='cuda:0'), 1: tensor(4, device='cuda:0')}
INFO:root:TRAIN measures microavg - precision 0.9804 - recall 0.9804 - f1 0.9804 
INFO:root:TRAIN measures for class 0 - precision 0.9804 - recall 1.0000 - f1 0.9901 
INFO:root:TRAIN measures for class 1 - precision 0.2000 - recall 0.0002 - f1 0.0004 
INFO:root:TRAIN measures@10 microavg - precision 0.9474 - recall 0.0004 - f1 0.0008 
INFO:root:TRAIN measures@10 for class 0 - precision 0.9889 - recall 0.0004 - f1 0.0008 
INFO:root:TRAIN measures@10 for class 1 - precision 0.2000 - recall 0.0002 - f1 0.0004 
INFO:root:TRAIN measures@100 microavg - precision 0.9912 - recall 0.0038 - f1 0.0077 
INFO:root:TRAIN measures@100 for class 0 - precision 0.9956 - recall 0.0039 - f1 0.0078 
INFO:root:TRAIN measures@100 for class 1 - precision 0.2000 - recall 0.0002 - f1 0.0004 
INFO:root:TRAIN measures@1000 microavg - precision 0.9912 - recall 0.0382 - f1 0.0736 
INFO:root:TRAIN measures@1000 for class 0 - precision 0.9917 - recall 0.0390 - f1 0.0750 
INFO:root:TRAIN measures@1000 for class 1 - precision 0.2000 - recall 0.0002 - f1 0.0004 
INFO:root:TRAIN Total epoch time: 1.7176569029979873
INFO:root:=> saved epoch checkpoint 'saved_models/EvolveGCN/uc_irv_mess-20250515_035255/epoch_11.pkl'
INFO:root:################ VALID epoch 10 ###################
INFO:root:VALID mean losses tensor(0.0109, device='cuda:0')
INFO:root:VALID mean errors 9.834911179495975e-05
INFO:root:VALID mean MRR 0.02435961551964283 - mean MAP 0.004491314757615328
INFO:root:VALID tp {0: tensor(10817539, device='cuda:0'), 1: tensor(0, device='cuda:0')},fn {0: tensor(0, device='cuda:0'), 1: tensor(1064, device='cuda:0')},fp {0: tensor(1064, device='cuda:0'), 1: tensor(0, device='cuda:0')}
INFO:root:VALID measures microavg - precision 0.9999 - recall 0.9999 - f1 0.9999 
INFO:root:VALID measures for class 0 - precision 0.9999 - recall 1.0000 - f1 1.0000 
INFO:root:VALID measures for class 1 - precision 0.0000 - recall 0.0000 - f1 0.0000 
INFO:root:VALID measures@10 microavg - precision 1.0000 - recall 0.0000 - f1 0.0000 
INFO:root:VALID measures@10 for class 0 - precision 1.0000 - recall 0.0000 - f1 0.0000 
INFO:root:VALID measures@10 for class 1 - precision 0.0000 - recall 0.0000 - f1 0.0000 
INFO:root:VALID measures@100 microavg - precision 1.0000 - recall 0.0000 - f1 0.0001 
INFO:root:VALID measures@100 for class 0 - precision 1.0000 - recall 0.0000 - f1 0.0001 
INFO:root:VALID measures@100 for class 1 - precision 0.0000 - recall 0.0000 - f1 0.0000 
INFO:root:VALID measures@1000 microavg - precision 0.9997 - recall 0.0003 - f1 0.0006 
INFO:root:VALID measures@1000 for class 0 - precision 0.9997 - recall 0.0003 - f1 0.0006 
INFO:root:VALID measures@1000 for class 1 - precision 0.0000 - recall 0.0000 - f1 0.0000 
INFO:root:VALID Total epoch time: 7.074728723993758
INFO:root:################ TEST epoch 10 ###################
INFO:root:TEST batch 1 / 6 - partial error 0.0001 - partial loss 0.0109 - partial MRR  0.0251 - partial MAP 0.0044
INFO:root:TEST batch 1 / 6 -  partial tp {0: tensor(3605889, device='cuda:0'), 1: tensor(0, device='cuda:0')},fn {0: tensor(0, device='cuda:0'), 1: tensor(312, device='cuda:0')},fp {0: tensor(312, device='cuda:0'), 1: tensor(0, device='cuda:0')}
INFO:root:TEST batch 1 / 6 - measures partial microavg - precision 0.9999 - recall 0.9999 - f1 0.9999 
INFO:root:TEST batch 1 / 6 - measures partial for class 0 - precision 0.9999 - recall 1.0000 - f1 1.0000 
INFO:root:TEST batch 1 / 6 - measures partial for class 1 - precision 0.0000 - recall 0.0000 - f1 0.0000 
INFO:root:TEST batch 1 / 6 - Batch time 2 
INFO:root:TEST batch 2 / 6 - partial error 0.0001 - partial loss 0.0108 - partial MRR  0.0266 - partial MAP 0.0039
INFO:root:TEST batch 2 / 6 -  partial tp {0: tensor(3605917, device='cuda:0'), 1: tensor(0, device='cuda:0')},fn {0: tensor(0, device='cuda:0'), 1: tensor(284, device='cuda:0')},fp {0: tensor(284, device='cuda:0'), 1: tensor(0, device='cuda:0')}
INFO:root:TEST batch 2 / 6 - measures partial microavg - precision 0.9999 - recall 0.9999 - f1 0.9999 
INFO:root:TEST batch 2 / 6 - measures partial for class 0 - precision 0.9999 - recall 1.0000 - f1 1.0000 
INFO:root:TEST batch 2 / 6 - measures partial for class 1 - precision 0.0000 - recall 0.0000 - f1 0.0000 
INFO:root:TEST batch 2 / 6 - Batch time 2 
INFO:root:TEST batch 3 / 6 - partial error 0.0001 - partial loss 0.0107 - partial MRR  0.0234 - partial MAP 0.0036
INFO:root:TEST batch 3 / 6 -  partial tp {0: tensor(3605979, device='cuda:0'), 1: tensor(0, device='cuda:0')},fn {0: tensor(0, device='cuda:0'), 1: tensor(222, device='cuda:0')},fp {0: tensor(222, device='cuda:0'), 1: tensor(0, device='cuda:0')}
INFO:root:TEST batch 3 / 6 - measures partial microavg - precision 0.9999 - recall 0.9999 - f1 0.9999 
INFO:root:TEST batch 3 / 6 - measures partial for class 0 - precision 0.9999 - recall 1.0000 - f1 1.0000 
INFO:root:TEST batch 3 / 6 - measures partial for class 1 - precision 0.0000 - recall 0.0000 - f1 0.0000 
INFO:root:TEST batch 3 / 6 - Batch time 2 
INFO:root:TEST batch 4 / 6 - partial error 0.0001 - partial loss 0.0105 - partial MRR  0.0241 - partial MAP 0.0030
INFO:root:TEST batch 4 / 6 -  partial tp {0: tensor(3606035, device='cuda:0'), 1: tensor(0, device='cuda:0')},fn {0: tensor(0, device='cuda:0'), 1: tensor(166, device='cuda:0')},fp {0: tensor(166, device='cuda:0'), 1: tensor(0, device='cuda:0')}
INFO:root:TEST batch 4 / 6 - measures partial microavg - precision 1.0000 - recall 1.0000 - f1 1.0000 
INFO:root:TEST batch 4 / 6 - measures partial for class 0 - precision 1.0000 - recall 1.0000 - f1 1.0000 
INFO:root:TEST batch 4 / 6 - measures partial for class 1 - precision 0.0000 - recall 0.0000 - f1 0.0000 
INFO:root:TEST batch 4 / 6 - Batch time 2 
INFO:root:TEST batch 5 / 6 - partial error 0.0001 - partial loss 0.0104 - partial MRR  0.0238 - partial MAP 0.0028
INFO:root:TEST batch 5 / 6 -  partial tp {0: tensor(3605985, device='cuda:0'), 1: tensor(0, device='cuda:0')},fn {0: tensor(0, device='cuda:0'), 1: tensor(216, device='cuda:0')},fp {0: tensor(216, device='cuda:0'), 1: tensor(0, device='cuda:0')}
INFO:root:TEST batch 5 / 6 - measures partial microavg - precision 0.9999 - recall 0.9999 - f1 0.9999 
INFO:root:TEST batch 5 / 6 - measures partial for class 0 - precision 0.9999 - recall 1.0000 - f1 1.0000 
INFO:root:TEST batch 5 / 6 - measures partial for class 1 - precision 0.0000 - recall 0.0000 - f1 0.0000 
INFO:root:TEST batch 5 / 6 - Batch time 2 
INFO:root:TEST batch 6 / 6 - partial error 0.0001 - partial loss 0.0104 - partial MRR  0.0294 - partial MAP 0.0030
INFO:root:TEST batch 6 / 6 -  partial tp {0: tensor(3606029, device='cuda:0'), 1: tensor(0, device='cuda:0')},fn {0: tensor(0, device='cuda:0'), 1: tensor(172, device='cuda:0')},fp {0: tensor(172, device='cuda:0'), 1: tensor(0, device='cuda:0')}
INFO:root:TEST batch 6 / 6 - measures partial microavg - precision 1.0000 - recall 1.0000 - f1 1.0000 
INFO:root:TEST batch 6 / 6 - measures partial for class 0 - precision 1.0000 - recall 1.0000 - f1 1.0000 
INFO:root:TEST batch 6 / 6 - measures partial for class 1 - precision 0.0000 - recall 0.0000 - f1 0.0000 
INFO:root:TEST batch 6 / 6 - Batch time 2 
INFO:root:TEST mean losses tensor(0.0104, device='cuda:0')
INFO:root:TEST mean errors 6.340930121950805e-05
INFO:root:TEST mean MRR 0.029434597119688988 - mean MAP 0.003012380562722683
INFO:root:TEST tp {0: tensor(21635834, device='cuda:0'), 1: tensor(0, device='cuda:0')},fn {0: tensor(0, device='cuda:0'), 1: tensor(1372, device='cuda:0')},fp {0: tensor(1372, device='cuda:0'), 1: tensor(0, device='cuda:0')}
INFO:root:TEST measures microavg - precision 0.9999 - recall 0.9999 - f1 0.9999 
INFO:root:TEST measures for class 0 - precision 0.9999 - recall 1.0000 - f1 1.0000 
INFO:root:TEST measures for class 1 - precision 0.0000 - recall 0.0000 - f1 0.0000 
INFO:root:TEST measures@10 microavg - precision 1.0000 - recall 0.0000 - f1 0.0000 
INFO:root:TEST measures@10 for class 0 - precision 1.0000 - recall 0.0000 - f1 0.0000 
INFO:root:TEST measures@10 for class 1 - precision 0.0000 - recall 0.0000 - f1 0.0000 
INFO:root:TEST measures@100 microavg - precision 0.9983 - recall 0.0000 - f1 0.0001 
INFO:root:TEST measures@100 for class 0 - precision 0.9983 - recall 0.0000 - f1 0.0001 
INFO:root:TEST measures@100 for class 1 - precision 0.0000 - recall 0.0000 - f1 0.0000 
INFO:root:TEST measures@1000 microavg - precision 0.9993 - recall 0.0003 - f1 0.0006 
INFO:root:TEST measures@1000 for class 0 - precision 0.9993 - recall 0.0003 - f1 0.0006 
INFO:root:TEST measures@1000 for class 1 - precision 0.0000 - recall 0.0000 - f1 0.0000 
INFO:root:TEST Total epoch time: 14.045258004000061
INFO:root:################ TRAIN epoch 11 ###################
INFO:root:TRAIN mean losses tensor(0.0444, device='cuda:0')
INFO:root:TRAIN mean errors 0.019672060385346413
INFO:root:TRAIN mean MRR 0.0 - mean MAP 0.05747280642390251
INFO:root:TRAIN tp {0: tensor(228980, device='cuda:0'), 1: tensor(5, device='cuda:0')},fn {0: tensor(20, device='cuda:0'), 1: tensor(4575, device='cuda:0')},fp {0: tensor(4575, device='cuda:0'), 1: tensor(20, device='cuda:0')}
INFO:root:TRAIN measures microavg - precision 0.9803 - recall 0.9803 - f1 0.9803 
INFO:root:TRAIN measures for class 0 - precision 0.9804 - recall 0.9999 - f1 0.9901 
INFO:root:TRAIN measures for class 1 - precision 0.2000 - recall 0.0011 - f1 0.0022 
INFO:root:TRAIN measures@10 microavg - precision 0.8785 - recall 0.0004 - f1 0.0008 
INFO:root:TRAIN measures@10 for class 0 - precision 1.0000 - recall 0.0004 - f1 0.0008 
INFO:root:TRAIN measures@10 for class 1 - precision 0.2353 - recall 0.0009 - f1 0.0017 
INFO:root:TRAIN measures@100 microavg - precision 0.9730 - recall 0.0039 - f1 0.0077 
INFO:root:TRAIN measures@100 for class 0 - precision 0.9944 - recall 0.0039 - f1 0.0078 
INFO:root:TRAIN measures@100 for class 1 - precision 0.2000 - recall 0.0011 - f1 0.0022 
INFO:root:TRAIN measures@1000 microavg - precision 0.9902 - recall 0.0383 - f1 0.0737 
INFO:root:TRAIN measures@1000 for class 0 - precision 0.9924 - recall 0.0390 - f1 0.0751 
INFO:root:TRAIN measures@1000 for class 1 - precision 0.2000 - recall 0.0011 - f1 0.0022 
INFO:root:TRAIN Total epoch time: 1.6879836469888687
INFO:root:=> saved epoch checkpoint 'saved_models/EvolveGCN/uc_irv_mess-20250515_035255/epoch_12.pkl'
INFO:root:################ VALID epoch 11 ###################
INFO:root:VALID mean losses tensor(0.0111, device='cuda:0')
INFO:root:VALID mean errors 9.853397932602093e-05
INFO:root:VALID mean MRR 0.02565881237387657 - mean MAP 0.004925765562802553
INFO:root:VALID tp {0: tensor(10817537, device='cuda:0'), 1: tensor(0, device='cuda:0')},fn {0: tensor(2, device='cuda:0'), 1: tensor(1064, device='cuda:0')},fp {0: tensor(1064, device='cuda:0'), 1: tensor(2, device='cuda:0')}
INFO:root:VALID measures microavg - precision 0.9999 - recall 0.9999 - f1 0.9999 
INFO:root:VALID measures for class 0 - precision 0.9999 - recall 1.0000 - f1 1.0000 
INFO:root:VALID measures for class 1 - precision 0.0000 - recall 0.0000 - f1 0.0000 
INFO:root:VALID measures@10 microavg - precision 0.9375 - recall 0.0000 - f1 0.0000 
INFO:root:VALID measures@10 for class 0 - precision 1.0000 - recall 0.0000 - f1 0.0000 
INFO:root:VALID measures@10 for class 1 - precision 0.0000 - recall 0.0000 - f1 0.0000 
INFO:root:VALID measures@100 microavg - precision 0.9934 - recall 0.0000 - f1 0.0001 
INFO:root:VALID measures@100 for class 0 - precision 1.0000 - recall 0.0000 - f1 0.0001 
INFO:root:VALID measures@100 for class 1 - precision 0.0000 - recall 0.0000 - f1 0.0000 
INFO:root:VALID measures@1000 microavg - precision 0.9990 - recall 0.0003 - f1 0.0006 
INFO:root:VALID measures@1000 for class 0 - precision 0.9997 - recall 0.0003 - f1 0.0006 
INFO:root:VALID measures@1000 for class 1 - precision 0.0000 - recall 0.0000 - f1 0.0000 
INFO:root:VALID Total epoch time: 7.029432377996272
INFO:root:################ TEST epoch 11 ###################
INFO:root:TEST batch 1 / 6 - partial error 0.0001 - partial loss 0.0111 - partial MRR  0.0257 - partial MAP 0.0048
INFO:root:TEST batch 1 / 6 -  partial tp {0: tensor(3605889, device='cuda:0'), 1: tensor(0, device='cuda:0')},fn {0: tensor(0, device='cuda:0'), 1: tensor(312, device='cuda:0')},fp {0: tensor(312, device='cuda:0'), 1: tensor(0, device='cuda:0')}
INFO:root:TEST batch 1 / 6 - measures partial microavg - precision 0.9999 - recall 0.9999 - f1 0.9999 
INFO:root:TEST batch 1 / 6 - measures partial for class 0 - precision 0.9999 - recall 1.0000 - f1 1.0000 
INFO:root:TEST batch 1 / 6 - measures partial for class 1 - precision 0.0000 - recall 0.0000 - f1 0.0000 
INFO:root:TEST batch 1 / 6 - Batch time 2 
INFO:root:TEST batch 2 / 6 - partial error 0.0001 - partial loss 0.0110 - partial MRR  0.0279 - partial MAP 0.0042
INFO:root:TEST batch 2 / 6 -  partial tp {0: tensor(3605917, device='cuda:0'), 1: tensor(0, device='cuda:0')},fn {0: tensor(0, device='cuda:0'), 1: tensor(284, device='cuda:0')},fp {0: tensor(284, device='cuda:0'), 1: tensor(0, device='cuda:0')}
INFO:root:TEST batch 2 / 6 - measures partial microavg - precision 0.9999 - recall 0.9999 - f1 0.9999 
INFO:root:TEST batch 2 / 6 - measures partial for class 0 - precision 0.9999 - recall 1.0000 - f1 1.0000 
INFO:root:TEST batch 2 / 6 - measures partial for class 1 - precision 0.0000 - recall 0.0000 - f1 0.0000 
INFO:root:TEST batch 2 / 6 - Batch time 2 
INFO:root:TEST batch 3 / 6 - partial error 0.0001 - partial loss 0.0108 - partial MRR  0.0256 - partial MAP 0.0039
INFO:root:TEST batch 3 / 6 -  partial tp {0: tensor(3605979, device='cuda:0'), 1: tensor(0, device='cuda:0')},fn {0: tensor(0, device='cuda:0'), 1: tensor(222, device='cuda:0')},fp {0: tensor(222, device='cuda:0'), 1: tensor(0, device='cuda:0')}
INFO:root:TEST batch 3 / 6 - measures partial microavg - precision 0.9999 - recall 0.9999 - f1 0.9999 
INFO:root:TEST batch 3 / 6 - measures partial for class 0 - precision 0.9999 - recall 1.0000 - f1 1.0000 
INFO:root:TEST batch 3 / 6 - measures partial for class 1 - precision 0.0000 - recall 0.0000 - f1 0.0000 
INFO:root:TEST batch 3 / 6 - Batch time 2 
INFO:root:TEST batch 4 / 6 - partial error 0.0001 - partial loss 0.0107 - partial MRR  0.0252 - partial MAP 0.0032
INFO:root:TEST batch 4 / 6 -  partial tp {0: tensor(3606035, device='cuda:0'), 1: tensor(0, device='cuda:0')},fn {0: tensor(0, device='cuda:0'), 1: tensor(166, device='cuda:0')},fp {0: tensor(166, device='cuda:0'), 1: tensor(0, device='cuda:0')}
INFO:root:TEST batch 4 / 6 - measures partial microavg - precision 1.0000 - recall 1.0000 - f1 1.0000 
INFO:root:TEST batch 4 / 6 - measures partial for class 0 - precision 1.0000 - recall 1.0000 - f1 1.0000 
INFO:root:TEST batch 4 / 6 - measures partial for class 1 - precision 0.0000 - recall 0.0000 - f1 0.0000 
INFO:root:TEST batch 4 / 6 - Batch time 2 
INFO:root:TEST batch 5 / 6 - partial error 0.0001 - partial loss 0.0106 - partial MRR  0.0291 - partial MAP 0.0030
INFO:root:TEST batch 5 / 6 -  partial tp {0: tensor(3605985, device='cuda:0'), 1: tensor(0, device='cuda:0')},fn {0: tensor(0, device='cuda:0'), 1: tensor(216, device='cuda:0')},fp {0: tensor(216, device='cuda:0'), 1: tensor(0, device='cuda:0')}
INFO:root:TEST batch 5 / 6 - measures partial microavg - precision 0.9999 - recall 0.9999 - f1 0.9999 
INFO:root:TEST batch 5 / 6 - measures partial for class 0 - precision 0.9999 - recall 1.0000 - f1 1.0000 
INFO:root:TEST batch 5 / 6 - measures partial for class 1 - precision 0.0000 - recall 0.0000 - f1 0.0000 
INFO:root:TEST batch 5 / 6 - Batch time 2 
INFO:root:TEST batch 6 / 6 - partial error 0.0001 - partial loss 0.0106 - partial MRR  0.0339 - partial MAP 0.0032
INFO:root:TEST batch 6 / 6 -  partial tp {0: tensor(3606029, device='cuda:0'), 1: tensor(0, device='cuda:0')},fn {0: tensor(0, device='cuda:0'), 1: tensor(172, device='cuda:0')},fp {0: tensor(172, device='cuda:0'), 1: tensor(0, device='cuda:0')}
INFO:root:TEST batch 6 / 6 - measures partial microavg - precision 1.0000 - recall 1.0000 - f1 1.0000 
INFO:root:TEST batch 6 / 6 - measures partial for class 0 - precision 1.0000 - recall 1.0000 - f1 1.0000 
INFO:root:TEST batch 6 / 6 - measures partial for class 1 - precision 0.0000 - recall 0.0000 - f1 0.0000 
INFO:root:TEST batch 6 / 6 - Batch time 2 
INFO:root:TEST mean losses tensor(0.0106, device='cuda:0')
INFO:root:TEST mean errors 6.340930121950805e-05
INFO:root:TEST mean MRR 0.033899255096912384 - mean MAP 0.003181673353537917
INFO:root:TEST tp {0: tensor(21635834, device='cuda:0'), 1: tensor(0, device='cuda:0')},fn {0: tensor(0, device='cuda:0'), 1: tensor(1372, device='cuda:0')},fp {0: tensor(1372, device='cuda:0'), 1: tensor(0, device='cuda:0')}
INFO:root:TEST measures microavg - precision 0.9999 - recall 0.9999 - f1 0.9999 
INFO:root:TEST measures for class 0 - precision 0.9999 - recall 1.0000 - f1 1.0000 
INFO:root:TEST measures for class 1 - precision 0.0000 - recall 0.0000 - f1 0.0000 
INFO:root:TEST measures@10 microavg - precision 1.0000 - recall 0.0000 - f1 0.0000 
INFO:root:TEST measures@10 for class 0 - precision 1.0000 - recall 0.0000 - f1 0.0000 
INFO:root:TEST measures@10 for class 1 - precision 0.0000 - recall 0.0000 - f1 0.0000 
INFO:root:TEST measures@100 microavg - precision 1.0000 - recall 0.0000 - f1 0.0001 
INFO:root:TEST measures@100 for class 0 - precision 1.0000 - recall 0.0000 - f1 0.0001 
INFO:root:TEST measures@100 for class 1 - precision 0.0000 - recall 0.0000 - f1 0.0000 
INFO:root:TEST measures@1000 microavg - precision 0.9998 - recall 0.0003 - f1 0.0006 
INFO:root:TEST measures@1000 for class 0 - precision 0.9998 - recall 0.0003 - f1 0.0006 
INFO:root:TEST measures@1000 for class 1 - precision 0.0000 - recall 0.0000 - f1 0.0000 
INFO:root:TEST Total epoch time: 13.985528683988377
INFO:root:################ TRAIN epoch 12 ###################
INFO:root:TRAIN mean losses tensor(0.0442, device='cuda:0')
INFO:root:TRAIN mean errors 0.019963182508945465
INFO:root:TRAIN mean MRR 0.0 - mean MAP 0.061262212693691254
INFO:root:TRAIN tp {0: tensor(228888, device='cuda:0'), 1: tensor(29, device='cuda:0')},fn {0: tensor(112, device='cuda:0'), 1: tensor(4551, device='cuda:0')},fp {0: tensor(4551, device='cuda:0'), 1: tensor(112, device='cuda:0')}
INFO:root:TRAIN measures microavg - precision 0.9800 - recall 0.9800 - f1 0.9800 
INFO:root:TRAIN measures for class 0 - precision 0.9805 - recall 0.9995 - f1 0.9899 
INFO:root:TRAIN measures for class 1 - precision 0.2057 - recall 0.0063 - f1 0.0123 
INFO:root:TRAIN measures@10 microavg - precision 0.7481 - recall 0.0004 - f1 0.0008 
INFO:root:TRAIN measures@10 for class 0 - precision 0.9889 - recall 0.0004 - f1 0.0008 
INFO:root:TRAIN measures@10 for class 1 - precision 0.2195 - recall 0.0020 - f1 0.0039 
INFO:root:TRAIN measures@100 microavg - precision 0.8838 - recall 0.0039 - f1 0.0078 
INFO:root:TRAIN measures@100 for class 0 - precision 0.9900 - recall 0.0039 - f1 0.0078 
INFO:root:TRAIN measures@100 for class 1 - precision 0.2057 - recall 0.0063 - f1 0.0123 
INFO:root:TRAIN measures@1000 microavg - precision 0.9788 - recall 0.0383 - f1 0.0737 
INFO:root:TRAIN measures@1000 for class 0 - precision 0.9909 - recall 0.0389 - f1 0.0749 
INFO:root:TRAIN measures@1000 for class 1 - precision 0.2057 - recall 0.0063 - f1 0.0123 
INFO:root:TRAIN Total epoch time: 1.6927971160039306
INFO:root:=> saved epoch checkpoint 'saved_models/EvolveGCN/uc_irv_mess-20250515_035255/epoch_13.pkl'
INFO:root:################ VALID epoch 12 ###################
INFO:root:VALID mean losses tensor(0.0112, device='cuda:0')
INFO:root:VALID mean errors 0.00010361781460233033
INFO:root:VALID mean MRR 0.029189568012952805 - mean MAP 0.005570364184677601
INFO:root:VALID tp {0: tensor(10817480, device='cuda:0'), 1: tensor(2, device='cuda:0')},fn {0: tensor(59, device='cuda:0'), 1: tensor(1062, device='cuda:0')},fp {0: tensor(1062, device='cuda:0'), 1: tensor(59, device='cuda:0')}
INFO:root:VALID measures microavg - precision 0.9999 - recall 0.9999 - f1 0.9999 
INFO:root:VALID measures for class 0 - precision 0.9999 - recall 1.0000 - f1 0.9999 
INFO:root:VALID measures for class 1 - precision 0.0328 - recall 0.0019 - f1 0.0036 
INFO:root:VALID measures@10 microavg - precision 0.6522 - recall 0.0000 - f1 0.0000 
INFO:root:VALID measures@10 for class 0 - precision 1.0000 - recall 0.0000 - f1 0.0000 
INFO:root:VALID measures@10 for class 1 - precision 0.0000 - recall 0.0000 - f1 0.0000 
INFO:root:VALID measures@100 microavg - precision 0.8366 - recall 0.0000 - f1 0.0001 
INFO:root:VALID measures@100 for class 0 - precision 1.0000 - recall 0.0000 - f1 0.0001 
INFO:root:VALID measures@100 for class 1 - precision 0.0328 - recall 0.0019 - f1 0.0036 
INFO:root:VALID measures@1000 microavg - precision 0.9807 - recall 0.0003 - f1 0.0006 
INFO:root:VALID measures@1000 for class 0 - precision 1.0000 - recall 0.0003 - f1 0.0006 
INFO:root:VALID measures@1000 for class 1 - precision 0.0328 - recall 0.0019 - f1 0.0036 
INFO:root:VALID Total epoch time: 7.094714821010712
INFO:root:################ TEST epoch 12 ###################
INFO:root:TEST batch 1 / 6 - partial error 0.0001 - partial loss 0.0112 - partial MRR  0.0329 - partial MAP 0.0053
INFO:root:TEST batch 1 / 6 -  partial tp {0: tensor(3605886, device='cuda:0'), 1: tensor(0, device='cuda:0')},fn {0: tensor(3, device='cuda:0'), 1: tensor(312, device='cuda:0')},fp {0: tensor(312, device='cuda:0'), 1: tensor(3, device='cuda:0')}
INFO:root:TEST batch 1 / 6 - measures partial microavg - precision 0.9999 - recall 0.9999 - f1 0.9999 
INFO:root:TEST batch 1 / 6 - measures partial for class 0 - precision 0.9999 - recall 1.0000 - f1 1.0000 
INFO:root:TEST batch 1 / 6 - measures partial for class 1 - precision 0.0000 - recall 0.0000 - f1 0.0000 
INFO:root:TEST batch 1 / 6 - Batch time 2 
INFO:root:TEST batch 2 / 6 - partial error 0.0001 - partial loss 0.0110 - partial MRR  0.0328 - partial MAP 0.0045
INFO:root:TEST batch 2 / 6 -  partial tp {0: tensor(3605917, device='cuda:0'), 1: tensor(0, device='cuda:0')},fn {0: tensor(0, device='cuda:0'), 1: tensor(284, device='cuda:0')},fp {0: tensor(284, device='cuda:0'), 1: tensor(0, device='cuda:0')}
INFO:root:TEST batch 2 / 6 - measures partial microavg - precision 0.9999 - recall 0.9999 - f1 0.9999 
INFO:root:TEST batch 2 / 6 - measures partial for class 0 - precision 0.9999 - recall 1.0000 - f1 1.0000 
INFO:root:TEST batch 2 / 6 - measures partial for class 1 - precision 0.0000 - recall 0.0000 - f1 0.0000 
INFO:root:TEST batch 2 / 6 - Batch time 2 
INFO:root:TEST batch 3 / 6 - partial error 0.0001 - partial loss 0.0109 - partial MRR  0.0315 - partial MAP 0.0042
INFO:root:TEST batch 3 / 6 -  partial tp {0: tensor(3605979, device='cuda:0'), 1: tensor(0, device='cuda:0')},fn {0: tensor(0, device='cuda:0'), 1: tensor(222, device='cuda:0')},fp {0: tensor(222, device='cuda:0'), 1: tensor(0, device='cuda:0')}
INFO:root:TEST batch 3 / 6 - measures partial microavg - precision 0.9999 - recall 0.9999 - f1 0.9999 
INFO:root:TEST batch 3 / 6 - measures partial for class 0 - precision 0.9999 - recall 1.0000 - f1 1.0000 
INFO:root:TEST batch 3 / 6 - measures partial for class 1 - precision 0.0000 - recall 0.0000 - f1 0.0000 
INFO:root:TEST batch 3 / 6 - Batch time 2 
INFO:root:TEST batch 4 / 6 - partial error 0.0001 - partial loss 0.0108 - partial MRR  0.0312 - partial MAP 0.0036
INFO:root:TEST batch 4 / 6 -  partial tp {0: tensor(3606035, device='cuda:0'), 1: tensor(0, device='cuda:0')},fn {0: tensor(0, device='cuda:0'), 1: tensor(166, device='cuda:0')},fp {0: tensor(166, device='cuda:0'), 1: tensor(0, device='cuda:0')}
INFO:root:TEST batch 4 / 6 - measures partial microavg - precision 1.0000 - recall 1.0000 - f1 1.0000 
INFO:root:TEST batch 4 / 6 - measures partial for class 0 - precision 1.0000 - recall 1.0000 - f1 1.0000 
INFO:root:TEST batch 4 / 6 - measures partial for class 1 - precision 0.0000 - recall 0.0000 - f1 0.0000 
INFO:root:TEST batch 4 / 6 - Batch time 2 
INFO:root:TEST batch 5 / 6 - partial error 0.0001 - partial loss 0.0107 - partial MRR  0.0346 - partial MAP 0.0033
INFO:root:TEST batch 5 / 6 -  partial tp {0: tensor(3605985, device='cuda:0'), 1: tensor(0, device='cuda:0')},fn {0: tensor(0, device='cuda:0'), 1: tensor(216, device='cuda:0')},fp {0: tensor(216, device='cuda:0'), 1: tensor(0, device='cuda:0')}
INFO:root:TEST batch 5 / 6 - measures partial microavg - precision 0.9999 - recall 0.9999 - f1 0.9999 
INFO:root:TEST batch 5 / 6 - measures partial for class 0 - precision 0.9999 - recall 1.0000 - f1 1.0000 
INFO:root:TEST batch 5 / 6 - measures partial for class 1 - precision 0.0000 - recall 0.0000 - f1 0.0000 
INFO:root:TEST batch 5 / 6 - Batch time 2 
INFO:root:TEST batch 6 / 6 - partial error 0.0001 - partial loss 0.0107 - partial MRR  0.0385 - partial MAP 0.0034
INFO:root:TEST batch 6 / 6 -  partial tp {0: tensor(3606029, device='cuda:0'), 1: tensor(0, device='cuda:0')},fn {0: tensor(0, device='cuda:0'), 1: tensor(172, device='cuda:0')},fp {0: tensor(172, device='cuda:0'), 1: tensor(0, device='cuda:0')}
INFO:root:TEST batch 6 / 6 - measures partial microavg - precision 1.0000 - recall 1.0000 - f1 1.0000 
INFO:root:TEST batch 6 / 6 - measures partial for class 0 - precision 1.0000 - recall 1.0000 - f1 1.0000 
INFO:root:TEST batch 6 / 6 - measures partial for class 1 - precision 0.0000 - recall 0.0000 - f1 0.0000 
INFO:root:TEST batch 6 / 6 - Batch time 2 
INFO:root:TEST mean losses tensor(0.0107, device='cuda:0')
INFO:root:TEST mean errors 6.354795186780393e-05
INFO:root:TEST mean MRR 0.03847122937440872 - mean MAP 0.0034416657872498035
INFO:root:TEST tp {0: tensor(21635831, device='cuda:0'), 1: tensor(0, device='cuda:0')},fn {0: tensor(3, device='cuda:0'), 1: tensor(1372, device='cuda:0')},fp {0: tensor(1372, device='cuda:0'), 1: tensor(3, device='cuda:0')}
INFO:root:TEST measures microavg - precision 0.9999 - recall 0.9999 - f1 0.9999 
INFO:root:TEST measures for class 0 - precision 0.9999 - recall 1.0000 - f1 1.0000 
INFO:root:TEST measures for class 1 - precision 0.0000 - recall 0.0000 - f1 0.0000 
INFO:root:TEST measures@10 microavg - precision 0.9524 - recall 0.0000 - f1 0.0000 
INFO:root:TEST measures@10 for class 0 - precision 1.0000 - recall 0.0000 - f1 0.0000 
INFO:root:TEST measures@10 for class 1 - precision 0.0000 - recall 0.0000 - f1 0.0000 
INFO:root:TEST measures@100 microavg - precision 0.9950 - recall 0.0000 - f1 0.0001 
INFO:root:TEST measures@100 for class 0 - precision 1.0000 - recall 0.0000 - f1 0.0001 
INFO:root:TEST measures@100 for class 1 - precision 0.0000 - recall 0.0000 - f1 0.0000 
INFO:root:TEST measures@1000 microavg - precision 0.9993 - recall 0.0003 - f1 0.0006 
INFO:root:TEST measures@1000 for class 0 - precision 0.9998 - recall 0.0003 - f1 0.0006 
INFO:root:TEST measures@1000 for class 1 - precision 0.0000 - recall 0.0000 - f1 0.0000 
INFO:root:TEST Total epoch time: 13.966781128008734
INFO:root:################ TRAIN epoch 13 ###################
INFO:root:TRAIN mean losses tensor(0.0442, device='cuda:0')
INFO:root:TRAIN mean errors 0.02143591083586216
INFO:root:TRAIN mean MRR 0.0 - mean MAP 0.06231401860713959
INFO:root:TRAIN tp {0: tensor(228476, device='cuda:0'), 1: tensor(97, device='cuda:0')},fn {0: tensor(524, device='cuda:0'), 1: tensor(4483, device='cuda:0')},fp {0: tensor(4483, device='cuda:0'), 1: tensor(524, device='cuda:0')}
INFO:root:TRAIN measures microavg - precision 0.9786 - recall 0.9786 - f1 0.9786 
INFO:root:TRAIN measures for class 0 - precision 0.9808 - recall 0.9977 - f1 0.9892 
INFO:root:TRAIN measures for class 1 - precision 0.1562 - recall 0.0212 - f1 0.0373 
INFO:root:TRAIN measures@10 microavg - precision 0.6250 - recall 0.0004 - f1 0.0009 
INFO:root:TRAIN measures@10 for class 0 - precision 0.9889 - recall 0.0004 - f1 0.0008 
INFO:root:TRAIN measures@10 for class 1 - precision 0.2051 - recall 0.0035 - f1 0.0069 
INFO:root:TRAIN measures@100 microavg - precision 0.7256 - recall 0.0041 - f1 0.0082 
INFO:root:TRAIN measures@100 for class 0 - precision 0.9878 - recall 0.0039 - f1 0.0077 
INFO:root:TRAIN measures@100 for class 1 - precision 0.1767 - recall 0.0166 - f1 0.0303 
INFO:root:TRAIN measures@1000 microavg - precision 0.9364 - recall 0.0386 - f1 0.0741 
INFO:root:TRAIN measures@1000 for class 0 - precision 0.9902 - recall 0.0389 - f1 0.0749 
INFO:root:TRAIN measures@1000 for class 1 - precision 0.1562 - recall 0.0212 - f1 0.0373 
INFO:root:TRAIN Total epoch time: 1.7719628869963344
INFO:root:=> saved epoch checkpoint 'saved_models/EvolveGCN/uc_irv_mess-20250515_035255/epoch_14.pkl'
INFO:root:################ VALID epoch 13 ###################
INFO:root:VALID mean losses tensor(0.0113, device='cuda:0')
INFO:root:VALID mean errors 0.00012561696348711848
INFO:root:VALID mean MRR 0.030677400529384613 - mean MAP 0.006177227012813091
INFO:root:VALID tp {0: tensor(10817240, device='cuda:0'), 1: tensor(4, device='cuda:0')},fn {0: tensor(299, device='cuda:0'), 1: tensor(1060, device='cuda:0')},fp {0: tensor(1060, device='cuda:0'), 1: tensor(299, device='cuda:0')}
INFO:root:VALID measures microavg - precision 0.9999 - recall 0.9999 - f1 0.9999 
INFO:root:VALID measures for class 0 - precision 0.9999 - recall 1.0000 - f1 0.9999 
INFO:root:VALID measures for class 1 - precision 0.0132 - recall 0.0038 - f1 0.0059 
INFO:root:VALID measures@10 microavg - precision 0.6000 - recall 0.0000 - f1 0.0000 
INFO:root:VALID measures@10 for class 0 - precision 1.0000 - recall 0.0000 - f1 0.0000 
INFO:root:VALID measures@10 for class 1 - precision 0.0000 - recall 0.0000 - f1 0.0000 
INFO:root:VALID measures@100 microavg - precision 0.6163 - recall 0.0000 - f1 0.0001 
INFO:root:VALID measures@100 for class 0 - precision 1.0000 - recall 0.0000 - f1 0.0001 
INFO:root:VALID measures@100 for class 1 - precision 0.0105 - recall 0.0019 - f1 0.0032 
INFO:root:VALID measures@1000 microavg - precision 0.9089 - recall 0.0003 - f1 0.0006 
INFO:root:VALID measures@1000 for class 0 - precision 0.9993 - recall 0.0003 - f1 0.0006 
INFO:root:VALID measures@1000 for class 1 - precision 0.0132 - recall 0.0038 - f1 0.0059 
INFO:root:VALID Total epoch time: 7.025318828003947
INFO:root:################ TEST epoch 13 ###################
INFO:root:TEST batch 1 / 6 - partial error 0.0001 - partial loss 0.0113 - partial MRR  0.0341 - partial MAP 0.0058
INFO:root:TEST batch 1 / 6 -  partial tp {0: tensor(3605857, device='cuda:0'), 1: tensor(2, device='cuda:0')},fn {0: tensor(32, device='cuda:0'), 1: tensor(310, device='cuda:0')},fp {0: tensor(310, device='cuda:0'), 1: tensor(32, device='cuda:0')}
INFO:root:TEST batch 1 / 6 - measures partial microavg - precision 0.9999 - recall 0.9999 - f1 0.9999 
INFO:root:TEST batch 1 / 6 - measures partial for class 0 - precision 0.9999 - recall 1.0000 - f1 1.0000 
INFO:root:TEST batch 1 / 6 - measures partial for class 1 - precision 0.0588 - recall 0.0064 - f1 0.0116 
INFO:root:TEST batch 1 / 6 - Batch time 2 
INFO:root:TEST batch 2 / 6 - partial error 0.0001 - partial loss 0.0112 - partial MRR  0.0347 - partial MAP 0.0046
INFO:root:TEST batch 2 / 6 -  partial tp {0: tensor(3605917, device='cuda:0'), 1: tensor(0, device='cuda:0')},fn {0: tensor(0, device='cuda:0'), 1: tensor(284, device='cuda:0')},fp {0: tensor(284, device='cuda:0'), 1: tensor(0, device='cuda:0')}
INFO:root:TEST batch 2 / 6 - measures partial microavg - precision 0.9999 - recall 0.9999 - f1 0.9999 
INFO:root:TEST batch 2 / 6 - measures partial for class 0 - precision 0.9999 - recall 1.0000 - f1 1.0000 
INFO:root:TEST batch 2 / 6 - measures partial for class 1 - precision 0.0000 - recall 0.0000 - f1 0.0000 
INFO:root:TEST batch 2 / 6 - Batch time 2 
INFO:root:TEST batch 3 / 6 - partial error 0.0001 - partial loss 0.0110 - partial MRR  0.0332 - partial MAP 0.0044
INFO:root:TEST batch 3 / 6 -  partial tp {0: tensor(3605978, device='cuda:0'), 1: tensor(0, device='cuda:0')},fn {0: tensor(1, device='cuda:0'), 1: tensor(222, device='cuda:0')},fp {0: tensor(222, device='cuda:0'), 1: tensor(1, device='cuda:0')}
INFO:root:TEST batch 3 / 6 - measures partial microavg - precision 0.9999 - recall 0.9999 - f1 0.9999 
INFO:root:TEST batch 3 / 6 - measures partial for class 0 - precision 0.9999 - recall 1.0000 - f1 1.0000 
INFO:root:TEST batch 3 / 6 - measures partial for class 1 - precision 0.0000 - recall 0.0000 - f1 0.0000 
INFO:root:TEST batch 3 / 6 - Batch time 2 
INFO:root:TEST batch 4 / 6 - partial error 0.0001 - partial loss 0.0109 - partial MRR  0.0329 - partial MAP 0.0038
INFO:root:TEST batch 4 / 6 -  partial tp {0: tensor(3606035, device='cuda:0'), 1: tensor(0, device='cuda:0')},fn {0: tensor(0, device='cuda:0'), 1: tensor(166, device='cuda:0')},fp {0: tensor(166, device='cuda:0'), 1: tensor(0, device='cuda:0')}
INFO:root:TEST batch 4 / 6 - measures partial microavg - precision 1.0000 - recall 1.0000 - f1 1.0000 
INFO:root:TEST batch 4 / 6 - measures partial for class 0 - precision 1.0000 - recall 1.0000 - f1 1.0000 
INFO:root:TEST batch 4 / 6 - measures partial for class 1 - precision 0.0000 - recall 0.0000 - f1 0.0000 
INFO:root:TEST batch 4 / 6 - Batch time 2 
INFO:root:TEST batch 5 / 6 - partial error 0.0001 - partial loss 0.0109 - partial MRR  0.0369 - partial MAP 0.0035
INFO:root:TEST batch 5 / 6 -  partial tp {0: tensor(3605985, device='cuda:0'), 1: tensor(0, device='cuda:0')},fn {0: tensor(0, device='cuda:0'), 1: tensor(216, device='cuda:0')},fp {0: tensor(216, device='cuda:0'), 1: tensor(0, device='cuda:0')}
INFO:root:TEST batch 5 / 6 - measures partial microavg - precision 0.9999 - recall 0.9999 - f1 0.9999 
INFO:root:TEST batch 5 / 6 - measures partial for class 0 - precision 0.9999 - recall 1.0000 - f1 1.0000 
INFO:root:TEST batch 5 / 6 - measures partial for class 1 - precision 0.0000 - recall 0.0000 - f1 0.0000 
INFO:root:TEST batch 5 / 6 - Batch time 2 
INFO:root:TEST batch 6 / 6 - partial error 0.0001 - partial loss 0.0108 - partial MRR  0.0402 - partial MAP 0.0036
INFO:root:TEST batch 6 / 6 -  partial tp {0: tensor(3606029, device='cuda:0'), 1: tensor(0, device='cuda:0')},fn {0: tensor(0, device='cuda:0'), 1: tensor(172, device='cuda:0')},fp {0: tensor(172, device='cuda:0'), 1: tensor(0, device='cuda:0')}
INFO:root:TEST batch 6 / 6 - measures partial microavg - precision 1.0000 - recall 1.0000 - f1 1.0000 
INFO:root:TEST batch 6 / 6 - measures partial for class 0 - precision 1.0000 - recall 1.0000 - f1 1.0000 
INFO:root:TEST batch 6 / 6 - measures partial for class 1 - precision 0.0000 - recall 0.0000 - f1 0.0000 
INFO:root:TEST batch 6 / 6 - Batch time 2 
INFO:root:TEST mean losses tensor(0.0108, device='cuda:0')
INFO:root:TEST mean errors 6.484201730927452e-05
INFO:root:TEST mean MRR 0.04017797112464905 - mean MAP 0.00363525259308517
INFO:root:TEST tp {0: tensor(21635801, device='cuda:0'), 1: tensor(2, device='cuda:0')},fn {0: tensor(33, device='cuda:0'), 1: tensor(1370, device='cuda:0')},fp {0: tensor(1370, device='cuda:0'), 1: tensor(33, device='cuda:0')}
INFO:root:TEST measures microavg - precision 0.9999 - recall 0.9999 - f1 0.9999 
INFO:root:TEST measures for class 0 - precision 0.9999 - recall 1.0000 - f1 1.0000 
INFO:root:TEST measures for class 1 - precision 0.0571 - recall 0.0015 - f1 0.0028 
INFO:root:TEST measures@10 microavg - precision 0.8451 - recall 0.0000 - f1 0.0000 
INFO:root:TEST measures@10 for class 0 - precision 1.0000 - recall 0.0000 - f1 0.0000 
INFO:root:TEST measures@10 for class 1 - precision 0.0000 - recall 0.0000 - f1 0.0000 
INFO:root:TEST measures@100 microavg - precision 0.9465 - recall 0.0000 - f1 0.0001 
INFO:root:TEST measures@100 for class 0 - precision 0.9983 - recall 0.0000 - f1 0.0001 
INFO:root:TEST measures@100 for class 1 - precision 0.0571 - recall 0.0015 - f1 0.0028 
INFO:root:TEST measures@1000 microavg - precision 0.9940 - recall 0.0003 - f1 0.0006 
INFO:root:TEST measures@1000 for class 0 - precision 0.9995 - recall 0.0003 - f1 0.0006 
INFO:root:TEST measures@1000 for class 1 - precision 0.0571 - recall 0.0015 - f1 0.0028 
INFO:root:TEST Total epoch time: 14.059201433992712
INFO:root:################ TRAIN epoch 14 ###################
INFO:root:TRAIN mean losses tensor(0.0441, device='cuda:0')
INFO:root:TRAIN mean errors 0.023576505482196808
INFO:root:TRAIN mean MRR 0.0 - mean MAP 0.06518139690160751
INFO:root:TRAIN tp {0: tensor(227896, device='cuda:0'), 1: tensor(177, device='cuda:0')},fn {0: tensor(1104, device='cuda:0'), 1: tensor(4403, device='cuda:0')},fp {0: tensor(4403, device='cuda:0'), 1: tensor(1104, device='cuda:0')}
INFO:root:TRAIN measures microavg - precision 0.9764 - recall 0.9764 - f1 0.9764 
INFO:root:TRAIN measures for class 0 - precision 0.9810 - recall 0.9952 - f1 0.9881 
INFO:root:TRAIN measures for class 1 - precision 0.1382 - recall 0.0386 - f1 0.0604 
INFO:root:TRAIN measures@10 microavg - precision 0.6353 - recall 0.0005 - f1 0.0009 
INFO:root:TRAIN measures@10 for class 0 - precision 1.0000 - recall 0.0004 - f1 0.0008 
INFO:root:TRAIN measures@10 for class 1 - precision 0.2250 - recall 0.0039 - f1 0.0077 
INFO:root:TRAIN measures@100 microavg - precision 0.6539 - recall 0.0043 - f1 0.0085 
INFO:root:TRAIN measures@100 for class 0 - precision 0.9922 - recall 0.0039 - f1 0.0078 
INFO:root:TRAIN measures@100 for class 1 - precision 0.1629 - recall 0.0221 - f1 0.0388 
INFO:root:TRAIN measures@1000 microavg - precision 0.8858 - recall 0.0390 - f1 0.0747 
INFO:root:TRAIN measures@1000 for class 0 - precision 0.9922 - recall 0.0390 - f1 0.0750 
INFO:root:TRAIN measures@1000 for class 1 - precision 0.1382 - recall 0.0386 - f1 0.0604 
INFO:root:TRAIN Total epoch time: 1.6388716669898713
INFO:root:=> saved epoch checkpoint 'saved_models/EvolveGCN/uc_irv_mess-20250515_035255/epoch_15.pkl'
INFO:root:################ VALID epoch 14 ###################
INFO:root:VALID mean losses tensor(0.0114, device='cuda:0')
INFO:root:VALID mean errors 0.0001661952119320631
INFO:root:VALID mean MRR 0.03511735796928406 - mean MAP 0.006756536662578583
INFO:root:VALID tp {0: tensor(10816788, device='cuda:0'), 1: tensor(17, device='cuda:0')},fn {0: tensor(751, device='cuda:0'), 1: tensor(1047, device='cuda:0')},fp {0: tensor(1047, device='cuda:0'), 1: tensor(751, device='cuda:0')}
INFO:root:VALID measures microavg - precision 0.9998 - recall 0.9998 - f1 0.9998 
INFO:root:VALID measures for class 0 - precision 0.9999 - recall 0.9999 - f1 0.9999 
INFO:root:VALID measures for class 1 - precision 0.0221 - recall 0.0160 - f1 0.0186 
INFO:root:VALID measures@10 microavg - precision 0.5333 - recall 0.0000 - f1 0.0000 
INFO:root:VALID measures@10 for class 0 - precision 1.0000 - recall 0.0000 - f1 0.0000 
INFO:root:VALID measures@10 for class 1 - precision 0.0667 - recall 0.0019 - f1 0.0037 
INFO:root:VALID measures@100 microavg - precision 0.5659 - recall 0.0000 - f1 0.0001 
INFO:root:VALID measures@100 for class 0 - precision 1.0000 - recall 0.0000 - f1 0.0001 
INFO:root:VALID measures@100 for class 1 - precision 0.0209 - recall 0.0047 - f1 0.0077 
INFO:root:VALID measures@1000 microavg - precision 0.8004 - recall 0.0003 - f1 0.0006 
INFO:root:VALID measures@1000 for class 0 - precision 0.9997 - recall 0.0003 - f1 0.0006 
INFO:root:VALID measures@1000 for class 1 - precision 0.0221 - recall 0.0160 - f1 0.0186 
INFO:root:VALID Total epoch time: 7.050609935002285
INFO:root:################ TEST epoch 14 ###################
INFO:root:TEST batch 1 / 6 - partial error 0.0001 - partial loss 0.0114 - partial MRR  0.0343 - partial MAP 0.0060
INFO:root:TEST batch 1 / 6 -  partial tp {0: tensor(3605785, device='cuda:0'), 1: tensor(2, device='cuda:0')},fn {0: tensor(104, device='cuda:0'), 1: tensor(310, device='cuda:0')},fp {0: tensor(310, device='cuda:0'), 1: tensor(104, device='cuda:0')}
INFO:root:TEST batch 1 / 6 - measures partial microavg - precision 0.9999 - recall 0.9999 - f1 0.9999 
INFO:root:TEST batch 1 / 6 - measures partial for class 0 - precision 0.9999 - recall 1.0000 - f1 0.9999 
INFO:root:TEST batch 1 / 6 - measures partial for class 1 - precision 0.0189 - recall 0.0064 - f1 0.0096 
INFO:root:TEST batch 1 / 6 - Batch time 2 
INFO:root:TEST batch 2 / 6 - partial error 0.0001 - partial loss 0.0113 - partial MRR  0.0352 - partial MAP 0.0047
INFO:root:TEST batch 2 / 6 -  partial tp {0: tensor(3605917, device='cuda:0'), 1: tensor(0, device='cuda:0')},fn {0: tensor(0, device='cuda:0'), 1: tensor(284, device='cuda:0')},fp {0: tensor(284, device='cuda:0'), 1: tensor(0, device='cuda:0')}
INFO:root:TEST batch 2 / 6 - measures partial microavg - precision 0.9999 - recall 0.9999 - f1 0.9999 
INFO:root:TEST batch 2 / 6 - measures partial for class 0 - precision 0.9999 - recall 1.0000 - f1 1.0000 
INFO:root:TEST batch 2 / 6 - measures partial for class 1 - precision 0.0000 - recall 0.0000 - f1 0.0000 
INFO:root:TEST batch 2 / 6 - Batch time 2 
INFO:root:TEST batch 3 / 6 - partial error 0.0001 - partial loss 0.0112 - partial MRR  0.0339 - partial MAP 0.0046
INFO:root:TEST batch 3 / 6 -  partial tp {0: tensor(3605967, device='cuda:0'), 1: tensor(0, device='cuda:0')},fn {0: tensor(12, device='cuda:0'), 1: tensor(222, device='cuda:0')},fp {0: tensor(222, device='cuda:0'), 1: tensor(12, device='cuda:0')}
INFO:root:TEST batch 3 / 6 - measures partial microavg - precision 0.9999 - recall 0.9999 - f1 0.9999 
INFO:root:TEST batch 3 / 6 - measures partial for class 0 - precision 0.9999 - recall 1.0000 - f1 1.0000 
INFO:root:TEST batch 3 / 6 - measures partial for class 1 - precision 0.0000 - recall 0.0000 - f1 0.0000 
INFO:root:TEST batch 3 / 6 - Batch time 2 
INFO:root:TEST batch 4 / 6 - partial error 0.0001 - partial loss 0.0111 - partial MRR  0.0334 - partial MAP 0.0041
INFO:root:TEST batch 4 / 6 -  partial tp {0: tensor(3606033, device='cuda:0'), 1: tensor(0, device='cuda:0')},fn {0: tensor(2, device='cuda:0'), 1: tensor(166, device='cuda:0')},fp {0: tensor(166, device='cuda:0'), 1: tensor(2, device='cuda:0')}
INFO:root:TEST batch 4 / 6 - measures partial microavg - precision 1.0000 - recall 1.0000 - f1 1.0000 
INFO:root:TEST batch 4 / 6 - measures partial for class 0 - precision 1.0000 - recall 1.0000 - f1 1.0000 
INFO:root:TEST batch 4 / 6 - measures partial for class 1 - precision 0.0000 - recall 0.0000 - f1 0.0000 
INFO:root:TEST batch 4 / 6 - Batch time 2 
INFO:root:TEST batch 5 / 6 - partial error 0.0001 - partial loss 0.0110 - partial MRR  0.0370 - partial MAP 0.0037
INFO:root:TEST batch 5 / 6 -  partial tp {0: tensor(3605985, device='cuda:0'), 1: tensor(0, device='cuda:0')},fn {0: tensor(0, device='cuda:0'), 1: tensor(216, device='cuda:0')},fp {0: tensor(216, device='cuda:0'), 1: tensor(0, device='cuda:0')}
INFO:root:TEST batch 5 / 6 - measures partial microavg - precision 0.9999 - recall 0.9999 - f1 0.9999 
INFO:root:TEST batch 5 / 6 - measures partial for class 0 - precision 0.9999 - recall 1.0000 - f1 1.0000 
INFO:root:TEST batch 5 / 6 - measures partial for class 1 - precision 0.0000 - recall 0.0000 - f1 0.0000 
INFO:root:TEST batch 5 / 6 - Batch time 2 
INFO:root:TEST batch 6 / 6 - partial error 0.0001 - partial loss 0.0110 - partial MRR  0.0402 - partial MAP 0.0038
INFO:root:TEST batch 6 / 6 -  partial tp {0: tensor(3606029, device='cuda:0'), 1: tensor(0, device='cuda:0')},fn {0: tensor(0, device='cuda:0'), 1: tensor(172, device='cuda:0')},fp {0: tensor(172, device='cuda:0'), 1: tensor(0, device='cuda:0')}
INFO:root:TEST batch 6 / 6 - measures partial microavg - precision 1.0000 - recall 1.0000 - f1 1.0000 
INFO:root:TEST batch 6 / 6 - measures partial for class 0 - precision 1.0000 - recall 1.0000 - f1 1.0000 
INFO:root:TEST batch 6 / 6 - measures partial for class 1 - precision 0.0000 - recall 0.0000 - f1 0.0000 
INFO:root:TEST batch 6 / 6 - Batch time 2 
INFO:root:TEST mean losses tensor(0.0110, device='cuda:0')
INFO:root:TEST mean errors 6.877043779240921e-05
INFO:root:TEST mean MRR 0.040195219218730927 - mean MAP 0.003821928985416889
INFO:root:TEST tp {0: tensor(21635716, device='cuda:0'), 1: tensor(2, device='cuda:0')},fn {0: tensor(118, device='cuda:0'), 1: tensor(1370, device='cuda:0')},fp {0: tensor(1370, device='cuda:0'), 1: tensor(118, device='cuda:0')}
INFO:root:TEST measures microavg - precision 0.9999 - recall 0.9999 - f1 0.9999 
INFO:root:TEST measures for class 0 - precision 0.9999 - recall 1.0000 - f1 1.0000 
INFO:root:TEST measures for class 1 - precision 0.0167 - recall 0.0015 - f1 0.0027 
INFO:root:TEST measures@10 microavg - precision 0.7407 - recall 0.0000 - f1 0.0000 
INFO:root:TEST measures@10 for class 0 - precision 1.0000 - recall 0.0000 - f1 0.0000 
INFO:root:TEST measures@10 for class 1 - precision 0.0000 - recall 0.0000 - f1 0.0000 
INFO:root:TEST measures@100 microavg - precision 0.8586 - recall 0.0000 - f1 0.0001 
INFO:root:TEST measures@100 for class 0 - precision 0.9983 - recall 0.0000 - f1 0.0001 
INFO:root:TEST measures@100 for class 1 - precision 0.0200 - recall 0.0015 - f1 0.0027 
INFO:root:TEST measures@1000 microavg - precision 0.9804 - recall 0.0003 - f1 0.0006 
INFO:root:TEST measures@1000 for class 0 - precision 0.9997 - recall 0.0003 - f1 0.0006 
INFO:root:TEST measures@1000 for class 1 - precision 0.0167 - recall 0.0015 - f1 0.0027 
INFO:root:TEST Total epoch time: 14.03449831099715
INFO:root:################ TRAIN epoch 15 ###################
INFO:root:TRAIN mean losses tensor(0.0440, device='cuda:0')
INFO:root:TRAIN mean errors 0.0271170474588871
INFO:root:TRAIN mean MRR 0.0 - mean MAP 0.06541299819946289
INFO:root:TRAIN tp {0: tensor(226965, device='cuda:0'), 1: tensor(281, device='cuda:0')},fn {0: tensor(2035, device='cuda:0'), 1: tensor(4299, device='cuda:0')},fp {0: tensor(4299, device='cuda:0'), 1: tensor(2035, device='cuda:0')}
INFO:root:TRAIN measures microavg - precision 0.9729 - recall 0.9729 - f1 0.9729 
INFO:root:TRAIN measures for class 0 - precision 0.9814 - recall 0.9911 - f1 0.9862 
INFO:root:TRAIN measures for class 1 - precision 0.1213 - recall 0.0614 - f1 0.0815 
INFO:root:TRAIN measures@10 microavg - precision 0.6235 - recall 0.0005 - f1 0.0009 
INFO:root:TRAIN measures@10 for class 0 - precision 1.0000 - recall 0.0004 - f1 0.0008 
INFO:root:TRAIN measures@10 for class 1 - precision 0.2000 - recall 0.0035 - f1 0.0069 
INFO:root:TRAIN measures@100 microavg - precision 0.6223 - recall 0.0043 - f1 0.0085 
INFO:root:TRAIN measures@100 for class 0 - precision 0.9878 - recall 0.0039 - f1 0.0077 
INFO:root:TRAIN measures@100 for class 1 - precision 0.1570 - recall 0.0242 - f1 0.0420 
INFO:root:TRAIN measures@1000 microavg - precision 0.8152 - recall 0.0394 - f1 0.0751 
INFO:root:TRAIN measures@1000 for class 0 - precision 0.9908 - recall 0.0389 - f1 0.0749 
INFO:root:TRAIN measures@1000 for class 1 - precision 0.1208 - recall 0.0600 - f1 0.0802 
INFO:root:TRAIN Total epoch time: 1.7670142090064473
INFO:root:=> saved epoch checkpoint 'saved_models/EvolveGCN/uc_irv_mess-20250515_035255/epoch_16.pkl'
INFO:root:################ VALID epoch 15 ###################
INFO:root:VALID mean losses tensor(0.0114, device='cuda:0')
INFO:root:VALID mean errors 0.00023866297851782292
INFO:root:VALID mean MRR 0.03834780678153038 - mean MAP 0.007507424335926771
INFO:root:VALID tp {0: tensor(10815979, device='cuda:0'), 1: tensor(42, device='cuda:0')},fn {0: tensor(1560, device='cuda:0'), 1: tensor(1022, device='cuda:0')},fp {0: tensor(1022, device='cuda:0'), 1: tensor(1560, device='cuda:0')}
INFO:root:VALID measures microavg - precision 0.9998 - recall 0.9998 - f1 0.9998 
INFO:root:VALID measures for class 0 - precision 0.9999 - recall 0.9999 - f1 0.9999 
INFO:root:VALID measures for class 1 - precision 0.0262 - recall 0.0395 - f1 0.0315 
INFO:root:VALID measures@10 microavg - precision 0.5167 - recall 0.0000 - f1 0.0000 
INFO:root:VALID measures@10 for class 0 - precision 1.0000 - recall 0.0000 - f1 0.0000 
INFO:root:VALID measures@10 for class 1 - precision 0.0333 - recall 0.0009 - f1 0.0018 
INFO:root:VALID measures@100 microavg - precision 0.5150 - recall 0.0000 - f1 0.0001 
INFO:root:VALID measures@100 for class 0 - precision 1.0000 - recall 0.0000 - f1 0.0001 
INFO:root:VALID measures@100 for class 1 - precision 0.0300 - recall 0.0085 - f1 0.0132 
INFO:root:VALID measures@1000 microavg - precision 0.6622 - recall 0.0003 - f1 0.0006 
INFO:root:VALID measures@1000 for class 0 - precision 0.9997 - recall 0.0003 - f1 0.0006 
INFO:root:VALID measures@1000 for class 1 - precision 0.0264 - recall 0.0395 - f1 0.0316 
INFO:root:VALID Total epoch time: 7.0412697680003475
INFO:root:################ TEST epoch 15 ###################
INFO:root:TEST batch 1 / 6 - partial error 0.0002 - partial loss 0.0114 - partial MRR  0.0354 - partial MAP 0.0063
INFO:root:TEST batch 1 / 6 -  partial tp {0: tensor(3605619, device='cuda:0'), 1: tensor(3, device='cuda:0')},fn {0: tensor(270, device='cuda:0'), 1: tensor(309, device='cuda:0')},fp {0: tensor(309, device='cuda:0'), 1: tensor(270, device='cuda:0')}
INFO:root:TEST batch 1 / 6 - measures partial microavg - precision 0.9998 - recall 0.9998 - f1 0.9998 
INFO:root:TEST batch 1 / 6 - measures partial for class 0 - precision 0.9999 - recall 0.9999 - f1 0.9999 
INFO:root:TEST batch 1 / 6 - measures partial for class 1 - precision 0.0110 - recall 0.0096 - f1 0.0103 
INFO:root:TEST batch 1 / 6 - Batch time 2 
INFO:root:TEST batch 2 / 6 - partial error 0.0001 - partial loss 0.0113 - partial MRR  0.0465 - partial MAP 0.0049
INFO:root:TEST batch 2 / 6 -  partial tp {0: tensor(3605886, device='cuda:0'), 1: tensor(0, device='cuda:0')},fn {0: tensor(31, device='cuda:0'), 1: tensor(284, device='cuda:0')},fp {0: tensor(284, device='cuda:0'), 1: tensor(31, device='cuda:0')}
INFO:root:TEST batch 2 / 6 - measures partial microavg - precision 0.9999 - recall 0.9999 - f1 0.9999 
INFO:root:TEST batch 2 / 6 - measures partial for class 0 - precision 0.9999 - recall 1.0000 - f1 1.0000 
INFO:root:TEST batch 2 / 6 - measures partial for class 1 - precision 0.0000 - recall 0.0000 - f1 0.0000 
INFO:root:TEST batch 2 / 6 - Batch time 2 
INFO:root:TEST batch 3 / 6 - partial error 0.0001 - partial loss 0.0112 - partial MRR  0.0428 - partial MAP 0.0048
INFO:root:TEST batch 3 / 6 -  partial tp {0: tensor(3605933, device='cuda:0'), 1: tensor(1, device='cuda:0')},fn {0: tensor(46, device='cuda:0'), 1: tensor(221, device='cuda:0')},fp {0: tensor(221, device='cuda:0'), 1: tensor(46, device='cuda:0')}
INFO:root:TEST batch 3 / 6 - measures partial microavg - precision 0.9999 - recall 0.9999 - f1 0.9999 
INFO:root:TEST batch 3 / 6 - measures partial for class 0 - precision 0.9999 - recall 1.0000 - f1 1.0000 
INFO:root:TEST batch 3 / 6 - measures partial for class 1 - precision 0.0213 - recall 0.0045 - f1 0.0074 
INFO:root:TEST batch 3 / 6 - Batch time 2 
INFO:root:TEST batch 4 / 6 - partial error 0.0001 - partial loss 0.0111 - partial MRR  0.0408 - partial MAP 0.0044
INFO:root:TEST batch 4 / 6 -  partial tp {0: tensor(3606000, device='cuda:0'), 1: tensor(1, device='cuda:0')},fn {0: tensor(35, device='cuda:0'), 1: tensor(165, device='cuda:0')},fp {0: tensor(165, device='cuda:0'), 1: tensor(35, device='cuda:0')}
INFO:root:TEST batch 4 / 6 - measures partial microavg - precision 0.9999 - recall 0.9999 - f1 0.9999 
INFO:root:TEST batch 4 / 6 - measures partial for class 0 - precision 1.0000 - recall 1.0000 - f1 1.0000 
INFO:root:TEST batch 4 / 6 - measures partial for class 1 - precision 0.0278 - recall 0.0060 - f1 0.0099 
INFO:root:TEST batch 4 / 6 - Batch time 2 
INFO:root:TEST batch 5 / 6 - partial error 0.0001 - partial loss 0.0110 - partial MRR  0.0430 - partial MAP 0.0040
INFO:root:TEST batch 5 / 6 -  partial tp {0: tensor(3605981, device='cuda:0'), 1: tensor(0, device='cuda:0')},fn {0: tensor(4, device='cuda:0'), 1: tensor(216, device='cuda:0')},fp {0: tensor(216, device='cuda:0'), 1: tensor(4, device='cuda:0')}
INFO:root:TEST batch 5 / 6 - measures partial microavg - precision 0.9999 - recall 0.9999 - f1 0.9999 
INFO:root:TEST batch 5 / 6 - measures partial for class 0 - precision 0.9999 - recall 1.0000 - f1 1.0000 
INFO:root:TEST batch 5 / 6 - measures partial for class 1 - precision 0.0000 - recall 0.0000 - f1 0.0000 
INFO:root:TEST batch 5 / 6 - Batch time 2 
INFO:root:TEST batch 6 / 6 - partial error 0.0001 - partial loss 0.0110 - partial MRR  0.0453 - partial MAP 0.0041
INFO:root:TEST batch 6 / 6 -  partial tp {0: tensor(3606025, device='cuda:0'), 1: tensor(0, device='cuda:0')},fn {0: tensor(4, device='cuda:0'), 1: tensor(172, device='cuda:0')},fp {0: tensor(172, device='cuda:0'), 1: tensor(4, device='cuda:0')}
INFO:root:TEST batch 6 / 6 - measures partial microavg - precision 1.0000 - recall 1.0000 - f1 1.0000 
INFO:root:TEST batch 6 / 6 - measures partial for class 0 - precision 1.0000 - recall 1.0000 - f1 1.0000 
INFO:root:TEST batch 6 / 6 - measures partial for class 1 - precision 0.0000 - recall 0.0000 - f1 0.0000 
INFO:root:TEST batch 6 / 6 - Batch time 2 
INFO:root:TEST mean losses tensor(0.0110, device='cuda:0')
INFO:root:TEST mean errors 8.120272832456976e-05
INFO:root:TEST mean MRR 0.045318108052015305 - mean MAP 0.004133261274546385
INFO:root:TEST tp {0: tensor(21635444, device='cuda:0'), 1: tensor(5, device='cuda:0')},fn {0: tensor(390, device='cuda:0'), 1: tensor(1367, device='cuda:0')},fp {0: tensor(1367, device='cuda:0'), 1: tensor(390, device='cuda:0')}
INFO:root:TEST measures microavg - precision 0.9999 - recall 0.9999 - f1 0.9999 
INFO:root:TEST measures for class 0 - precision 0.9999 - recall 1.0000 - f1 1.0000 
INFO:root:TEST measures for class 1 - precision 0.0127 - recall 0.0036 - f1 0.0057 
INFO:root:TEST measures@10 microavg - precision 0.5556 - recall 0.0000 - f1 0.0000 
INFO:root:TEST measures@10 for class 0 - precision 1.0000 - recall 0.0000 - f1 0.0000 
INFO:root:TEST measures@10 for class 1 - precision 0.0000 - recall 0.0000 - f1 0.0000 
INFO:root:TEST measures@100 microavg - precision 0.7348 - recall 0.0000 - f1 0.0001 
INFO:root:TEST measures@100 for class 0 - precision 1.0000 - recall 0.0000 - f1 0.0001 
INFO:root:TEST measures@100 for class 1 - precision 0.0180 - recall 0.0029 - f1 0.0050 
INFO:root:TEST measures@1000 microavg - precision 0.9385 - recall 0.0003 - f1 0.0006 
INFO:root:TEST measures@1000 for class 0 - precision 0.9995 - recall 0.0003 - f1 0.0006 
INFO:root:TEST measures@1000 for class 1 - precision 0.0127 - recall 0.0036 - f1 0.0057 
INFO:root:TEST Total epoch time: 13.954105232987786
INFO:root:################ TRAIN epoch 16 ###################
INFO:root:TRAIN mean losses tensor(0.0439, device='cuda:0')
INFO:root:TRAIN mean errors 0.030987242236733437
INFO:root:TRAIN mean MRR 0.0 - mean MAP 0.06924403458833694
INFO:root:TRAIN tp {0: tensor(225926, device='cuda:0'), 1: tensor(416, device='cuda:0')},fn {0: tensor(3074, device='cuda:0'), 1: tensor(4164, device='cuda:0')},fp {0: tensor(4164, device='cuda:0'), 1: tensor(3074, device='cuda:0')}
INFO:root:TRAIN measures microavg - precision 0.9690 - recall 0.9690 - f1 0.9690 
INFO:root:TRAIN measures for class 0 - precision 0.9819 - recall 0.9866 - f1 0.9842 
INFO:root:TRAIN measures for class 1 - precision 0.1192 - recall 0.0908 - f1 0.1031 
INFO:root:TRAIN measures@10 microavg - precision 0.6235 - recall 0.0005 - f1 0.0009 
INFO:root:TRAIN measures@10 for class 0 - precision 1.0000 - recall 0.0004 - f1 0.0008 
INFO:root:TRAIN measures@10 for class 1 - precision 0.2000 - recall 0.0035 - f1 0.0069 
INFO:root:TRAIN measures@100 microavg - precision 0.6103 - recall 0.0044 - f1 0.0088 
INFO:root:TRAIN measures@100 for class 0 - precision 0.9944 - recall 0.0039 - f1 0.0078 
INFO:root:TRAIN measures@100 for class 1 - precision 0.1759 - recall 0.0306 - f1 0.0521 
INFO:root:TRAIN measures@1000 microavg - precision 0.7673 - recall 0.0398 - f1 0.0757 
INFO:root:TRAIN measures@1000 for class 0 - precision 0.9911 - recall 0.0390 - f1 0.0750 
INFO:root:TRAIN measures@1000 for class 1 - precision 0.1234 - recall 0.0843 - f1 0.1002 
INFO:root:TRAIN Total epoch time: 1.7463684180111159
INFO:root:=> saved epoch checkpoint 'saved_models/EvolveGCN/uc_irv_mess-20250515_035255/epoch_17.pkl'
INFO:root:################ VALID epoch 16 ###################
INFO:root:VALID mean losses tensor(0.0115, device='cuda:0')
INFO:root:VALID mean errors 0.00033571801031939685
INFO:root:VALID mean MRR 0.04026784375309944 - mean MAP 0.008132515475153923
INFO:root:VALID tp {0: tensor(10814891, device='cuda:0'), 1: tensor(80, device='cuda:0')},fn {0: tensor(2648, device='cuda:0'), 1: tensor(984, device='cuda:0')},fp {0: tensor(984, device='cuda:0'), 1: tensor(2648, device='cuda:0')}
INFO:root:VALID measures microavg - precision 0.9997 - recall 0.9997 - f1 0.9997 
INFO:root:VALID measures for class 0 - precision 0.9999 - recall 0.9998 - f1 0.9998 
INFO:root:VALID measures for class 1 - precision 0.0293 - recall 0.0752 - f1 0.0422 
INFO:root:VALID measures@10 microavg - precision 0.5000 - recall 0.0000 - f1 0.0000 
INFO:root:VALID measures@10 for class 0 - precision 1.0000 - recall 0.0000 - f1 0.0000 
INFO:root:VALID measures@10 for class 1 - precision 0.0000 - recall 0.0000 - f1 0.0000 
INFO:root:VALID measures@100 microavg - precision 0.5233 - recall 0.0000 - f1 0.0001 
INFO:root:VALID measures@100 for class 0 - precision 1.0000 - recall 0.0000 - f1 0.0001 
INFO:root:VALID measures@100 for class 1 - precision 0.0467 - recall 0.0132 - f1 0.0205 
INFO:root:VALID measures@1000 microavg - precision 0.5679 - recall 0.0003 - f1 0.0006 
INFO:root:VALID measures@1000 for class 0 - precision 1.0000 - recall 0.0003 - f1 0.0006 
INFO:root:VALID measures@1000 for class 1 - precision 0.0315 - recall 0.0714 - f1 0.0437 
INFO:root:VALID Total epoch time: 7.22793895698851
INFO:root:################ TEST epoch 16 ###################
INFO:root:TEST batch 1 / 6 - partial error 0.0002 - partial loss 0.0116 - partial MRR  0.0356 - partial MAP 0.0064
INFO:root:TEST batch 1 / 6 -  partial tp {0: tensor(3605304, device='cuda:0'), 1: tensor(14, device='cuda:0')},fn {0: tensor(585, device='cuda:0'), 1: tensor(298, device='cuda:0')},fp {0: tensor(298, device='cuda:0'), 1: tensor(585, device='cuda:0')}
INFO:root:TEST batch 1 / 6 - measures partial microavg - precision 0.9998 - recall 0.9998 - f1 0.9998 
INFO:root:TEST batch 1 / 6 - measures partial for class 0 - precision 0.9999 - recall 0.9998 - f1 0.9999 
INFO:root:TEST batch 1 / 6 - measures partial for class 1 - precision 0.0234 - recall 0.0449 - f1 0.0307 
INFO:root:TEST batch 1 / 6 - Batch time 2 
INFO:root:TEST batch 2 / 6 - partial error 0.0002 - partial loss 0.0114 - partial MRR  0.0451 - partial MAP 0.0051
INFO:root:TEST batch 2 / 6 -  partial tp {0: tensor(3605778, device='cuda:0'), 1: tensor(5, device='cuda:0')},fn {0: tensor(139, device='cuda:0'), 1: tensor(279, device='cuda:0')},fp {0: tensor(279, device='cuda:0'), 1: tensor(139, device='cuda:0')}
INFO:root:TEST batch 2 / 6 - measures partial microavg - precision 0.9999 - recall 0.9999 - f1 0.9999 
INFO:root:TEST batch 2 / 6 - measures partial for class 0 - precision 0.9999 - recall 1.0000 - f1 0.9999 
INFO:root:TEST batch 2 / 6 - measures partial for class 1 - precision 0.0347 - recall 0.0176 - f1 0.0234 
INFO:root:TEST batch 2 / 6 - Batch time 2 
INFO:root:TEST batch 3 / 6 - partial error 0.0002 - partial loss 0.0113 - partial MRR  0.0432 - partial MAP 0.0050
INFO:root:TEST batch 3 / 6 -  partial tp {0: tensor(3605842, device='cuda:0'), 1: tensor(3, device='cuda:0')},fn {0: tensor(137, device='cuda:0'), 1: tensor(219, device='cuda:0')},fp {0: tensor(219, device='cuda:0'), 1: tensor(137, device='cuda:0')}
INFO:root:TEST batch 3 / 6 - measures partial microavg - precision 0.9999 - recall 0.9999 - f1 0.9999 
INFO:root:TEST batch 3 / 6 - measures partial for class 0 - precision 0.9999 - recall 1.0000 - f1 1.0000 
INFO:root:TEST batch 3 / 6 - measures partial for class 1 - precision 0.0214 - recall 0.0135 - f1 0.0166 
INFO:root:TEST batch 3 / 6 - Batch time 2 
INFO:root:TEST batch 4 / 6 - partial error 0.0001 - partial loss 0.0112 - partial MRR  0.0414 - partial MAP 0.0047
INFO:root:TEST batch 4 / 6 -  partial tp {0: tensor(3605929, device='cuda:0'), 1: tensor(2, device='cuda:0')},fn {0: tensor(106, device='cuda:0'), 1: tensor(164, device='cuda:0')},fp {0: tensor(164, device='cuda:0'), 1: tensor(106, device='cuda:0')}
INFO:root:TEST batch 4 / 6 - measures partial microavg - precision 0.9999 - recall 0.9999 - f1 0.9999 
INFO:root:TEST batch 4 / 6 - measures partial for class 0 - precision 1.0000 - recall 1.0000 - f1 1.0000 
INFO:root:TEST batch 4 / 6 - measures partial for class 1 - precision 0.0185 - recall 0.0120 - f1 0.0146 
INFO:root:TEST batch 4 / 6 - Batch time 2 
INFO:root:TEST batch 5 / 6 - partial error 0.0001 - partial loss 0.0111 - partial MRR  0.0435 - partial MAP 0.0042
INFO:root:TEST batch 5 / 6 -  partial tp {0: tensor(3605975, device='cuda:0'), 1: tensor(0, device='cuda:0')},fn {0: tensor(10, device='cuda:0'), 1: tensor(216, device='cuda:0')},fp {0: tensor(216, device='cuda:0'), 1: tensor(10, device='cuda:0')}
INFO:root:TEST batch 5 / 6 - measures partial microavg - precision 0.9999 - recall 0.9999 - f1 0.9999 
INFO:root:TEST batch 5 / 6 - measures partial for class 0 - precision 0.9999 - recall 1.0000 - f1 1.0000 
INFO:root:TEST batch 5 / 6 - measures partial for class 1 - precision 0.0000 - recall 0.0000 - f1 0.0000 
INFO:root:TEST batch 5 / 6 - Batch time 2 
INFO:root:TEST batch 6 / 6 - partial error 0.0001 - partial loss 0.0111 - partial MRR  0.0456 - partial MAP 0.0043
INFO:root:TEST batch 6 / 6 -  partial tp {0: tensor(3606025, device='cuda:0'), 1: tensor(0, device='cuda:0')},fn {0: tensor(4, device='cuda:0'), 1: tensor(172, device='cuda:0')},fp {0: tensor(172, device='cuda:0'), 1: tensor(4, device='cuda:0')}
INFO:root:TEST batch 6 / 6 - measures partial microavg - precision 1.0000 - recall 1.0000 - f1 1.0000 
INFO:root:TEST batch 6 / 6 - measures partial for class 0 - precision 1.0000 - recall 1.0000 - f1 1.0000 
INFO:root:TEST batch 6 / 6 - measures partial for class 1 - precision 0.0000 - recall 0.0000 - f1 0.0000 
INFO:root:TEST batch 6 / 6 - Batch time 2 
INFO:root:TEST mean losses tensor(0.0111, device='cuda:0')
INFO:root:TEST mean errors 0.00010763867612695321
INFO:root:TEST mean MRR 0.04563744738698006 - mean MAP 0.004331106320023537
INFO:root:TEST tp {0: tensor(21634853, device='cuda:0'), 1: tensor(24, device='cuda:0')},fn {0: tensor(981, device='cuda:0'), 1: tensor(1348, device='cuda:0')},fp {0: tensor(1348, device='cuda:0'), 1: tensor(981, device='cuda:0')}
INFO:root:TEST measures microavg - precision 0.9999 - recall 0.9999 - f1 0.9999 
INFO:root:TEST measures for class 0 - precision 0.9999 - recall 1.0000 - f1 0.9999 
INFO:root:TEST measures for class 1 - precision 0.0239 - recall 0.0175 - f1 0.0202 
INFO:root:TEST measures@10 microavg - precision 0.5351 - recall 0.0000 - f1 0.0000 
INFO:root:TEST measures@10 for class 0 - precision 1.0000 - recall 0.0000 - f1 0.0000 
INFO:root:TEST measures@10 for class 1 - precision 0.0185 - recall 0.0007 - f1 0.0014 
INFO:root:TEST measures@100 microavg - precision 0.6014 - recall 0.0000 - f1 0.0001 
INFO:root:TEST measures@100 for class 0 - precision 1.0000 - recall 0.0000 - f1 0.0001 
INFO:root:TEST measures@100 for class 1 - precision 0.0195 - recall 0.0058 - f1 0.0090 
INFO:root:TEST measures@1000 microavg - precision 0.8603 - recall 0.0003 - f1 0.0006 
INFO:root:TEST measures@1000 for class 0 - precision 0.9998 - recall 0.0003 - f1 0.0006 
INFO:root:TEST measures@1000 for class 1 - precision 0.0240 - recall 0.0175 - f1 0.0202 
INFO:root:TEST Total epoch time: 14.399926294005127
INFO:root:################ TRAIN epoch 17 ###################
INFO:root:TRAIN mean losses tensor(0.0439, device='cuda:0')
INFO:root:TRAIN mean errors 0.03415960446000099
INFO:root:TRAIN mean MRR 0.0 - mean MAP 0.07218970358371735
INFO:root:TRAIN tp {0: tensor(225058, device='cuda:0'), 1: tensor(543, device='cuda:0')},fn {0: tensor(3942, device='cuda:0'), 1: tensor(4037, device='cuda:0')},fp {0: tensor(4037, device='cuda:0'), 1: tensor(3942, device='cuda:0')}
INFO:root:TRAIN measures microavg - precision 0.9658 - recall 0.9658 - f1 0.9658 
INFO:root:TRAIN measures for class 0 - precision 0.9824 - recall 0.9828 - f1 0.9826 
INFO:root:TRAIN measures for class 1 - precision 0.1211 - recall 0.1186 - f1 0.1198 
INFO:root:TRAIN measures@10 microavg - precision 0.6257 - recall 0.0005 - f1 0.0009 
INFO:root:TRAIN measures@10 for class 0 - precision 0.9889 - recall 0.0004 - f1 0.0008 
INFO:root:TRAIN measures@10 for class 1 - precision 0.2222 - recall 0.0039 - f1 0.0077 
INFO:root:TRAIN measures@100 microavg - precision 0.6161 - recall 0.0045 - f1 0.0089 
INFO:root:TRAIN measures@100 for class 0 - precision 0.9989 - recall 0.0039 - f1 0.0078 
INFO:root:TRAIN measures@100 for class 1 - precision 0.1860 - recall 0.0325 - f1 0.0554 
INFO:root:TRAIN measures@1000 microavg - precision 0.7418 - recall 0.0401 - f1 0.0760 
INFO:root:TRAIN measures@1000 for class 0 - precision 0.9902 - recall 0.0389 - f1 0.0749 
INFO:root:TRAIN measures@1000 for class 1 - precision 0.1236 - recall 0.0976 - f1 0.1091 
INFO:root:TRAIN Total epoch time: 1.768705056005274
INFO:root:=> saved epoch checkpoint 'saved_models/EvolveGCN/uc_irv_mess-20250515_035255/epoch_18.pkl'
INFO:root:################ VALID epoch 17 ###################
INFO:root:VALID mean losses tensor(0.0117, device='cuda:0')
INFO:root:VALID mean errors 0.0003884974867105484
INFO:root:VALID mean MRR 0.0448218509554863 - mean MAP 0.00864348653703928
INFO:root:VALID tp {0: tensor(10814302, device='cuda:0'), 1: tensor(98, device='cuda:0')},fn {0: tensor(3237, device='cuda:0'), 1: tensor(966, device='cuda:0')},fp {0: tensor(966, device='cuda:0'), 1: tensor(3237, device='cuda:0')}
INFO:root:VALID measures microavg - precision 0.9996 - recall 0.9996 - f1 0.9996 
INFO:root:VALID measures for class 0 - precision 0.9999 - recall 0.9997 - f1 0.9998 
INFO:root:VALID measures for class 1 - precision 0.0294 - recall 0.0921 - f1 0.0446 
INFO:root:VALID measures@10 microavg - precision 0.5167 - recall 0.0000 - f1 0.0000 
INFO:root:VALID measures@10 for class 0 - precision 1.0000 - recall 0.0000 - f1 0.0000 
INFO:root:VALID measures@10 for class 1 - precision 0.0333 - recall 0.0009 - f1 0.0018 
INFO:root:VALID measures@100 microavg - precision 0.5233 - recall 0.0000 - f1 0.0001 
INFO:root:VALID measures@100 for class 0 - precision 0.9933 - recall 0.0000 - f1 0.0001 
INFO:root:VALID measures@100 for class 1 - precision 0.0533 - recall 0.0150 - f1 0.0235 
INFO:root:VALID measures@1000 microavg - precision 0.5500 - recall 0.0003 - f1 0.0006 
INFO:root:VALID measures@1000 for class 0 - precision 0.9990 - recall 0.0003 - f1 0.0006 
INFO:root:VALID measures@1000 for class 1 - precision 0.0319 - recall 0.0780 - f1 0.0453 
INFO:root:VALID Total epoch time: 7.236795404998702
INFO:root:################ TEST epoch 17 ###################
INFO:root:TEST batch 1 / 6 - partial error 0.0003 - partial loss 0.0117 - partial MRR  0.0359 - partial MAP 0.0062
INFO:root:TEST batch 1 / 6 -  partial tp {0: tensor(3605099, device='cuda:0'), 1: tensor(17, device='cuda:0')},fn {0: tensor(790, device='cuda:0'), 1: tensor(295, device='cuda:0')},fp {0: tensor(295, device='cuda:0'), 1: tensor(790, device='cuda:0')}
INFO:root:TEST batch 1 / 6 - measures partial microavg - precision 0.9997 - recall 0.9997 - f1 0.9997 
INFO:root:TEST batch 1 / 6 - measures partial for class 0 - precision 0.9999 - recall 0.9998 - f1 0.9998 
INFO:root:TEST batch 1 / 6 - measures partial for class 1 - precision 0.0211 - recall 0.0545 - f1 0.0304 
INFO:root:TEST batch 1 / 6 - Batch time 2 
INFO:root:TEST batch 2 / 6 - partial error 0.0002 - partial loss 0.0116 - partial MRR  0.0449 - partial MAP 0.0049
INFO:root:TEST batch 2 / 6 -  partial tp {0: tensor(3605674, device='cuda:0'), 1: tensor(6, device='cuda:0')},fn {0: tensor(243, device='cuda:0'), 1: tensor(278, device='cuda:0')},fp {0: tensor(278, device='cuda:0'), 1: tensor(243, device='cuda:0')}
INFO:root:TEST batch 2 / 6 - measures partial microavg - precision 0.9999 - recall 0.9999 - f1 0.9999 
INFO:root:TEST batch 2 / 6 - measures partial for class 0 - precision 0.9999 - recall 0.9999 - f1 0.9999 
INFO:root:TEST batch 2 / 6 - measures partial for class 1 - precision 0.0241 - recall 0.0211 - f1 0.0225 
INFO:root:TEST batch 2 / 6 - Batch time 2 
INFO:root:TEST batch 3 / 6 - partial error 0.0002 - partial loss 0.0115 - partial MRR  0.0438 - partial MAP 0.0049
INFO:root:TEST batch 3 / 6 -  partial tp {0: tensor(3605790, device='cuda:0'), 1: tensor(4, device='cuda:0')},fn {0: tensor(189, device='cuda:0'), 1: tensor(218, device='cuda:0')},fp {0: tensor(218, device='cuda:0'), 1: tensor(189, device='cuda:0')}
INFO:root:TEST batch 3 / 6 - measures partial microavg - precision 0.9999 - recall 0.9999 - f1 0.9999 
INFO:root:TEST batch 3 / 6 - measures partial for class 0 - precision 0.9999 - recall 0.9999 - f1 0.9999 
INFO:root:TEST batch 3 / 6 - measures partial for class 1 - precision 0.0207 - recall 0.0180 - f1 0.0193 
INFO:root:TEST batch 3 / 6 - Batch time 2 
INFO:root:TEST batch 4 / 6 - partial error 0.0002 - partial loss 0.0114 - partial MRR  0.0418 - partial MAP 0.0046
INFO:root:TEST batch 4 / 6 -  partial tp {0: tensor(3605853, device='cuda:0'), 1: tensor(4, device='cuda:0')},fn {0: tensor(182, device='cuda:0'), 1: tensor(162, device='cuda:0')},fp {0: tensor(162, device='cuda:0'), 1: tensor(182, device='cuda:0')}
INFO:root:TEST batch 4 / 6 - measures partial microavg - precision 0.9999 - recall 0.9999 - f1 0.9999 
INFO:root:TEST batch 4 / 6 - measures partial for class 0 - precision 1.0000 - recall 0.9999 - f1 1.0000 
INFO:root:TEST batch 4 / 6 - measures partial for class 1 - precision 0.0215 - recall 0.0241 - f1 0.0227 
INFO:root:TEST batch 4 / 6 - Batch time 2 
INFO:root:TEST batch 5 / 6 - partial error 0.0001 - partial loss 0.0113 - partial MRR  0.0432 - partial MAP 0.0041
INFO:root:TEST batch 5 / 6 -  partial tp {0: tensor(3605962, device='cuda:0'), 1: tensor(0, device='cuda:0')},fn {0: tensor(23, device='cuda:0'), 1: tensor(216, device='cuda:0')},fp {0: tensor(216, device='cuda:0'), 1: tensor(23, device='cuda:0')}
INFO:root:TEST batch 5 / 6 - measures partial microavg - precision 0.9999 - recall 0.9999 - f1 0.9999 
INFO:root:TEST batch 5 / 6 - measures partial for class 0 - precision 0.9999 - recall 1.0000 - f1 1.0000 
INFO:root:TEST batch 5 / 6 - measures partial for class 1 - precision 0.0000 - recall 0.0000 - f1 0.0000 
INFO:root:TEST batch 5 / 6 - Batch time 2 
INFO:root:TEST batch 6 / 6 - partial error 0.0001 - partial loss 0.0113 - partial MRR  0.0453 - partial MAP 0.0043
INFO:root:TEST batch 6 / 6 -  partial tp {0: tensor(3606024, device='cuda:0'), 1: tensor(0, device='cuda:0')},fn {0: tensor(5, device='cuda:0'), 1: tensor(172, device='cuda:0')},fp {0: tensor(172, device='cuda:0'), 1: tensor(5, device='cuda:0')}
INFO:root:TEST batch 6 / 6 - measures partial microavg - precision 1.0000 - recall 1.0000 - f1 1.0000 
INFO:root:TEST batch 6 / 6 - measures partial for class 0 - precision 1.0000 - recall 1.0000 - f1 1.0000 
INFO:root:TEST batch 6 / 6 - measures partial for class 1 - precision 0.0000 - recall 0.0000 - f1 0.0000 
INFO:root:TEST batch 6 / 6 - Batch time 2 
INFO:root:TEST mean losses tensor(0.0113, device='cuda:0')
INFO:root:TEST mean errors 0.0001281588920392096
INFO:root:TEST mean MRR 0.04533957317471504 - mean MAP 0.0043006897903978825
INFO:root:TEST tp {0: tensor(21634402, device='cuda:0'), 1: tensor(31, device='cuda:0')},fn {0: tensor(1432, device='cuda:0'), 1: tensor(1341, device='cuda:0')},fp {0: tensor(1341, device='cuda:0'), 1: tensor(1432, device='cuda:0')}
INFO:root:TEST measures microavg - precision 0.9999 - recall 0.9999 - f1 0.9999 
INFO:root:TEST measures for class 0 - precision 0.9999 - recall 0.9999 - f1 0.9999 
INFO:root:TEST measures for class 1 - precision 0.0212 - recall 0.0226 - f1 0.0219 
INFO:root:TEST measures@10 microavg - precision 0.5304 - recall 0.0000 - f1 0.0000 
INFO:root:TEST measures@10 for class 0 - precision 1.0000 - recall 0.0000 - f1 0.0000 
INFO:root:TEST measures@10 for class 1 - precision 0.0182 - recall 0.0007 - f1 0.0014 
INFO:root:TEST measures@100 microavg - precision 0.5924 - recall 0.0000 - f1 0.0001 
INFO:root:TEST measures@100 for class 0 - precision 1.0000 - recall 0.0000 - f1 0.0001 
INFO:root:TEST measures@100 for class 1 - precision 0.0210 - recall 0.0066 - f1 0.0100 
INFO:root:TEST measures@1000 microavg - precision 0.8095 - recall 0.0003 - f1 0.0006 
INFO:root:TEST measures@1000 for class 0 - precision 0.9998 - recall 0.0003 - f1 0.0006 
INFO:root:TEST measures@1000 for class 1 - precision 0.0200 - recall 0.0211 - f1 0.0206 
INFO:root:TEST Total epoch time: 14.00557008398755
INFO:root:################ TRAIN epoch 18 ###################
INFO:root:TRAIN mean losses tensor(0.0438, device='cuda:0')
INFO:root:TRAIN mean errors 0.03540971130132675
INFO:root:TRAIN mean MRR 0.0 - mean MAP 0.07412458211183548
INFO:root:TRAIN tp {0: tensor(224717, device='cuda:0'), 1: tensor(592, device='cuda:0')},fn {0: tensor(4283, device='cuda:0'), 1: tensor(3988, device='cuda:0')},fp {0: tensor(3988, device='cuda:0'), 1: tensor(4283, device='cuda:0')}
INFO:root:TRAIN measures microavg - precision 0.9646 - recall 0.9646 - f1 0.9646 
INFO:root:TRAIN measures for class 0 - precision 0.9826 - recall 0.9813 - f1 0.9819 
INFO:root:TRAIN measures for class 1 - precision 0.1214 - recall 0.1293 - f1 0.1252 
INFO:root:TRAIN measures@10 microavg - precision 0.6023 - recall 0.0004 - f1 0.0009 
INFO:root:TRAIN measures@10 for class 0 - precision 0.9778 - recall 0.0004 - f1 0.0008 
INFO:root:TRAIN measures@10 for class 1 - precision 0.1852 - recall 0.0033 - f1 0.0064 
INFO:root:TRAIN measures@100 microavg - precision 0.6196 - recall 0.0045 - f1 0.0090 
INFO:root:TRAIN measures@100 for class 0 - precision 0.9878 - recall 0.0039 - f1 0.0077 
INFO:root:TRAIN measures@100 for class 1 - precision 0.2060 - recall 0.0360 - f1 0.0613 
INFO:root:TRAIN measures@1000 microavg - precision 0.7320 - recall 0.0403 - f1 0.0764 
INFO:root:TRAIN measures@1000 for class 0 - precision 0.9894 - recall 0.0389 - f1 0.0748 
INFO:root:TRAIN measures@1000 for class 1 - precision 0.1329 - recall 0.1122 - f1 0.1217 
INFO:root:TRAIN Total epoch time: 1.6962316279968945
INFO:root:=> saved epoch checkpoint 'saved_models/EvolveGCN/uc_irv_mess-20250515_035255/epoch_19.pkl'
INFO:root:################ VALID epoch 18 ###################
INFO:root:VALID mean losses tensor(0.0117, device='cuda:0')
INFO:root:VALID mean errors 0.0004153031622990966
INFO:root:VALID mean MRR 0.04830670356750488 - mean MAP 0.008671157993376255
INFO:root:VALID tp {0: tensor(10814005, device='cuda:0'), 1: tensor(105, device='cuda:0')},fn {0: tensor(3534, device='cuda:0'), 1: tensor(959, device='cuda:0')},fp {0: tensor(959, device='cuda:0'), 1: tensor(3534, device='cuda:0')}
INFO:root:VALID measures microavg - precision 0.9996 - recall 0.9996 - f1 0.9996 
INFO:root:VALID measures for class 0 - precision 0.9999 - recall 0.9997 - f1 0.9998 
INFO:root:VALID measures for class 1 - precision 0.0289 - recall 0.0987 - f1 0.0447 
INFO:root:VALID measures@10 microavg - precision 0.5167 - recall 0.0000 - f1 0.0000 
INFO:root:VALID measures@10 for class 0 - precision 1.0000 - recall 0.0000 - f1 0.0000 
INFO:root:VALID measures@10 for class 1 - precision 0.0333 - recall 0.0009 - f1 0.0018 
INFO:root:VALID measures@100 microavg - precision 0.5267 - recall 0.0000 - f1 0.0001 
INFO:root:VALID measures@100 for class 0 - precision 1.0000 - recall 0.0000 - f1 0.0001 
INFO:root:VALID measures@100 for class 1 - precision 0.0533 - recall 0.0150 - f1 0.0235 
INFO:root:VALID measures@1000 microavg - precision 0.5397 - recall 0.0003 - f1 0.0006 
INFO:root:VALID measures@1000 for class 0 - precision 0.9990 - recall 0.0003 - f1 0.0006 
INFO:root:VALID measures@1000 for class 1 - precision 0.0324 - recall 0.0827 - f1 0.0466 
INFO:root:VALID Total epoch time: 7.121850746989367
INFO:root:################ TEST epoch 18 ###################
INFO:root:TEST batch 1 / 6 - partial error 0.0003 - partial loss 0.0117 - partial MRR  0.0360 - partial MAP 0.0059
INFO:root:TEST batch 1 / 6 -  partial tp {0: tensor(3605008, device='cuda:0'), 1: tensor(20, device='cuda:0')},fn {0: tensor(881, device='cuda:0'), 1: tensor(292, device='cuda:0')},fp {0: tensor(292, device='cuda:0'), 1: tensor(881, device='cuda:0')}
INFO:root:TEST batch 1 / 6 - measures partial microavg - precision 0.9997 - recall 0.9997 - f1 0.9997 
INFO:root:TEST batch 1 / 6 - measures partial for class 0 - precision 0.9999 - recall 0.9998 - f1 0.9998 
INFO:root:TEST batch 1 / 6 - measures partial for class 1 - precision 0.0222 - recall 0.0641 - f1 0.0330 
INFO:root:TEST batch 1 / 6 - Batch time 2 
INFO:root:TEST batch 2 / 6 - partial error 0.0002 - partial loss 0.0116 - partial MRR  0.0446 - partial MAP 0.0047
INFO:root:TEST batch 2 / 6 -  partial tp {0: tensor(3605648, device='cuda:0'), 1: tensor(4, device='cuda:0')},fn {0: tensor(269, device='cuda:0'), 1: tensor(280, device='cuda:0')},fp {0: tensor(280, device='cuda:0'), 1: tensor(269, device='cuda:0')}
INFO:root:TEST batch 2 / 6 - measures partial microavg - precision 0.9998 - recall 0.9998 - f1 0.9998 
INFO:root:TEST batch 2 / 6 - measures partial for class 0 - precision 0.9999 - recall 0.9999 - f1 0.9999 
INFO:root:TEST batch 2 / 6 - measures partial for class 1 - precision 0.0147 - recall 0.0141 - f1 0.0144 
INFO:root:TEST batch 2 / 6 - Batch time 2 
INFO:root:TEST batch 3 / 6 - partial error 0.0002 - partial loss 0.0115 - partial MRR  0.0457 - partial MAP 0.0048
INFO:root:TEST batch 3 / 6 -  partial tp {0: tensor(3605779, device='cuda:0'), 1: tensor(6, device='cuda:0')},fn {0: tensor(200, device='cuda:0'), 1: tensor(216, device='cuda:0')},fp {0: tensor(216, device='cuda:0'), 1: tensor(200, device='cuda:0')}
INFO:root:TEST batch 3 / 6 - measures partial microavg - precision 0.9999 - recall 0.9999 - f1 0.9999 
INFO:root:TEST batch 3 / 6 - measures partial for class 0 - precision 0.9999 - recall 0.9999 - f1 0.9999 
INFO:root:TEST batch 3 / 6 - measures partial for class 1 - precision 0.0291 - recall 0.0270 - f1 0.0280 
INFO:root:TEST batch 3 / 6 - Batch time 2 
INFO:root:TEST batch 4 / 6 - partial error 0.0002 - partial loss 0.0114 - partial MRR  0.0432 - partial MAP 0.0046
INFO:root:TEST batch 4 / 6 -  partial tp {0: tensor(3605771, device='cuda:0'), 1: tensor(4, device='cuda:0')},fn {0: tensor(264, device='cuda:0'), 1: tensor(162, device='cuda:0')},fp {0: tensor(162, device='cuda:0'), 1: tensor(264, device='cuda:0')}
INFO:root:TEST batch 4 / 6 - measures partial microavg - precision 0.9999 - recall 0.9999 - f1 0.9999 
INFO:root:TEST batch 4 / 6 - measures partial for class 0 - precision 1.0000 - recall 0.9999 - f1 0.9999 
INFO:root:TEST batch 4 / 6 - measures partial for class 1 - precision 0.0149 - recall 0.0241 - f1 0.0184 
INFO:root:TEST batch 4 / 6 - Batch time 2 
INFO:root:TEST batch 5 / 6 - partial error 0.0002 - partial loss 0.0113 - partial MRR  0.0445 - partial MAP 0.0041
INFO:root:TEST batch 5 / 6 -  partial tp {0: tensor(3605961, device='cuda:0'), 1: tensor(0, device='cuda:0')},fn {0: tensor(24, device='cuda:0'), 1: tensor(216, device='cuda:0')},fp {0: tensor(216, device='cuda:0'), 1: tensor(24, device='cuda:0')}
INFO:root:TEST batch 5 / 6 - measures partial microavg - precision 0.9999 - recall 0.9999 - f1 0.9999 
INFO:root:TEST batch 5 / 6 - measures partial for class 0 - precision 0.9999 - recall 1.0000 - f1 1.0000 
INFO:root:TEST batch 5 / 6 - measures partial for class 1 - precision 0.0000 - recall 0.0000 - f1 0.0000 
INFO:root:TEST batch 5 / 6 - Batch time 2 
INFO:root:TEST batch 6 / 6 - partial error 0.0001 - partial loss 0.0113 - partial MRR  0.0464 - partial MAP 0.0043
INFO:root:TEST batch 6 / 6 -  partial tp {0: tensor(3606024, device='cuda:0'), 1: tensor(0, device='cuda:0')},fn {0: tensor(5, device='cuda:0'), 1: tensor(172, device='cuda:0')},fp {0: tensor(172, device='cuda:0'), 1: tensor(5, device='cuda:0')}
INFO:root:TEST batch 6 / 6 - measures partial microavg - precision 1.0000 - recall 1.0000 - f1 1.0000 
INFO:root:TEST batch 6 / 6 - measures partial for class 0 - precision 1.0000 - recall 1.0000 - f1 1.0000 
INFO:root:TEST batch 6 / 6 - measures partial for class 1 - precision 0.0000 - recall 0.0000 - f1 0.0000 
INFO:root:TEST batch 6 / 6 - Batch time 2 
INFO:root:TEST mean losses tensor(0.0113, device='cuda:0')
INFO:root:TEST mean errors 0.0001377719599986449
INFO:root:TEST mean MRR 0.046366460621356964 - mean MAP 0.004337870050221682
INFO:root:TEST tp {0: tensor(21634191, device='cuda:0'), 1: tensor(34, device='cuda:0')},fn {0: tensor(1643, device='cuda:0'), 1: tensor(1338, device='cuda:0')},fp {0: tensor(1338, device='cuda:0'), 1: tensor(1643, device='cuda:0')}
INFO:root:TEST measures microavg - precision 0.9999 - recall 0.9999 - f1 0.9999 
INFO:root:TEST measures for class 0 - precision 0.9999 - recall 0.9999 - f1 0.9999 
INFO:root:TEST measures for class 1 - precision 0.0203 - recall 0.0248 - f1 0.0223 
INFO:root:TEST measures@10 microavg - precision 0.5304 - recall 0.0000 - f1 0.0000 
INFO:root:TEST measures@10 for class 0 - precision 1.0000 - recall 0.0000 - f1 0.0000 
INFO:root:TEST measures@10 for class 1 - precision 0.0182 - recall 0.0007 - f1 0.0014 
INFO:root:TEST measures@100 microavg - precision 0.5938 - recall 0.0000 - f1 0.0001 
INFO:root:TEST measures@100 for class 0 - precision 1.0000 - recall 0.0000 - f1 0.0001 
INFO:root:TEST measures@100 for class 1 - precision 0.0256 - recall 0.0080 - f1 0.0122 
INFO:root:TEST measures@1000 microavg - precision 0.7884 - recall 0.0003 - f1 0.0006 
INFO:root:TEST measures@1000 for class 0 - precision 0.9995 - recall 0.0003 - f1 0.0006 
INFO:root:TEST measures@1000 for class 1 - precision 0.0206 - recall 0.0248 - f1 0.0225 
INFO:root:TEST Total epoch time: 14.27784292200522
INFO:root:################ TRAIN epoch 19 ###################
INFO:root:TRAIN mean losses tensor(0.0437, device='cuda:0')
INFO:root:TRAIN mean errors 0.034664783626794815
INFO:root:TRAIN mean MRR 0.0 - mean MAP 0.0769251212477684
INFO:root:TRAIN tp {0: tensor(224884, device='cuda:0'), 1: tensor(599, device='cuda:0')},fn {0: tensor(4116, device='cuda:0'), 1: tensor(3981, device='cuda:0')},fp {0: tensor(3981, device='cuda:0'), 1: tensor(4116, device='cuda:0')}
INFO:root:TRAIN measures microavg - precision 0.9653 - recall 0.9653 - f1 0.9653 
INFO:root:TRAIN measures for class 0 - precision 0.9826 - recall 0.9820 - f1 0.9823 
INFO:root:TRAIN measures for class 1 - precision 0.1270 - recall 0.1308 - f1 0.1289 
INFO:root:TRAIN measures@10 microavg - precision 0.6395 - recall 0.0005 - f1 0.0009 
INFO:root:TRAIN measures@10 for class 0 - precision 1.0000 - recall 0.0004 - f1 0.0008 
INFO:root:TRAIN measures@10 for class 1 - precision 0.2439 - recall 0.0044 - f1 0.0086 
INFO:root:TRAIN measures@100 microavg - precision 0.6240 - recall 0.0045 - f1 0.0090 
INFO:root:TRAIN measures@100 for class 0 - precision 0.9878 - recall 0.0039 - f1 0.0077 
INFO:root:TRAIN measures@100 for class 1 - precision 0.2157 - recall 0.0378 - f1 0.0643 
INFO:root:TRAIN measures@1000 microavg - precision 0.7404 - recall 0.0403 - f1 0.0765 
INFO:root:TRAIN measures@1000 for class 0 - precision 0.9891 - recall 0.0389 - f1 0.0748 
INFO:root:TRAIN measures@1000 for class 1 - precision 0.1394 - recall 0.1133 - f1 0.1250 
INFO:root:TRAIN Total epoch time: 1.6536601789994165
INFO:root:=> saved epoch checkpoint 'saved_models/EvolveGCN/uc_irv_mess-20250515_035255/epoch_20.pkl'
INFO:root:################ VALID epoch 19 ###################
INFO:root:VALID mean losses tensor(0.0115, device='cuda:0')
INFO:root:VALID mean errors 0.00043092441046610475
INFO:root:VALID mean MRR 0.05189858004450798 - mean MAP 0.00997246615588665
INFO:root:VALID tp {0: tensor(10813839, device='cuda:0'), 1: tensor(102, device='cuda:0')},fn {0: tensor(3700, device='cuda:0'), 1: tensor(962, device='cuda:0')},fp {0: tensor(962, device='cuda:0'), 1: tensor(3700, device='cuda:0')}
INFO:root:VALID measures microavg - precision 0.9996 - recall 0.9996 - f1 0.9996 
INFO:root:VALID measures for class 0 - precision 0.9999 - recall 0.9997 - f1 0.9998 
INFO:root:VALID measures for class 1 - precision 0.0268 - recall 0.0959 - f1 0.0419 
INFO:root:VALID measures@10 microavg - precision 0.5333 - recall 0.0000 - f1 0.0000 
INFO:root:VALID measures@10 for class 0 - precision 1.0000 - recall 0.0000 - f1 0.0000 
INFO:root:VALID measures@10 for class 1 - precision 0.0667 - recall 0.0019 - f1 0.0037 
INFO:root:VALID measures@100 microavg - precision 0.5250 - recall 0.0000 - f1 0.0001 
INFO:root:VALID measures@100 for class 0 - precision 0.9967 - recall 0.0000 - f1 0.0001 
INFO:root:VALID measures@100 for class 1 - precision 0.0533 - recall 0.0150 - f1 0.0235 
INFO:root:VALID measures@1000 microavg - precision 0.5337 - recall 0.0003 - f1 0.0006 
INFO:root:VALID measures@1000 for class 0 - precision 0.9990 - recall 0.0003 - f1 0.0006 
INFO:root:VALID measures@1000 for class 1 - precision 0.0317 - recall 0.0827 - f1 0.0458 
INFO:root:VALID Total epoch time: 7.00773181700788
INFO:root:################ TRAIN epoch 20 ###################
INFO:root:TRAIN mean losses tensor(0.0438, device='cuda:0')
INFO:root:TRAIN mean errors 0.03531124070286751
INFO:root:TRAIN mean MRR 0.0 - mean MAP 0.07907802611589432
INFO:root:TRAIN tp {0: tensor(224704, device='cuda:0'), 1: tensor(628, device='cuda:0')},fn {0: tensor(4296, device='cuda:0'), 1: tensor(3952, device='cuda:0')},fp {0: tensor(3952, device='cuda:0'), 1: tensor(4296, device='cuda:0')}
INFO:root:TRAIN measures microavg - precision 0.9647 - recall 0.9647 - f1 0.9647 
INFO:root:TRAIN measures for class 0 - precision 0.9827 - recall 0.9812 - f1 0.9820 
INFO:root:TRAIN measures for class 1 - precision 0.1275 - recall 0.1371 - f1 0.1322 
INFO:root:TRAIN measures@10 microavg - precision 0.6250 - recall 0.0005 - f1 0.0009 
INFO:root:TRAIN measures@10 for class 0 - precision 0.9889 - recall 0.0004 - f1 0.0008 
INFO:root:TRAIN measures@10 for class 1 - precision 0.2442 - recall 0.0046 - f1 0.0090 
INFO:root:TRAIN measures@100 microavg - precision 0.6243 - recall 0.0046 - f1 0.0091 
INFO:root:TRAIN measures@100 for class 0 - precision 0.9900 - recall 0.0039 - f1 0.0078 
INFO:root:TRAIN measures@100 for class 1 - precision 0.2159 - recall 0.0380 - f1 0.0646 
INFO:root:TRAIN measures@1000 microavg - precision 0.7379 - recall 0.0405 - f1 0.0767 
INFO:root:TRAIN measures@1000 for class 0 - precision 0.9890 - recall 0.0389 - f1 0.0748 
INFO:root:TRAIN measures@1000 for class 1 - precision 0.1440 - recall 0.1197 - f1 0.1307 
INFO:root:TRAIN Total epoch time: 1.8919532360014273
INFO:root:=> saved epoch checkpoint 'saved_models/EvolveGCN/uc_irv_mess-20250515_035255/epoch_21.pkl'
INFO:root:################ VALID epoch 20 ###################
INFO:root:VALID mean losses tensor(0.0113, device='cuda:0')
INFO:root:VALID mean errors 0.0004209415928926319
INFO:root:VALID mean MRR 0.056166648864746094 - mean MAP 0.009420429356396198
INFO:root:VALID tp {0: tensor(10813951, device='cuda:0'), 1: tensor(98, device='cuda:0')},fn {0: tensor(3588, device='cuda:0'), 1: tensor(966, device='cuda:0')},fp {0: tensor(966, device='cuda:0'), 1: tensor(3588, device='cuda:0')}
INFO:root:VALID measures microavg - precision 0.9996 - recall 0.9996 - f1 0.9996 
INFO:root:VALID measures for class 0 - precision 0.9999 - recall 0.9997 - f1 0.9998 
INFO:root:VALID measures for class 1 - precision 0.0266 - recall 0.0921 - f1 0.0413 
INFO:root:VALID measures@10 microavg - precision 0.5500 - recall 0.0000 - f1 0.0000 
INFO:root:VALID measures@10 for class 0 - precision 1.0000 - recall 0.0000 - f1 0.0000 
INFO:root:VALID measures@10 for class 1 - precision 0.1000 - recall 0.0028 - f1 0.0055 
INFO:root:VALID measures@100 microavg - precision 0.5283 - recall 0.0000 - f1 0.0001 
INFO:root:VALID measures@100 for class 0 - precision 1.0000 - recall 0.0000 - f1 0.0001 
INFO:root:VALID measures@100 for class 1 - precision 0.0567 - recall 0.0160 - f1 0.0249 
INFO:root:VALID measures@1000 microavg - precision 0.5351 - recall 0.0003 - f1 0.0006 
INFO:root:VALID measures@1000 for class 0 - precision 0.9990 - recall 0.0003 - f1 0.0006 
INFO:root:VALID measures@1000 for class 1 - precision 0.0328 - recall 0.0855 - f1 0.0475 
INFO:root:VALID Total epoch time: 7.243486674997257
INFO:root:################ TRAIN epoch 21 ###################
INFO:root:TRAIN mean losses tensor(0.0437, device='cuda:0')
INFO:root:TRAIN mean errors 0.03440790995955467
INFO:root:TRAIN mean MRR 0.0 - mean MAP 0.08076631277799606
INFO:root:TRAIN tp {0: tensor(224933, device='cuda:0'), 1: tensor(610, device='cuda:0')},fn {0: tensor(4067, device='cuda:0'), 1: tensor(3970, device='cuda:0')},fp {0: tensor(3970, device='cuda:0'), 1: tensor(4067, device='cuda:0')}
INFO:root:TRAIN measures microavg - precision 0.9656 - recall 0.9656 - f1 0.9656 
INFO:root:TRAIN measures for class 0 - precision 0.9827 - recall 0.9822 - f1 0.9824 
INFO:root:TRAIN measures for class 1 - precision 0.1304 - recall 0.1332 - f1 0.1318 
INFO:root:TRAIN measures@10 microavg - precision 0.6369 - recall 0.0005 - f1 0.0010 
INFO:root:TRAIN measures@10 for class 0 - precision 0.9889 - recall 0.0004 - f1 0.0008 
INFO:root:TRAIN measures@10 for class 1 - precision 0.2809 - recall 0.0055 - f1 0.0107 
INFO:root:TRAIN measures@100 microavg - precision 0.6226 - recall 0.0046 - f1 0.0090 
INFO:root:TRAIN measures@100 for class 0 - precision 0.9867 - recall 0.0039 - f1 0.0077 
INFO:root:TRAIN measures@100 for class 1 - precision 0.2176 - recall 0.0384 - f1 0.0653 
INFO:root:TRAIN measures@1000 microavg - precision 0.7495 - recall 0.0404 - f1 0.0767 
INFO:root:TRAIN measures@1000 for class 0 - precision 0.9896 - recall 0.0389 - f1 0.0748 
INFO:root:TRAIN measures@1000 for class 1 - precision 0.1488 - recall 0.1168 - f1 0.1309 
INFO:root:TRAIN Total epoch time: 1.8733876350015635
INFO:root:=> saved epoch checkpoint 'saved_models/EvolveGCN/uc_irv_mess-20250515_035255/epoch_22.pkl'
INFO:root:################ VALID epoch 21 ###################
INFO:root:VALID mean losses tensor(0.0112, device='cuda:0')
INFO:root:VALID mean errors 0.0004514446191024035
INFO:root:VALID mean MRR 0.058695971965789795 - mean MAP 0.010833931155502796
INFO:root:VALID tp {0: tensor(10813617, device='cuda:0'), 1: tensor(102, device='cuda:0')},fn {0: tensor(3922, device='cuda:0'), 1: tensor(962, device='cuda:0')},fp {0: tensor(962, device='cuda:0'), 1: tensor(3922, device='cuda:0')}
INFO:root:VALID measures microavg - precision 0.9995 - recall 0.9995 - f1 0.9995 
INFO:root:VALID measures for class 0 - precision 0.9999 - recall 0.9996 - f1 0.9998 
INFO:root:VALID measures for class 1 - precision 0.0253 - recall 0.0959 - f1 0.0401 
INFO:root:VALID measures@10 microavg - precision 0.5833 - recall 0.0000 - f1 0.0000 
INFO:root:VALID measures@10 for class 0 - precision 1.0000 - recall 0.0000 - f1 0.0000 
INFO:root:VALID measures@10 for class 1 - precision 0.1667 - recall 0.0047 - f1 0.0091 
INFO:root:VALID measures@100 microavg - precision 0.5317 - recall 0.0000 - f1 0.0001 
INFO:root:VALID measures@100 for class 0 - precision 1.0000 - recall 0.0000 - f1 0.0001 
INFO:root:VALID measures@100 for class 1 - precision 0.0633 - recall 0.0179 - f1 0.0279 
INFO:root:VALID measures@1000 microavg - precision 0.5307 - recall 0.0003 - f1 0.0006 
INFO:root:VALID measures@1000 for class 0 - precision 1.0000 - recall 0.0003 - f1 0.0006 
INFO:root:VALID measures@1000 for class 1 - precision 0.0319 - recall 0.0846 - f1 0.0463 
INFO:root:VALID Total epoch time: 7.396449916996062
INFO:root:################ TRAIN epoch 22 ###################
INFO:root:TRAIN mean losses tensor(0.0436, device='cuda:0')
INFO:root:TRAIN mean errors 0.03524702414870262
INFO:root:TRAIN mean MRR 0.0 - mean MAP 0.08514273911714554
INFO:root:TRAIN tp {0: tensor(224697, device='cuda:0'), 1: tensor(650, device='cuda:0')},fn {0: tensor(4303, device='cuda:0'), 1: tensor(3930, device='cuda:0')},fp {0: tensor(3930, device='cuda:0'), 1: tensor(4303, device='cuda:0')}
INFO:root:TRAIN measures microavg - precision 0.9648 - recall 0.9648 - f1 0.9648 
INFO:root:TRAIN measures for class 0 - precision 0.9828 - recall 0.9812 - f1 0.9820 
INFO:root:TRAIN measures for class 1 - precision 0.1312 - recall 0.1419 - f1 0.1364 
INFO:root:TRAIN measures@10 microavg - precision 0.6500 - recall 0.0005 - f1 0.0010 
INFO:root:TRAIN measures@10 for class 0 - precision 0.9889 - recall 0.0004 - f1 0.0008 
INFO:root:TRAIN measures@10 for class 1 - precision 0.3111 - recall 0.0061 - f1 0.0120 
INFO:root:TRAIN measures@100 microavg - precision 0.6246 - recall 0.0046 - f1 0.0091 
INFO:root:TRAIN measures@100 for class 0 - precision 0.9844 - recall 0.0039 - f1 0.0077 
INFO:root:TRAIN measures@100 for class 1 - precision 0.2247 - recall 0.0397 - f1 0.0675 
INFO:root:TRAIN measures@1000 microavg - precision 0.7371 - recall 0.0405 - f1 0.0768 
INFO:root:TRAIN measures@1000 for class 0 - precision 0.9878 - recall 0.0388 - f1 0.0747 
INFO:root:TRAIN measures@1000 for class 1 - precision 0.1501 - recall 0.1260 - f1 0.1370 
INFO:root:TRAIN Total epoch time: 1.7277232619962888
INFO:root:=> saved epoch checkpoint 'saved_models/EvolveGCN/uc_irv_mess-20250515_035255/epoch_23.pkl'
INFO:root:################ VALID epoch 22 ###################
INFO:root:VALID mean losses tensor(0.0109, device='cuda:0')
INFO:root:VALID mean errors 0.000441831536591053
INFO:root:VALID mean MRR 0.06548913568258286 - mean MAP 0.011089740321040154
INFO:root:VALID tp {0: tensor(10813726, device='cuda:0'), 1: tensor(97, device='cuda:0')},fn {0: tensor(3813, device='cuda:0'), 1: tensor(967, device='cuda:0')},fp {0: tensor(967, device='cuda:0'), 1: tensor(3813, device='cuda:0')}
INFO:root:VALID measures microavg - precision 0.9996 - recall 0.9996 - f1 0.9996 
INFO:root:VALID measures for class 0 - precision 0.9999 - recall 0.9996 - f1 0.9998 
INFO:root:VALID measures for class 1 - precision 0.0248 - recall 0.0912 - f1 0.0390 
INFO:root:VALID measures@10 microavg - precision 0.5833 - recall 0.0000 - f1 0.0000 
INFO:root:VALID measures@10 for class 0 - precision 1.0000 - recall 0.0000 - f1 0.0000 
INFO:root:VALID measures@10 for class 1 - precision 0.1667 - recall 0.0047 - f1 0.0091 
INFO:root:VALID measures@100 microavg - precision 0.5300 - recall 0.0000 - f1 0.0001 
INFO:root:VALID measures@100 for class 0 - precision 0.9967 - recall 0.0000 - f1 0.0001 
INFO:root:VALID measures@100 for class 1 - precision 0.0633 - recall 0.0179 - f1 0.0279 
INFO:root:VALID measures@1000 microavg - precision 0.5297 - recall 0.0003 - f1 0.0006 
INFO:root:VALID measures@1000 for class 0 - precision 0.9990 - recall 0.0003 - f1 0.0006 
INFO:root:VALID measures@1000 for class 1 - precision 0.0315 - recall 0.0836 - f1 0.0458 
INFO:root:VALID Total epoch time: 7.130499595994479
INFO:root:################ TRAIN epoch 23 ###################
INFO:root:TRAIN mean losses tensor(0.0437, device='cuda:0')
INFO:root:TRAIN mean errors 0.03388560563325882
INFO:root:TRAIN mean MRR 0.0 - mean MAP 0.0854460597038269
INFO:root:TRAIN tp {0: tensor(225062, device='cuda:0'), 1: tensor(603, device='cuda:0')},fn {0: tensor(3938, device='cuda:0'), 1: tensor(3977, device='cuda:0')},fp {0: tensor(3977, device='cuda:0'), 1: tensor(3938, device='cuda:0')}
INFO:root:TRAIN measures microavg - precision 0.9661 - recall 0.9661 - f1 0.9661 
INFO:root:TRAIN measures for class 0 - precision 0.9826 - recall 0.9828 - f1 0.9827 
INFO:root:TRAIN measures for class 1 - precision 0.1328 - recall 0.1317 - f1 0.1322 
INFO:root:TRAIN measures@10 microavg - precision 0.6500 - recall 0.0005 - f1 0.0010 
INFO:root:TRAIN measures@10 for class 0 - precision 0.9778 - recall 0.0004 - f1 0.0008 
INFO:root:TRAIN measures@10 for class 1 - precision 0.3222 - recall 0.0063 - f1 0.0124 
INFO:root:TRAIN measures@100 microavg - precision 0.6292 - recall 0.0046 - f1 0.0092 
INFO:root:TRAIN measures@100 for class 0 - precision 0.9867 - recall 0.0039 - f1 0.0077 
INFO:root:TRAIN measures@100 for class 1 - precision 0.2344 - recall 0.0417 - f1 0.0708 
INFO:root:TRAIN measures@1000 microavg - precision 0.7586 - recall 0.0403 - f1 0.0765 
INFO:root:TRAIN measures@1000 for class 0 - precision 0.9871 - recall 0.0388 - f1 0.0747 
INFO:root:TRAIN measures@1000 for class 1 - precision 0.1536 - recall 0.1140 - f1 0.1308 
INFO:root:TRAIN Total epoch time: 1.6460434740001801
INFO:root:=> saved epoch checkpoint 'saved_models/EvolveGCN/uc_irv_mess-20250515_035255/epoch_24.pkl'
INFO:root:################ VALID epoch 23 ###################
INFO:root:VALID mean losses tensor(0.0107, device='cuda:0')
INFO:root:VALID mean errors 0.00044007529504597187
INFO:root:VALID mean MRR 0.06810866296291351 - mean MAP 0.011399169452488422
INFO:root:VALID tp {0: tensor(10813747, device='cuda:0'), 1: tensor(95, device='cuda:0')},fn {0: tensor(3792, device='cuda:0'), 1: tensor(969, device='cuda:0')},fp {0: tensor(969, device='cuda:0'), 1: tensor(3792, device='cuda:0')}
INFO:root:VALID measures microavg - precision 0.9996 - recall 0.9996 - f1 0.9996 
INFO:root:VALID measures for class 0 - precision 0.9999 - recall 0.9996 - f1 0.9998 
INFO:root:VALID measures for class 1 - precision 0.0244 - recall 0.0893 - f1 0.0384 
INFO:root:VALID measures@10 microavg - precision 0.5833 - recall 0.0000 - f1 0.0000 
INFO:root:VALID measures@10 for class 0 - precision 1.0000 - recall 0.0000 - f1 0.0000 
INFO:root:VALID measures@10 for class 1 - precision 0.1667 - recall 0.0047 - f1 0.0091 
INFO:root:VALID measures@100 microavg - precision 0.5350 - recall 0.0000 - f1 0.0001 
INFO:root:VALID measures@100 for class 0 - precision 1.0000 - recall 0.0000 - f1 0.0001 
INFO:root:VALID measures@100 for class 1 - precision 0.0700 - recall 0.0197 - f1 0.0308 
INFO:root:VALID measures@1000 microavg - precision 0.5257 - recall 0.0003 - f1 0.0006 
INFO:root:VALID measures@1000 for class 0 - precision 0.9997 - recall 0.0003 - f1 0.0006 
INFO:root:VALID measures@1000 for class 1 - precision 0.0310 - recall 0.0836 - f1 0.0452 
INFO:root:VALID Total epoch time: 7.113405828000396
INFO:root:################ TRAIN epoch 24 ###################
INFO:root:TRAIN mean losses tensor(0.0436, device='cuda:0')
INFO:root:TRAIN mean errors 0.034446440637111664
INFO:root:TRAIN mean MRR 0.0 - mean MAP 0.09198221564292908
INFO:root:TRAIN tp {0: tensor(224891, device='cuda:0'), 1: tensor(643, device='cuda:0')},fn {0: tensor(4109, device='cuda:0'), 1: tensor(3937, device='cuda:0')},fp {0: tensor(3937, device='cuda:0'), 1: tensor(4109, device='cuda:0')}
INFO:root:TRAIN measures microavg - precision 0.9656 - recall 0.9656 - f1 0.9656 
INFO:root:TRAIN measures for class 0 - precision 0.9828 - recall 0.9821 - f1 0.9824 
INFO:root:TRAIN measures for class 1 - precision 0.1353 - recall 0.1404 - f1 0.1378 
INFO:root:TRAIN measures@10 microavg - precision 0.6778 - recall 0.0005 - f1 0.0010 
INFO:root:TRAIN measures@10 for class 0 - precision 1.0000 - recall 0.0004 - f1 0.0008 
INFO:root:TRAIN measures@10 for class 1 - precision 0.3556 - recall 0.0070 - f1 0.0137 
INFO:root:TRAIN measures@100 microavg - precision 0.6337 - recall 0.0047 - f1 0.0092 
INFO:root:TRAIN measures@100 for class 0 - precision 0.9900 - recall 0.0039 - f1 0.0078 
INFO:root:TRAIN measures@100 for class 1 - precision 0.2411 - recall 0.0430 - f1 0.0730 
INFO:root:TRAIN measures@1000 microavg - precision 0.7496 - recall 0.0405 - f1 0.0769 
INFO:root:TRAIN measures@1000 for class 0 - precision 0.9882 - recall 0.0388 - f1 0.0747 
INFO:root:TRAIN measures@1000 for class 1 - precision 0.1568 - recall 0.1240 - f1 0.1385 
INFO:root:TRAIN Total epoch time: 1.6959910450095776
INFO:root:=> saved epoch checkpoint 'saved_models/EvolveGCN/uc_irv_mess-20250515_035255/epoch_25.pkl'
INFO:root:################ VALID epoch 24 ###################
INFO:root:VALID mean losses tensor(0.0105, device='cuda:0')
INFO:root:VALID mean errors 0.0004579149535857141
INFO:root:VALID mean MRR 0.06834781169891357 - mean MAP 0.011040530167520046
INFO:root:VALID tp {0: tensor(10813554, device='cuda:0'), 1: tensor(95, device='cuda:0')},fn {0: tensor(3985, device='cuda:0'), 1: tensor(969, device='cuda:0')},fp {0: tensor(969, device='cuda:0'), 1: tensor(3985, device='cuda:0')}
INFO:root:VALID measures microavg - precision 0.9995 - recall 0.9995 - f1 0.9995 
INFO:root:VALID measures for class 0 - precision 0.9999 - recall 0.9996 - f1 0.9998 
INFO:root:VALID measures for class 1 - precision 0.0233 - recall 0.0893 - f1 0.0369 
INFO:root:VALID measures@10 microavg - precision 0.6000 - recall 0.0000 - f1 0.0000 
INFO:root:VALID measures@10 for class 0 - precision 1.0000 - recall 0.0000 - f1 0.0000 
INFO:root:VALID measures@10 for class 1 - precision 0.2000 - recall 0.0056 - f1 0.0110 
INFO:root:VALID measures@100 microavg - precision 0.5367 - recall 0.0000 - f1 0.0001 
INFO:root:VALID measures@100 for class 0 - precision 0.9967 - recall 0.0000 - f1 0.0001 
INFO:root:VALID measures@100 for class 1 - precision 0.0767 - recall 0.0216 - f1 0.0337 
INFO:root:VALID measures@1000 microavg - precision 0.5171 - recall 0.0003 - f1 0.0006 
INFO:root:VALID measures@1000 for class 0 - precision 0.9983 - recall 0.0003 - f1 0.0006 
INFO:root:VALID measures@1000 for class 1 - precision 0.0303 - recall 0.0846 - f1 0.0447 
INFO:root:VALID Total epoch time: 7.096113941996009
INFO:root:################ TRAIN epoch 25 ###################
INFO:root:TRAIN mean losses tensor(0.0436, device='cuda:0')
INFO:root:TRAIN mean errors 0.03377429395914078
INFO:root:TRAIN mean MRR 0.0 - mean MAP 0.09259850531816483
INFO:root:TRAIN tp {0: tensor(225074, device='cuda:0'), 1: tensor(617, device='cuda:0')},fn {0: tensor(3926, device='cuda:0'), 1: tensor(3963, device='cuda:0')},fp {0: tensor(3963, device='cuda:0'), 1: tensor(3926, device='cuda:0')}
INFO:root:TRAIN measures microavg - precision 0.9662 - recall 0.9662 - f1 0.9662 
INFO:root:TRAIN measures for class 0 - precision 0.9827 - recall 0.9829 - f1 0.9828 
INFO:root:TRAIN measures for class 1 - precision 0.1358 - recall 0.1347 - f1 0.1353 
INFO:root:TRAIN measures@10 microavg - precision 0.6722 - recall 0.0005 - f1 0.0010 
INFO:root:TRAIN measures@10 for class 0 - precision 0.9889 - recall 0.0004 - f1 0.0008 
INFO:root:TRAIN measures@10 for class 1 - precision 0.3556 - recall 0.0070 - f1 0.0137 
INFO:root:TRAIN measures@100 microavg - precision 0.6298 - recall 0.0047 - f1 0.0092 
INFO:root:TRAIN measures@100 for class 0 - precision 0.9900 - recall 0.0039 - f1 0.0078 
INFO:root:TRAIN measures@100 for class 1 - precision 0.2373 - recall 0.0428 - f1 0.0725 
INFO:root:TRAIN measures@1000 microavg - precision 0.7639 - recall 0.0403 - f1 0.0766 
INFO:root:TRAIN measures@1000 for class 0 - precision 0.9873 - recall 0.0388 - f1 0.0747 
INFO:root:TRAIN measures@1000 for class 1 - precision 0.1610 - recall 0.1172 - f1 0.1357 
INFO:root:TRAIN Total epoch time: 1.7005040179938078
INFO:root:=> saved epoch checkpoint 'saved_models/EvolveGCN/uc_irv_mess-20250515_035255/epoch_26.pkl'
INFO:root:################ VALID epoch 25 ###################
INFO:root:VALID mean losses tensor(0.0106, device='cuda:0')
INFO:root:VALID mean errors 0.0004526462289504707
INFO:root:VALID mean MRR 0.06927400082349777 - mean MAP 0.010319502092897892
INFO:root:VALID tp {0: tensor(10813611, device='cuda:0'), 1: tensor(95, device='cuda:0')},fn {0: tensor(3928, device='cuda:0'), 1: tensor(969, device='cuda:0')},fp {0: tensor(969, device='cuda:0'), 1: tensor(3928, device='cuda:0')}
INFO:root:VALID measures microavg - precision 0.9995 - recall 0.9995 - f1 0.9995 
INFO:root:VALID measures for class 0 - precision 0.9999 - recall 0.9996 - f1 0.9998 
INFO:root:VALID measures for class 1 - precision 0.0236 - recall 0.0893 - f1 0.0374 
INFO:root:VALID measures@10 microavg - precision 0.5667 - recall 0.0000 - f1 0.0000 
INFO:root:VALID measures@10 for class 0 - precision 0.9667 - recall 0.0000 - f1 0.0000 
INFO:root:VALID measures@10 for class 1 - precision 0.1667 - recall 0.0047 - f1 0.0091 
INFO:root:VALID measures@100 microavg - precision 0.5367 - recall 0.0000 - f1 0.0001 
INFO:root:VALID measures@100 for class 0 - precision 0.9933 - recall 0.0000 - f1 0.0001 
INFO:root:VALID measures@100 for class 1 - precision 0.0800 - recall 0.0226 - f1 0.0352 
INFO:root:VALID measures@1000 microavg - precision 0.5148 - recall 0.0003 - f1 0.0006 
INFO:root:VALID measures@1000 for class 0 - precision 0.9987 - recall 0.0003 - f1 0.0006 
INFO:root:VALID measures@1000 for class 1 - precision 0.0291 - recall 0.0818 - f1 0.0429 
INFO:root:VALID Total epoch time: 7.007663864002097
INFO:root:################ TRAIN epoch 26 ###################
INFO:root:TRAIN mean losses tensor(0.0436, device='cuda:0')
INFO:root:TRAIN mean errors 0.03393698111176491
INFO:root:TRAIN mean MRR 0.0 - mean MAP 0.09376191347837448
INFO:root:TRAIN tp {0: tensor(225029, device='cuda:0'), 1: tensor(624, device='cuda:0')},fn {0: tensor(3971, device='cuda:0'), 1: tensor(3956, device='cuda:0')},fp {0: tensor(3956, device='cuda:0'), 1: tensor(3971, device='cuda:0')}
INFO:root:TRAIN measures microavg - precision 0.9661 - recall 0.9661 - f1 0.9661 
INFO:root:TRAIN measures for class 0 - precision 0.9827 - recall 0.9827 - f1 0.9827 
INFO:root:TRAIN measures for class 1 - precision 0.1358 - recall 0.1362 - f1 0.1360 
INFO:root:TRAIN measures@10 microavg - precision 0.6611 - recall 0.0005 - f1 0.0010 
INFO:root:TRAIN measures@10 for class 0 - precision 0.9889 - recall 0.0004 - f1 0.0008 
INFO:root:TRAIN measures@10 for class 1 - precision 0.3333 - recall 0.0066 - f1 0.0128 
INFO:root:TRAIN measures@100 microavg - precision 0.6254 - recall 0.0046 - f1 0.0092 
INFO:root:TRAIN measures@100 for class 0 - precision 0.9833 - recall 0.0039 - f1 0.0077 
INFO:root:TRAIN measures@100 for class 1 - precision 0.2358 - recall 0.0426 - f1 0.0721 
INFO:root:TRAIN measures@1000 microavg - precision 0.7628 - recall 0.0404 - f1 0.0767 
INFO:root:TRAIN measures@1000 for class 0 - precision 0.9868 - recall 0.0388 - f1 0.0746 
INFO:root:TRAIN measures@1000 for class 1 - precision 0.1626 - recall 0.1192 - f1 0.1376 
INFO:root:TRAIN Total epoch time: 1.7004740080010379
INFO:root:=> saved epoch checkpoint 'saved_models/EvolveGCN/uc_irv_mess-20250515_035255/epoch_27.pkl'
INFO:root:################ VALID epoch 26 ###################
INFO:root:VALID mean losses tensor(0.0108, device='cuda:0')
INFO:root:VALID mean errors 0.00047307403292506933
INFO:root:VALID mean MRR 0.06908728182315826 - mean MAP 0.009557889774441719
INFO:root:VALID tp {0: tensor(10813387, device='cuda:0'), 1: tensor(98, device='cuda:0')},fn {0: tensor(4152, device='cuda:0'), 1: tensor(966, device='cuda:0')},fp {0: tensor(966, device='cuda:0'), 1: tensor(4152, device='cuda:0')}
INFO:root:VALID measures microavg - precision 0.9995 - recall 0.9995 - f1 0.9995 
INFO:root:VALID measures for class 0 - precision 0.9999 - recall 0.9996 - f1 0.9998 
INFO:root:VALID measures for class 1 - precision 0.0231 - recall 0.0921 - f1 0.0369 
INFO:root:VALID measures@10 microavg - precision 0.5833 - recall 0.0000 - f1 0.0000 
INFO:root:VALID measures@10 for class 0 - precision 1.0000 - recall 0.0000 - f1 0.0000 
INFO:root:VALID measures@10 for class 1 - precision 0.1667 - recall 0.0047 - f1 0.0091 
INFO:root:VALID measures@100 microavg - precision 0.5400 - recall 0.0000 - f1 0.0001 
INFO:root:VALID measures@100 for class 0 - precision 1.0000 - recall 0.0000 - f1 0.0001 
INFO:root:VALID measures@100 for class 1 - precision 0.0800 - recall 0.0226 - f1 0.0352 
INFO:root:VALID measures@1000 microavg - precision 0.5144 - recall 0.0003 - f1 0.0006 
INFO:root:VALID measures@1000 for class 0 - precision 0.9993 - recall 0.0003 - f1 0.0006 
INFO:root:VALID measures@1000 for class 1 - precision 0.0293 - recall 0.0827 - f1 0.0433 
INFO:root:VALID Total epoch time: 6.9879847100091865
INFO:root:################ TRAIN epoch 27 ###################
INFO:root:TRAIN mean losses tensor(0.0434, device='cuda:0')
INFO:root:TRAIN mean errors 0.034001197665929794
INFO:root:TRAIN mean MRR 0.0 - mean MAP 0.0985211431980133
INFO:root:TRAIN tp {0: tensor(224987, device='cuda:0'), 1: tensor(651, device='cuda:0')},fn {0: tensor(4013, device='cuda:0'), 1: tensor(3929, device='cuda:0')},fp {0: tensor(3929, device='cuda:0'), 1: tensor(4013, device='cuda:0')}
INFO:root:TRAIN measures microavg - precision 0.9660 - recall 0.9660 - f1 0.9660 
INFO:root:TRAIN measures for class 0 - precision 0.9828 - recall 0.9825 - f1 0.9827 
INFO:root:TRAIN measures for class 1 - precision 0.1396 - recall 0.1421 - f1 0.1408 
INFO:root:TRAIN measures@10 microavg - precision 0.6889 - recall 0.0005 - f1 0.0011 
INFO:root:TRAIN measures@10 for class 0 - precision 0.9889 - recall 0.0004 - f1 0.0008 
INFO:root:TRAIN measures@10 for class 1 - precision 0.3889 - recall 0.0076 - f1 0.0150 
INFO:root:TRAIN measures@100 microavg - precision 0.6392 - recall 0.0047 - f1 0.0094 
INFO:root:TRAIN measures@100 for class 0 - precision 0.9911 - recall 0.0039 - f1 0.0078 
INFO:root:TRAIN measures@100 for class 1 - precision 0.2599 - recall 0.0474 - f1 0.0801 
INFO:root:TRAIN measures@1000 microavg - precision 0.7611 - recall 0.0406 - f1 0.0770 
INFO:root:TRAIN measures@1000 for class 0 - precision 0.9901 - recall 0.0389 - f1 0.0749 
INFO:root:TRAIN measures@1000 for class 1 - precision 0.1640 - recall 0.1236 - f1 0.1409 
INFO:root:TRAIN Total epoch time: 1.8629760890034959
INFO:root:=> saved epoch checkpoint 'saved_models/EvolveGCN/uc_irv_mess-20250515_035255/epoch_28.pkl'
INFO:root:################ VALID epoch 27 ###################
INFO:root:VALID mean losses tensor(0.0110, device='cuda:0')
INFO:root:VALID mean errors 0.001159299397841096
INFO:root:VALID mean MRR 0.06886480748653412 - mean MAP 0.009265397675335407
INFO:root:VALID tp {0: tensor(10805938, device='cuda:0'), 1: tensor(123, device='cuda:0')},fn {0: tensor(11601, device='cuda:0'), 1: tensor(941, device='cuda:0')},fp {0: tensor(941, device='cuda:0'), 1: tensor(11601, device='cuda:0')}
INFO:root:VALID measures microavg - precision 0.9988 - recall 0.9988 - f1 0.9988 
INFO:root:VALID measures for class 0 - precision 0.9999 - recall 0.9989 - f1 0.9994 
INFO:root:VALID measures for class 1 - precision 0.0105 - recall 0.1156 - f1 0.0192 
INFO:root:VALID measures@10 microavg - precision 0.5833 - recall 0.0000 - f1 0.0000 
INFO:root:VALID measures@10 for class 0 - precision 1.0000 - recall 0.0000 - f1 0.0000 
INFO:root:VALID measures@10 for class 1 - precision 0.1667 - recall 0.0047 - f1 0.0091 
INFO:root:VALID measures@100 microavg - precision 0.5417 - recall 0.0000 - f1 0.0001 
INFO:root:VALID measures@100 for class 0 - precision 1.0000 - recall 0.0000 - f1 0.0001 
INFO:root:VALID measures@100 for class 1 - precision 0.0833 - recall 0.0235 - f1 0.0367 
INFO:root:VALID measures@1000 microavg - precision 0.5145 - recall 0.0003 - f1 0.0006 
INFO:root:VALID measures@1000 for class 0 - precision 0.9993 - recall 0.0003 - f1 0.0006 
INFO:root:VALID measures@1000 for class 1 - precision 0.0297 - recall 0.0836 - f1 0.0438 
INFO:root:VALID Total epoch time: 7.06294462599908
INFO:root:################ TRAIN epoch 28 ###################
INFO:root:TRAIN mean losses tensor(0.0434, device='cuda:0')
INFO:root:TRAIN mean errors 0.03493021801114082
INFO:root:TRAIN mean MRR 0.0 - mean MAP 0.10229680687189102
INFO:root:TRAIN tp {0: tensor(224681, device='cuda:0'), 1: tensor(740, device='cuda:0')},fn {0: tensor(4319, device='cuda:0'), 1: tensor(3840, device='cuda:0')},fp {0: tensor(3840, device='cuda:0'), 1: tensor(4319, device='cuda:0')}
INFO:root:TRAIN measures microavg - precision 0.9651 - recall 0.9651 - f1 0.9651 
INFO:root:TRAIN measures for class 0 - precision 0.9832 - recall 0.9811 - f1 0.9822 
INFO:root:TRAIN measures for class 1 - precision 0.1463 - recall 0.1616 - f1 0.1535 
INFO:root:TRAIN measures@10 microavg - precision 0.7167 - recall 0.0006 - f1 0.0011 
INFO:root:TRAIN measures@10 for class 0 - precision 1.0000 - recall 0.0004 - f1 0.0008 
INFO:root:TRAIN measures@10 for class 1 - precision 0.4333 - recall 0.0085 - f1 0.0167 
INFO:root:TRAIN measures@100 microavg - precision 0.6464 - recall 0.0050 - f1 0.0099 
INFO:root:TRAIN measures@100 for class 0 - precision 0.9933 - recall 0.0039 - f1 0.0078 
INFO:root:TRAIN measures@100 for class 1 - precision 0.2980 - recall 0.0583 - f1 0.0975 
INFO:root:TRAIN measures@1000 microavg - precision 0.7648 - recall 0.0409 - f1 0.0776 
INFO:root:TRAIN measures@1000 for class 0 - precision 0.9914 - recall 0.0390 - f1 0.0750 
INFO:root:TRAIN measures@1000 for class 1 - precision 0.1793 - recall 0.1365 - f1 0.1550 
INFO:root:TRAIN Total epoch time: 1.6771709890017519
INFO:root:=> saved epoch checkpoint 'saved_models/EvolveGCN/uc_irv_mess-20250515_035255/epoch_29.pkl'
INFO:root:################ VALID epoch 28 ###################
INFO:root:VALID mean losses tensor(0.0111, device='cuda:0')
INFO:root:VALID mean errors 0.0016120381187647581
INFO:root:VALID mean MRR 0.06884990632534027 - mean MAP 0.008121727034449577
INFO:root:VALID tp {0: tensor(10801046, device='cuda:0'), 1: tensor(117, device='cuda:0')},fn {0: tensor(16493, device='cuda:0'), 1: tensor(947, device='cuda:0')},fp {0: tensor(947, device='cuda:0'), 1: tensor(16493, device='cuda:0')}
INFO:root:VALID measures microavg - precision 0.9984 - recall 0.9984 - f1 0.9984 
INFO:root:VALID measures for class 0 - precision 0.9999 - recall 0.9985 - f1 0.9992 
INFO:root:VALID measures for class 1 - precision 0.0070 - recall 0.1100 - f1 0.0132 
INFO:root:VALID measures@10 microavg - precision 0.5833 - recall 0.0000 - f1 0.0000 
INFO:root:VALID measures@10 for class 0 - precision 1.0000 - recall 0.0000 - f1 0.0000 
INFO:root:VALID measures@10 for class 1 - precision 0.1667 - recall 0.0047 - f1 0.0091 
INFO:root:VALID measures@100 microavg - precision 0.5417 - recall 0.0000 - f1 0.0001 
INFO:root:VALID measures@100 for class 0 - precision 1.0000 - recall 0.0000 - f1 0.0001 
INFO:root:VALID measures@100 for class 1 - precision 0.0833 - recall 0.0235 - f1 0.0367 
INFO:root:VALID measures@1000 microavg - precision 0.5137 - recall 0.0003 - f1 0.0006 
INFO:root:VALID measures@1000 for class 0 - precision 1.0000 - recall 0.0003 - f1 0.0006 
INFO:root:VALID measures@1000 for class 1 - precision 0.0273 - recall 0.0771 - f1 0.0404 
INFO:root:VALID Total epoch time: 7.043124407995492
INFO:root:################ TRAIN epoch 29 ###################
INFO:root:TRAIN mean losses tensor(0.0432, device='cuda:0')
INFO:root:TRAIN mean errors 0.034018322825431824
INFO:root:TRAIN mean MRR 0.0 - mean MAP 0.10807210206985474
INFO:root:TRAIN tp {0: tensor(224871, device='cuda:0'), 1: tensor(763, device='cuda:0')},fn {0: tensor(4129, device='cuda:0'), 1: tensor(3817, device='cuda:0')},fp {0: tensor(3817, device='cuda:0'), 1: tensor(4129, device='cuda:0')}
INFO:root:TRAIN measures microavg - precision 0.9660 - recall 0.9660 - f1 0.9660 
INFO:root:TRAIN measures for class 0 - precision 0.9833 - recall 0.9820 - f1 0.9826 
INFO:root:TRAIN measures for class 1 - precision 0.1560 - recall 0.1666 - f1 0.1611 
INFO:root:TRAIN measures@10 microavg - precision 0.7222 - recall 0.0006 - f1 0.0011 
INFO:root:TRAIN measures@10 for class 0 - precision 0.9778 - recall 0.0004 - f1 0.0008 
INFO:root:TRAIN measures@10 for class 1 - precision 0.4667 - recall 0.0092 - f1 0.0180 
INFO:root:TRAIN measures@100 microavg - precision 0.6556 - recall 0.0051 - f1 0.0100 
INFO:root:TRAIN measures@100 for class 0 - precision 0.9956 - recall 0.0039 - f1 0.0078 
INFO:root:TRAIN measures@100 for class 1 - precision 0.3156 - recall 0.0620 - f1 0.1036 
INFO:root:TRAIN measures@1000 microavg - precision 0.7613 - recall 0.0411 - f1 0.0781 
INFO:root:TRAIN measures@1000 for class 0 - precision 0.9927 - recall 0.0390 - f1 0.0751 
INFO:root:TRAIN measures@1000 for class 1 - precision 0.1868 - recall 0.1478 - f1 0.1650 
INFO:root:TRAIN Total epoch time: 1.6550910850055516
INFO:root:=> saved epoch checkpoint 'saved_models/EvolveGCN/uc_irv_mess-20250515_035255/epoch_30.pkl'
INFO:root:################ VALID epoch 29 ###################
INFO:root:VALID mean losses tensor(0.0111, device='cuda:0')
INFO:root:VALID mean errors 0.002257962478324771
INFO:root:VALID mean MRR 0.06855843216180801 - mean MAP 0.008206658996641636
INFO:root:VALID tp {0: tensor(10794041, device='cuda:0'), 1: tensor(134, device='cuda:0')},fn {0: tensor(23498, device='cuda:0'), 1: tensor(930, device='cuda:0')},fp {0: tensor(930, device='cuda:0'), 1: tensor(23498, device='cuda:0')}
INFO:root:VALID measures microavg - precision 0.9977 - recall 0.9977 - f1 0.9977 
INFO:root:VALID measures for class 0 - precision 0.9999 - recall 0.9978 - f1 0.9989 
INFO:root:VALID measures for class 1 - precision 0.0057 - recall 0.1259 - f1 0.0109 
INFO:root:VALID measures@10 microavg - precision 0.5833 - recall 0.0000 - f1 0.0000 
INFO:root:VALID measures@10 for class 0 - precision 1.0000 - recall 0.0000 - f1 0.0000 
INFO:root:VALID measures@10 for class 1 - precision 0.1667 - recall 0.0047 - f1 0.0091 
INFO:root:VALID measures@100 microavg - precision 0.5417 - recall 0.0000 - f1 0.0001 
INFO:root:VALID measures@100 for class 0 - precision 1.0000 - recall 0.0000 - f1 0.0001 
INFO:root:VALID measures@100 for class 1 - precision 0.0833 - recall 0.0235 - f1 0.0367 
INFO:root:VALID measures@1000 microavg - precision 0.5115 - recall 0.0003 - f1 0.0006 
INFO:root:VALID measures@1000 for class 0 - precision 1.0000 - recall 0.0003 - f1 0.0006 
INFO:root:VALID measures@1000 for class 1 - precision 0.0230 - recall 0.0648 - f1 0.0340 
INFO:root:VALID Total epoch time: 7.084676074999152
INFO:root:################ TRAIN epoch 30 ###################
INFO:root:TRAIN mean losses tensor(0.0432, device='cuda:0')
INFO:root:TRAIN mean errors 0.03344464302062988
INFO:root:TRAIN mean MRR 0.0 - mean MAP 0.10846400260925293
INFO:root:TRAIN tp {0: tensor(225027, device='cuda:0'), 1: tensor(741, device='cuda:0')},fn {0: tensor(3973, device='cuda:0'), 1: tensor(3839, device='cuda:0')},fp {0: tensor(3839, device='cuda:0'), 1: tensor(3973, device='cuda:0')}
INFO:root:TRAIN measures microavg - precision 0.9666 - recall 0.9666 - f1 0.9666 
INFO:root:TRAIN measures for class 0 - precision 0.9832 - recall 0.9827 - f1 0.9829 
INFO:root:TRAIN measures for class 1 - precision 0.1572 - recall 0.1618 - f1 0.1595 
INFO:root:TRAIN measures@10 microavg - precision 0.6889 - recall 0.0005 - f1 0.0011 
INFO:root:TRAIN measures@10 for class 0 - precision 1.0000 - recall 0.0004 - f1 0.0008 
INFO:root:TRAIN measures@10 for class 1 - precision 0.3778 - recall 0.0074 - f1 0.0146 
INFO:root:TRAIN measures@100 microavg - precision 0.6583 - recall 0.0051 - f1 0.0101 
INFO:root:TRAIN measures@100 for class 0 - precision 0.9944 - recall 0.0039 - f1 0.0078 
INFO:root:TRAIN measures@100 for class 1 - precision 0.3222 - recall 0.0633 - f1 0.1058 
INFO:root:TRAIN measures@1000 microavg - precision 0.7699 - recall 0.0410 - f1 0.0779 
INFO:root:TRAIN measures@1000 for class 0 - precision 0.9928 - recall 0.0390 - f1 0.0751 
INFO:root:TRAIN measures@1000 for class 1 - precision 0.1889 - recall 0.1424 - f1 0.1624 
INFO:root:TRAIN Total epoch time: 1.6849902130052214
INFO:root:=> saved epoch checkpoint 'saved_models/EvolveGCN/uc_irv_mess-20250515_035255/epoch_31.pkl'
INFO:root:################ VALID epoch 30 ###################
INFO:root:VALID mean losses tensor(0.0112, device='cuda:0')
INFO:root:VALID mean errors 0.0022736762184649706
INFO:root:VALID mean MRR 0.07965850830078125 - mean MAP 0.010066290386021137
INFO:root:VALID tp {0: tensor(10793870, device='cuda:0'), 1: tensor(135, device='cuda:0')},fn {0: tensor(23669, device='cuda:0'), 1: tensor(929, device='cuda:0')},fp {0: tensor(929, device='cuda:0'), 1: tensor(23669, device='cuda:0')}
INFO:root:VALID measures microavg - precision 0.9977 - recall 0.9977 - f1 0.9977 
INFO:root:VALID measures for class 0 - precision 0.9999 - recall 0.9978 - f1 0.9989 
INFO:root:VALID measures for class 1 - precision 0.0057 - recall 0.1269 - f1 0.0109 
INFO:root:VALID measures@10 microavg - precision 0.6667 - recall 0.0000 - f1 0.0000 
INFO:root:VALID measures@10 for class 0 - precision 1.0000 - recall 0.0000 - f1 0.0000 
INFO:root:VALID measures@10 for class 1 - precision 0.3333 - recall 0.0094 - f1 0.0183 
INFO:root:VALID measures@100 microavg - precision 0.5433 - recall 0.0000 - f1 0.0001 
INFO:root:VALID measures@100 for class 0 - precision 1.0000 - recall 0.0000 - f1 0.0001 
INFO:root:VALID measures@100 for class 1 - precision 0.0867 - recall 0.0244 - f1 0.0381 
INFO:root:VALID measures@1000 microavg - precision 0.5103 - recall 0.0003 - f1 0.0006 
INFO:root:VALID measures@1000 for class 0 - precision 1.0000 - recall 0.0003 - f1 0.0006 
INFO:root:VALID measures@1000 for class 1 - precision 0.0207 - recall 0.0583 - f1 0.0305 
INFO:root:VALID Total epoch time: 7.094229559996165
INFO:root:################ TRAIN epoch 31 ###################
INFO:root:TRAIN mean losses tensor(0.0432, device='cuda:0')
INFO:root:TRAIN mean errors 0.034626252949237823
INFO:root:TRAIN mean MRR 0.0 - mean MAP 0.11088519543409348
INFO:root:TRAIN tp {0: tensor(224713, device='cuda:0'), 1: tensor(779, device='cuda:0')},fn {0: tensor(4287, device='cuda:0'), 1: tensor(3801, device='cuda:0')},fp {0: tensor(3801, device='cuda:0'), 1: tensor(4287, device='cuda:0')}
INFO:root:TRAIN measures microavg - precision 0.9654 - recall 0.9654 - f1 0.9654 
INFO:root:TRAIN measures for class 0 - precision 0.9834 - recall 0.9813 - f1 0.9823 
INFO:root:TRAIN measures for class 1 - precision 0.1538 - recall 0.1701 - f1 0.1615 
INFO:root:TRAIN measures@10 microavg - precision 0.7111 - recall 0.0005 - f1 0.0011 
INFO:root:TRAIN measures@10 for class 0 - precision 1.0000 - recall 0.0004 - f1 0.0008 
INFO:root:TRAIN measures@10 for class 1 - precision 0.4222 - recall 0.0083 - f1 0.0163 
INFO:root:TRAIN measures@100 microavg - precision 0.6628 - recall 0.0051 - f1 0.0101 
INFO:root:TRAIN measures@100 for class 0 - precision 0.9944 - recall 0.0039 - f1 0.0078 
INFO:root:TRAIN measures@100 for class 1 - precision 0.3311 - recall 0.0651 - f1 0.1088 
INFO:root:TRAIN measures@1000 microavg - precision 0.7662 - recall 0.0412 - f1 0.0781 
INFO:root:TRAIN measures@1000 for class 0 - precision 0.9929 - recall 0.0390 - f1 0.0751 
INFO:root:TRAIN measures@1000 for class 1 - precision 0.1909 - recall 0.1478 - f1 0.1666 
INFO:root:TRAIN Total epoch time: 1.6743857669935096
INFO:root:=> saved epoch checkpoint 'saved_models/EvolveGCN/uc_irv_mess-20250515_035255/epoch_32.pkl'
INFO:root:################ VALID epoch 31 ###################
INFO:root:VALID mean losses tensor(0.0117, device='cuda:0')
INFO:root:VALID mean errors 0.002237534848973155
INFO:root:VALID mean MRR 0.08045389503240585 - mean MAP 0.009774679318070412
INFO:root:VALID tp {0: tensor(10794265, device='cuda:0'), 1: tensor(131, device='cuda:0')},fn {0: tensor(23274, device='cuda:0'), 1: tensor(933, device='cuda:0')},fp {0: tensor(933, device='cuda:0'), 1: tensor(23274, device='cuda:0')}
INFO:root:VALID measures microavg - precision 0.9978 - recall 0.9978 - f1 0.9978 
INFO:root:VALID measures for class 0 - precision 0.9999 - recall 0.9978 - f1 0.9989 
INFO:root:VALID measures for class 1 - precision 0.0056 - recall 0.1231 - f1 0.0107 
INFO:root:VALID measures@10 microavg - precision 0.6167 - recall 0.0000 - f1 0.0000 
INFO:root:VALID measures@10 for class 0 - precision 1.0000 - recall 0.0000 - f1 0.0000 
INFO:root:VALID measures@10 for class 1 - precision 0.2333 - recall 0.0066 - f1 0.0128 
INFO:root:VALID measures@100 microavg - precision 0.5433 - recall 0.0000 - f1 0.0001 
INFO:root:VALID measures@100 for class 0 - precision 1.0000 - recall 0.0000 - f1 0.0001 
INFO:root:VALID measures@100 for class 1 - precision 0.0867 - recall 0.0244 - f1 0.0381 
INFO:root:VALID measures@1000 microavg - precision 0.5103 - recall 0.0003 - f1 0.0006 
INFO:root:VALID measures@1000 for class 0 - precision 1.0000 - recall 0.0003 - f1 0.0006 
INFO:root:VALID measures@1000 for class 1 - precision 0.0207 - recall 0.0583 - f1 0.0305 
INFO:root:VALID Total epoch time: 7.135203355996055
INFO:root:################ TRAIN epoch 32 ###################
INFO:root:TRAIN mean losses tensor(0.0431, device='cuda:0')
INFO:root:TRAIN mean errors 0.03362017124891281
INFO:root:TRAIN mean MRR 0.0 - mean MAP 0.11110267788171768
INFO:root:TRAIN tp {0: tensor(224973, device='cuda:0'), 1: tensor(754, device='cuda:0')},fn {0: tensor(4027, device='cuda:0'), 1: tensor(3826, device='cuda:0')},fp {0: tensor(3826, device='cuda:0'), 1: tensor(4027, device='cuda:0')}
INFO:root:TRAIN measures microavg - precision 0.9664 - recall 0.9664 - f1 0.9664 
INFO:root:TRAIN measures for class 0 - precision 0.9833 - recall 0.9824 - f1 0.9828 
INFO:root:TRAIN measures for class 1 - precision 0.1577 - recall 0.1646 - f1 0.1611 
INFO:root:TRAIN measures@10 microavg - precision 0.6722 - recall 0.0005 - f1 0.0010 
INFO:root:TRAIN measures@10 for class 0 - precision 1.0000 - recall 0.0004 - f1 0.0008 
INFO:root:TRAIN measures@10 for class 1 - precision 0.3444 - recall 0.0068 - f1 0.0133 
INFO:root:TRAIN measures@100 microavg - precision 0.6689 - recall 0.0052 - f1 0.0102 
INFO:root:TRAIN measures@100 for class 0 - precision 0.9978 - recall 0.0039 - f1 0.0078 
INFO:root:TRAIN measures@100 for class 1 - precision 0.3400 - recall 0.0668 - f1 0.1117 
INFO:root:TRAIN measures@1000 microavg - precision 0.7589 - recall 0.0412 - f1 0.0781 
INFO:root:TRAIN measures@1000 for class 0 - precision 0.9934 - recall 0.0390 - f1 0.0751 
INFO:root:TRAIN measures@1000 for class 1 - precision 0.1840 - recall 0.1476 - f1 0.1638 
INFO:root:TRAIN Total epoch time: 1.6643643050047103
INFO:root:=> saved epoch checkpoint 'saved_models/EvolveGCN/uc_irv_mess-20250515_035255/epoch_33.pkl'
INFO:root:################ VALID epoch 32 ###################
INFO:root:VALID mean losses tensor(0.0121, device='cuda:0')
INFO:root:VALID mean errors 0.0022422487381845713
INFO:root:VALID mean MRR 0.08060207962989807 - mean MAP 0.008353116922080517
INFO:root:VALID tp {0: tensor(10794216, device='cuda:0'), 1: tensor(129, device='cuda:0')},fn {0: tensor(23323, device='cuda:0'), 1: tensor(935, device='cuda:0')},fp {0: tensor(935, device='cuda:0'), 1: tensor(23323, device='cuda:0')}
INFO:root:VALID measures microavg - precision 0.9978 - recall 0.9978 - f1 0.9978 
INFO:root:VALID measures for class 0 - precision 0.9999 - recall 0.9978 - f1 0.9989 
INFO:root:VALID measures for class 1 - precision 0.0055 - recall 0.1212 - f1 0.0105 
INFO:root:VALID measures@10 microavg - precision 0.6000 - recall 0.0000 - f1 0.0000 
INFO:root:VALID measures@10 for class 0 - precision 1.0000 - recall 0.0000 - f1 0.0000 
INFO:root:VALID measures@10 for class 1 - precision 0.2000 - recall 0.0056 - f1 0.0110 
INFO:root:VALID measures@100 microavg - precision 0.5400 - recall 0.0000 - f1 0.0001 
INFO:root:VALID measures@100 for class 0 - precision 1.0000 - recall 0.0000 - f1 0.0001 
INFO:root:VALID measures@100 for class 1 - precision 0.0800 - recall 0.0226 - f1 0.0352 
INFO:root:VALID measures@1000 microavg - precision 0.5083 - recall 0.0003 - f1 0.0006 
INFO:root:VALID measures@1000 for class 0 - precision 1.0000 - recall 0.0003 - f1 0.0006 
INFO:root:VALID measures@1000 for class 1 - precision 0.0167 - recall 0.0470 - f1 0.0246 
INFO:root:VALID Total epoch time: 7.187957422996988
INFO:root:################ TRAIN epoch 33 ###################
INFO:root:TRAIN mean losses tensor(0.0431, device='cuda:0')
INFO:root:TRAIN mean errors 0.032233066856861115
INFO:root:TRAIN mean MRR 0.0 - mean MAP 0.11253011226654053
INFO:root:TRAIN tp {0: tensor(225307, device='cuda:0'), 1: tensor(744, device='cuda:0')},fn {0: tensor(3693, device='cuda:0'), 1: tensor(3836, device='cuda:0')},fp {0: tensor(3836, device='cuda:0'), 1: tensor(3693, device='cuda:0')}
INFO:root:TRAIN measures microavg - precision 0.9678 - recall 0.9678 - f1 0.9678 
INFO:root:TRAIN measures for class 0 - precision 0.9833 - recall 0.9839 - f1 0.9836 
INFO:root:TRAIN measures for class 1 - precision 0.1677 - recall 0.1624 - f1 0.1650 
INFO:root:TRAIN measures@10 microavg - precision 0.7111 - recall 0.0005 - f1 0.0011 
INFO:root:TRAIN measures@10 for class 0 - precision 1.0000 - recall 0.0004 - f1 0.0008 
INFO:root:TRAIN measures@10 for class 1 - precision 0.4222 - recall 0.0083 - f1 0.0163 
INFO:root:TRAIN measures@100 microavg - precision 0.6650 - recall 0.0051 - f1 0.0102 
INFO:root:TRAIN measures@100 for class 0 - precision 0.9944 - recall 0.0039 - f1 0.0078 
INFO:root:TRAIN measures@100 for class 1 - precision 0.3356 - recall 0.0659 - f1 0.1102 
INFO:root:TRAIN measures@1000 microavg - precision 0.7686 - recall 0.0412 - f1 0.0782 
INFO:root:TRAIN measures@1000 for class 0 - precision 0.9937 - recall 0.0391 - f1 0.0752 
INFO:root:TRAIN measures@1000 for class 1 - precision 0.1919 - recall 0.1472 - f1 0.1666 
INFO:root:TRAIN Total epoch time: 1.6904460990044754
INFO:root:=> saved epoch checkpoint 'saved_models/EvolveGCN/uc_irv_mess-20250515_035255/epoch_34.pkl'
INFO:root:################ VALID epoch 33 ###################
INFO:root:VALID mean losses tensor(0.0121, device='cuda:0')
INFO:root:VALID mean errors 0.002258794382214546
INFO:root:VALID mean MRR 0.08053088188171387 - mean MAP 0.00879089068621397
INFO:root:VALID tp {0: tensor(10794030, device='cuda:0'), 1: tensor(136, device='cuda:0')},fn {0: tensor(23509, device='cuda:0'), 1: tensor(928, device='cuda:0')},fp {0: tensor(928, device='cuda:0'), 1: tensor(23509, device='cuda:0')}
INFO:root:VALID measures microavg - precision 0.9977 - recall 0.9977 - f1 0.9977 
INFO:root:VALID measures for class 0 - precision 0.9999 - recall 0.9978 - f1 0.9989 
INFO:root:VALID measures for class 1 - precision 0.0058 - recall 0.1278 - f1 0.0110 
INFO:root:VALID measures@10 microavg - precision 0.6333 - recall 0.0000 - f1 0.0000 
INFO:root:VALID measures@10 for class 0 - precision 1.0000 - recall 0.0000 - f1 0.0000 
INFO:root:VALID measures@10 for class 1 - precision 0.2667 - recall 0.0075 - f1 0.0146 
INFO:root:VALID measures@100 microavg - precision 0.5400 - recall 0.0000 - f1 0.0001 
INFO:root:VALID measures@100 for class 0 - precision 1.0000 - recall 0.0000 - f1 0.0001 
INFO:root:VALID measures@100 for class 1 - precision 0.0800 - recall 0.0226 - f1 0.0352 
INFO:root:VALID measures@1000 microavg - precision 0.5085 - recall 0.0003 - f1 0.0006 
INFO:root:VALID measures@1000 for class 0 - precision 1.0000 - recall 0.0003 - f1 0.0006 
INFO:root:VALID measures@1000 for class 1 - precision 0.0170 - recall 0.0479 - f1 0.0251 
INFO:root:VALID Total epoch time: 7.144392955000512
INFO:root:################ TRAIN epoch 34 ###################
INFO:root:TRAIN mean losses tensor(0.0430, device='cuda:0')
INFO:root:TRAIN mean errors 0.03293518349528313
INFO:root:TRAIN mean MRR 0.0 - mean MAP 0.11508053541183472
INFO:root:TRAIN tp {0: tensor(225105, device='cuda:0'), 1: tensor(782, device='cuda:0')},fn {0: tensor(3895, device='cuda:0'), 1: tensor(3798, device='cuda:0')},fp {0: tensor(3798, device='cuda:0'), 1: tensor(3895, device='cuda:0')}
INFO:root:TRAIN measures microavg - precision 0.9671 - recall 0.9671 - f1 0.9671 
INFO:root:TRAIN measures for class 0 - precision 0.9834 - recall 0.9830 - f1 0.9832 
INFO:root:TRAIN measures for class 1 - precision 0.1672 - recall 0.1707 - f1 0.1690 
INFO:root:TRAIN measures@10 microavg - precision 0.7111 - recall 0.0005 - f1 0.0011 
INFO:root:TRAIN measures@10 for class 0 - precision 1.0000 - recall 0.0004 - f1 0.0008 
INFO:root:TRAIN measures@10 for class 1 - precision 0.4222 - recall 0.0083 - f1 0.0163 
INFO:root:TRAIN measures@100 microavg - precision 0.6722 - recall 0.0052 - f1 0.0103 
INFO:root:TRAIN measures@100 for class 0 - precision 0.9978 - recall 0.0039 - f1 0.0078 
INFO:root:TRAIN measures@100 for class 1 - precision 0.3467 - recall 0.0681 - f1 0.1139 
INFO:root:TRAIN measures@1000 microavg - precision 0.7669 - recall 0.0413 - f1 0.0784 
INFO:root:TRAIN measures@1000 for class 0 - precision 0.9941 - recall 0.0391 - f1 0.0752 
INFO:root:TRAIN measures@1000 for class 1 - precision 0.1958 - recall 0.1531 - f1 0.1718 
INFO:root:TRAIN Total epoch time: 1.6449884100002237
INFO:root:=> saved epoch checkpoint 'saved_models/EvolveGCN/uc_irv_mess-20250515_035255/epoch_35.pkl'
INFO:root:################ VALID epoch 34 ###################
INFO:root:VALID mean losses tensor(0.0124, device='cuda:0')
INFO:root:VALID mean errors 0.002267575589939952
INFO:root:VALID mean MRR 0.08086390793323517 - mean MAP 0.008913528174161911
INFO:root:VALID tp {0: tensor(10793932, device='cuda:0'), 1: tensor(139, device='cuda:0')},fn {0: tensor(23607, device='cuda:0'), 1: tensor(925, device='cuda:0')},fp {0: tensor(925, device='cuda:0'), 1: tensor(23607, device='cuda:0')}
INFO:root:VALID measures microavg - precision 0.9977 - recall 0.9977 - f1 0.9977 
INFO:root:VALID measures for class 0 - precision 0.9999 - recall 0.9978 - f1 0.9989 
INFO:root:VALID measures for class 1 - precision 0.0059 - recall 0.1306 - f1 0.0112 
INFO:root:VALID measures@10 microavg - precision 0.6000 - recall 0.0000 - f1 0.0000 
INFO:root:VALID measures@10 for class 0 - precision 1.0000 - recall 0.0000 - f1 0.0000 
INFO:root:VALID measures@10 for class 1 - precision 0.2000 - recall 0.0056 - f1 0.0110 
INFO:root:VALID measures@100 microavg - precision 0.5400 - recall 0.0000 - f1 0.0001 
INFO:root:VALID measures@100 for class 0 - precision 1.0000 - recall 0.0000 - f1 0.0001 
INFO:root:VALID measures@100 for class 1 - precision 0.0800 - recall 0.0226 - f1 0.0352 
INFO:root:VALID measures@1000 microavg - precision 0.5082 - recall 0.0003 - f1 0.0006 
INFO:root:VALID measures@1000 for class 0 - precision 1.0000 - recall 0.0003 - f1 0.0006 
INFO:root:VALID measures@1000 for class 1 - precision 0.0163 - recall 0.0461 - f1 0.0241 
INFO:root:VALID Total epoch time: 7.102564041997539
INFO:root:################ TRAIN epoch 35 ###################
INFO:root:TRAIN mean losses tensor(0.0430, device='cuda:0')
INFO:root:TRAIN mean errors 0.03210034966468811
INFO:root:TRAIN mean MRR 0.0 - mean MAP 0.1156662330031395
INFO:root:TRAIN tp {0: tensor(225316, device='cuda:0'), 1: tensor(766, device='cuda:0')},fn {0: tensor(3684, device='cuda:0'), 1: tensor(3814, device='cuda:0')},fp {0: tensor(3814, device='cuda:0'), 1: tensor(3684, device='cuda:0')}
INFO:root:TRAIN measures microavg - precision 0.9679 - recall 0.9679 - f1 0.9679 
INFO:root:TRAIN measures for class 0 - precision 0.9834 - recall 0.9839 - f1 0.9836 
INFO:root:TRAIN measures for class 1 - precision 0.1721 - recall 0.1672 - f1 0.1697 
INFO:root:TRAIN measures@10 microavg - precision 0.7111 - recall 0.0005 - f1 0.0011 
INFO:root:TRAIN measures@10 for class 0 - precision 1.0000 - recall 0.0004 - f1 0.0008 
INFO:root:TRAIN measures@10 for class 1 - precision 0.4222 - recall 0.0083 - f1 0.0163 
INFO:root:TRAIN measures@100 microavg - precision 0.6706 - recall 0.0052 - f1 0.0103 
INFO:root:TRAIN measures@100 for class 0 - precision 0.9956 - recall 0.0039 - f1 0.0078 
INFO:root:TRAIN measures@100 for class 1 - precision 0.3456 - recall 0.0679 - f1 0.1135 
INFO:root:TRAIN measures@1000 microavg - precision 0.7718 - recall 0.0412 - f1 0.0783 
INFO:root:TRAIN measures@1000 for class 0 - precision 0.9928 - recall 0.0390 - f1 0.0751 
INFO:root:TRAIN measures@1000 for class 1 - precision 0.1995 - recall 0.1513 - f1 0.1721 
INFO:root:TRAIN Total epoch time: 1.7109995479986537
INFO:root:=> saved epoch checkpoint 'saved_models/EvolveGCN/uc_irv_mess-20250515_035255/epoch_36.pkl'
INFO:root:################ VALID epoch 35 ###################
INFO:root:VALID mean losses tensor(0.0124, device='cuda:0')
INFO:root:VALID mean errors 0.0022334677632898092
INFO:root:VALID mean MRR 0.08124309033155441 - mean MAP 0.007741332054138184
INFO:root:VALID tp {0: tensor(10794304, device='cuda:0'), 1: tensor(136, device='cuda:0')},fn {0: tensor(23235, device='cuda:0'), 1: tensor(928, device='cuda:0')},fp {0: tensor(928, device='cuda:0'), 1: tensor(23235, device='cuda:0')}
INFO:root:VALID measures microavg - precision 0.9978 - recall 0.9978 - f1 0.9978 
INFO:root:VALID measures for class 0 - precision 0.9999 - recall 0.9979 - f1 0.9989 
INFO:root:VALID measures for class 1 - precision 0.0058 - recall 0.1278 - f1 0.0111 
INFO:root:VALID measures@10 microavg - precision 0.5833 - recall 0.0000 - f1 0.0000 
INFO:root:VALID measures@10 for class 0 - precision 1.0000 - recall 0.0000 - f1 0.0000 
INFO:root:VALID measures@10 for class 1 - precision 0.1667 - recall 0.0047 - f1 0.0091 
INFO:root:VALID measures@100 microavg - precision 0.5400 - recall 0.0000 - f1 0.0001 
INFO:root:VALID measures@100 for class 0 - precision 1.0000 - recall 0.0000 - f1 0.0001 
INFO:root:VALID measures@100 for class 1 - precision 0.0800 - recall 0.0226 - f1 0.0352 
INFO:root:VALID measures@1000 microavg - precision 0.5065 - recall 0.0003 - f1 0.0006 
INFO:root:VALID measures@1000 for class 0 - precision 1.0000 - recall 0.0003 - f1 0.0006 
INFO:root:VALID measures@1000 for class 1 - precision 0.0130 - recall 0.0367 - f1 0.0192 
INFO:root:VALID Total epoch time: 7.105884528005845
INFO:root:################ TRAIN epoch 36 ###################
INFO:root:TRAIN mean losses tensor(0.0429, device='cuda:0')
INFO:root:TRAIN mean errors 0.032108914107084274
INFO:root:TRAIN mean MRR 0.0 - mean MAP 0.11866290122270584
INFO:root:TRAIN tp {0: tensor(225300, device='cuda:0'), 1: tensor(780, device='cuda:0')},fn {0: tensor(3700, device='cuda:0'), 1: tensor(3800, device='cuda:0')},fp {0: tensor(3800, device='cuda:0'), 1: tensor(3700, device='cuda:0')}
INFO:root:TRAIN measures microavg - precision 0.9679 - recall 0.9679 - f1 0.9679 
INFO:root:TRAIN measures for class 0 - precision 0.9834 - recall 0.9838 - f1 0.9836 
INFO:root:TRAIN measures for class 1 - precision 0.1741 - recall 0.1703 - f1 0.1722 
INFO:root:TRAIN measures@10 microavg - precision 0.7389 - recall 0.0006 - f1 0.0011 
INFO:root:TRAIN measures@10 for class 0 - precision 1.0000 - recall 0.0004 - f1 0.0008 
INFO:root:TRAIN measures@10 for class 1 - precision 0.4778 - recall 0.0094 - f1 0.0184 
INFO:root:TRAIN measures@100 microavg - precision 0.6778 - recall 0.0052 - f1 0.0104 
INFO:root:TRAIN measures@100 for class 0 - precision 0.9944 - recall 0.0039 - f1 0.0078 
INFO:root:TRAIN measures@100 for class 1 - precision 0.3611 - recall 0.0710 - f1 0.1186 
INFO:root:TRAIN measures@1000 microavg - precision 0.7660 - recall 0.0413 - f1 0.0783 
INFO:root:TRAIN measures@1000 for class 0 - precision 0.9927 - recall 0.0390 - f1 0.0751 
INFO:root:TRAIN measures@1000 for class 1 - precision 0.1967 - recall 0.1539 - f1 0.1727 
INFO:root:TRAIN Total epoch time: 1.6802452219999395
INFO:root:=> saved epoch checkpoint 'saved_models/EvolveGCN/uc_irv_mess-20250515_035255/epoch_37.pkl'
INFO:root:################ VALID epoch 36 ###################
INFO:root:VALID mean losses tensor(0.0121, device='cuda:0')
INFO:root:VALID mean errors 0.0023133300710469484
INFO:root:VALID mean MRR 0.08258851617574692 - mean MAP 0.007759877014905214
INFO:root:VALID tp {0: tensor(10793438, device='cuda:0'), 1: tensor(138, device='cuda:0')},fn {0: tensor(24101, device='cuda:0'), 1: tensor(926, device='cuda:0')},fp {0: tensor(926, device='cuda:0'), 1: tensor(24101, device='cuda:0')}
INFO:root:VALID measures microavg - precision 0.9977 - recall 0.9977 - f1 0.9977 
INFO:root:VALID measures for class 0 - precision 0.9999 - recall 0.9978 - f1 0.9988 
INFO:root:VALID measures for class 1 - precision 0.0057 - recall 0.1297 - f1 0.0109 
INFO:root:VALID measures@10 microavg - precision 0.6000 - recall 0.0000 - f1 0.0000 
INFO:root:VALID measures@10 for class 0 - precision 1.0000 - recall 0.0000 - f1 0.0000 
INFO:root:VALID measures@10 for class 1 - precision 0.2000 - recall 0.0056 - f1 0.0110 
INFO:root:VALID measures@100 microavg - precision 0.5400 - recall 0.0000 - f1 0.0001 
INFO:root:VALID measures@100 for class 0 - precision 1.0000 - recall 0.0000 - f1 0.0001 
INFO:root:VALID measures@100 for class 1 - precision 0.0800 - recall 0.0226 - f1 0.0352 
INFO:root:VALID measures@1000 microavg - precision 0.5067 - recall 0.0003 - f1 0.0006 
INFO:root:VALID measures@1000 for class 0 - precision 0.9997 - recall 0.0003 - f1 0.0006 
INFO:root:VALID measures@1000 for class 1 - precision 0.0137 - recall 0.0385 - f1 0.0202 
INFO:root:VALID Total epoch time: 7.077246146000107
INFO:root:################ TRAIN epoch 37 ###################
INFO:root:TRAIN mean losses tensor(0.0428, device='cuda:0')
INFO:root:TRAIN mean errors 0.031428202986717224
INFO:root:TRAIN mean MRR 0.0 - mean MAP 0.11870291829109192
INFO:root:TRAIN tp {0: tensor(225466, device='cuda:0'), 1: tensor(773, device='cuda:0')},fn {0: tensor(3534, device='cuda:0'), 1: tensor(3807, device='cuda:0')},fp {0: tensor(3807, device='cuda:0'), 1: tensor(3534, device='cuda:0')}
INFO:root:TRAIN measures microavg - precision 0.9686 - recall 0.9686 - f1 0.9686 
INFO:root:TRAIN measures for class 0 - precision 0.9834 - recall 0.9846 - f1 0.9840 
INFO:root:TRAIN measures for class 1 - precision 0.1795 - recall 0.1688 - f1 0.1740 
INFO:root:TRAIN measures@10 microavg - precision 0.7167 - recall 0.0006 - f1 0.0011 
INFO:root:TRAIN measures@10 for class 0 - precision 0.9889 - recall 0.0004 - f1 0.0008 
INFO:root:TRAIN measures@10 for class 1 - precision 0.4444 - recall 0.0087 - f1 0.0171 
INFO:root:TRAIN measures@100 microavg - precision 0.6783 - recall 0.0052 - f1 0.0104 
INFO:root:TRAIN measures@100 for class 0 - precision 0.9911 - recall 0.0039 - f1 0.0078 
INFO:root:TRAIN measures@100 for class 1 - precision 0.3656 - recall 0.0718 - f1 0.1201 
INFO:root:TRAIN measures@1000 microavg - precision 0.7710 - recall 0.0413 - f1 0.0784 
INFO:root:TRAIN measures@1000 for class 0 - precision 0.9926 - recall 0.0390 - f1 0.0751 
INFO:root:TRAIN measures@1000 for class 1 - precision 0.2022 - recall 0.1548 - f1 0.1754 
INFO:root:TRAIN Total epoch time: 1.6963684469956206
INFO:root:=> saved epoch checkpoint 'saved_models/EvolveGCN/uc_irv_mess-20250515_035255/epoch_38.pkl'
INFO:root:################ VALID epoch 37 ###################
INFO:root:VALID mean losses tensor(0.0122, device='cuda:0')
INFO:root:VALID mean errors 0.002280701184645295
INFO:root:VALID mean MRR 0.08324149996042252 - mean MAP 0.007297103758901358
INFO:root:VALID tp {0: tensor(10793792, device='cuda:0'), 1: tensor(137, device='cuda:0')},fn {0: tensor(23747, device='cuda:0'), 1: tensor(927, device='cuda:0')},fp {0: tensor(927, device='cuda:0'), 1: tensor(23747, device='cuda:0')}
INFO:root:VALID measures microavg - precision 0.9977 - recall 0.9977 - f1 0.9977 
INFO:root:VALID measures for class 0 - precision 0.9999 - recall 0.9978 - f1 0.9989 
INFO:root:VALID measures for class 1 - precision 0.0057 - recall 0.1288 - f1 0.0110 
INFO:root:VALID measures@10 microavg - precision 0.5667 - recall 0.0000 - f1 0.0000 
INFO:root:VALID measures@10 for class 0 - precision 1.0000 - recall 0.0000 - f1 0.0000 
INFO:root:VALID measures@10 for class 1 - precision 0.1333 - recall 0.0038 - f1 0.0073 
INFO:root:VALID measures@100 microavg - precision 0.5383 - recall 0.0000 - f1 0.0001 
INFO:root:VALID measures@100 for class 0 - precision 1.0000 - recall 0.0000 - f1 0.0001 
INFO:root:VALID measures@100 for class 1 - precision 0.0767 - recall 0.0216 - f1 0.0337 
INFO:root:VALID measures@1000 microavg - precision 0.5068 - recall 0.0003 - f1 0.0006 
INFO:root:VALID measures@1000 for class 0 - precision 1.0000 - recall 0.0003 - f1 0.0006 
INFO:root:VALID measures@1000 for class 1 - precision 0.0137 - recall 0.0385 - f1 0.0202 
INFO:root:VALID Total epoch time: 7.083028395005385
INFO:root:################ TRAIN epoch 38 ###################
INFO:root:TRAIN mean losses tensor(0.0427, device='cuda:0')
INFO:root:TRAIN mean errors 0.030649028718471527
INFO:root:TRAIN mean MRR 0.0 - mean MAP 0.11983287334442139
INFO:root:TRAIN tp {0: tensor(225678, device='cuda:0'), 1: tensor(743, device='cuda:0')},fn {0: tensor(3322, device='cuda:0'), 1: tensor(3837, device='cuda:0')},fp {0: tensor(3837, device='cuda:0'), 1: tensor(3322, device='cuda:0')}
INFO:root:TRAIN measures microavg - precision 0.9694 - recall 0.9694 - f1 0.9694 
INFO:root:TRAIN measures for class 0 - precision 0.9833 - recall 0.9855 - f1 0.9844 
INFO:root:TRAIN measures for class 1 - precision 0.1828 - recall 0.1622 - f1 0.1719 
INFO:root:TRAIN measures@10 microavg - precision 0.7167 - recall 0.0006 - f1 0.0011 
INFO:root:TRAIN measures@10 for class 0 - precision 0.9778 - recall 0.0004 - f1 0.0008 
INFO:root:TRAIN measures@10 for class 1 - precision 0.4556 - recall 0.0090 - f1 0.0176 
INFO:root:TRAIN measures@100 microavg - precision 0.6717 - recall 0.0052 - f1 0.0103 
INFO:root:TRAIN measures@100 for class 0 - precision 0.9867 - recall 0.0039 - f1 0.0077 
INFO:root:TRAIN measures@100 for class 1 - precision 0.3567 - recall 0.0701 - f1 0.1172 
INFO:root:TRAIN measures@1000 microavg - precision 0.7760 - recall 0.0412 - f1 0.0782 
INFO:root:TRAIN measures@1000 for class 0 - precision 0.9927 - recall 0.0390 - f1 0.0751 
INFO:root:TRAIN measures@1000 for class 1 - precision 0.2017 - recall 0.1496 - f1 0.1718 
INFO:root:TRAIN Total epoch time: 1.671290672995383
INFO:root:=> saved epoch checkpoint 'saved_models/EvolveGCN/uc_irv_mess-20250515_035255/epoch_39.pkl'
INFO:root:################ VALID epoch 38 ###################
INFO:root:VALID mean losses tensor(0.0117, device='cuda:0')
INFO:root:VALID mean errors 0.0020544242579489946
INFO:root:VALID mean MRR 0.08459631353616714 - mean MAP 0.007342799101024866
INFO:root:VALID tp {0: tensor(10796235, device='cuda:0'), 1: tensor(142, device='cuda:0')},fn {0: tensor(21304, device='cuda:0'), 1: tensor(922, device='cuda:0')},fp {0: tensor(922, device='cuda:0'), 1: tensor(21304, device='cuda:0')}
INFO:root:VALID measures microavg - precision 0.9979 - recall 0.9979 - f1 0.9979 
INFO:root:VALID measures for class 0 - precision 0.9999 - recall 0.9980 - f1 0.9990 
INFO:root:VALID measures for class 1 - precision 0.0066 - recall 0.1335 - f1 0.0126 
INFO:root:VALID measures@10 microavg - precision 0.5833 - recall 0.0000 - f1 0.0000 
INFO:root:VALID measures@10 for class 0 - precision 1.0000 - recall 0.0000 - f1 0.0000 
INFO:root:VALID measures@10 for class 1 - precision 0.1667 - recall 0.0047 - f1 0.0091 
INFO:root:VALID measures@100 microavg - precision 0.5367 - recall 0.0000 - f1 0.0001 
INFO:root:VALID measures@100 for class 0 - precision 1.0000 - recall 0.0000 - f1 0.0001 
INFO:root:VALID measures@100 for class 1 - precision 0.0733 - recall 0.0207 - f1 0.0323 
INFO:root:VALID measures@1000 microavg - precision 0.5062 - recall 0.0003 - f1 0.0006 
INFO:root:VALID measures@1000 for class 0 - precision 0.9997 - recall 0.0003 - f1 0.0006 
INFO:root:VALID measures@1000 for class 1 - precision 0.0127 - recall 0.0357 - f1 0.0187 
INFO:root:VALID Total epoch time: 7.181758296996122
INFO:root:################ TRAIN epoch 39 ###################
INFO:root:TRAIN mean losses tensor(0.0427, device='cuda:0')
INFO:root:TRAIN mean errors 0.03133830055594444
INFO:root:TRAIN mean MRR 0.0 - mean MAP 0.12503929436206818
INFO:root:TRAIN tp {0: tensor(225474, device='cuda:0'), 1: tensor(786, device='cuda:0')},fn {0: tensor(3526, device='cuda:0'), 1: tensor(3794, device='cuda:0')},fp {0: tensor(3794, device='cuda:0'), 1: tensor(3526, device='cuda:0')}
INFO:root:TRAIN measures microavg - precision 0.9687 - recall 0.9687 - f1 0.9687 
INFO:root:TRAIN measures for class 0 - precision 0.9835 - recall 0.9846 - f1 0.9840 
INFO:root:TRAIN measures for class 1 - precision 0.1823 - recall 0.1716 - f1 0.1768 
INFO:root:TRAIN measures@10 microavg - precision 0.7556 - recall 0.0006 - f1 0.0012 
INFO:root:TRAIN measures@10 for class 0 - precision 1.0000 - recall 0.0004 - f1 0.0008 
INFO:root:TRAIN measures@10 for class 1 - precision 0.5111 - recall 0.0100 - f1 0.0197 
INFO:root:TRAIN measures@100 microavg - precision 0.6783 - recall 0.0052 - f1 0.0104 
INFO:root:TRAIN measures@100 for class 0 - precision 0.9956 - recall 0.0039 - f1 0.0078 
INFO:root:TRAIN measures@100 for class 1 - precision 0.3611 - recall 0.0710 - f1 0.1186 
INFO:root:TRAIN measures@1000 microavg - precision 0.7703 - recall 0.0414 - f1 0.0785 
INFO:root:TRAIN measures@1000 for class 0 - precision 0.9937 - recall 0.0391 - f1 0.0752 
INFO:root:TRAIN measures@1000 for class 1 - precision 0.2023 - recall 0.1563 - f1 0.1764 
INFO:root:TRAIN Total epoch time: 1.7482899540045764
INFO:root:=> saved epoch checkpoint 'saved_models/EvolveGCN/uc_irv_mess-20250515_035255/epoch_40.pkl'
INFO:root:################ VALID epoch 39 ###################
INFO:root:VALID mean losses tensor(0.0113, device='cuda:0')
INFO:root:VALID mean errors 0.002047676593065262
INFO:root:VALID mean MRR 0.08403186500072479 - mean MAP 0.006707564927637577
INFO:root:VALID tp {0: tensor(10796307, device='cuda:0'), 1: tensor(143, device='cuda:0')},fn {0: tensor(21232, device='cuda:0'), 1: tensor(921, device='cuda:0')},fp {0: tensor(921, device='cuda:0'), 1: tensor(21232, device='cuda:0')}
INFO:root:VALID measures microavg - precision 0.9980 - recall 0.9980 - f1 0.9980 
INFO:root:VALID measures for class 0 - precision 0.9999 - recall 0.9980 - f1 0.9990 
INFO:root:VALID measures for class 1 - precision 0.0067 - recall 0.1344 - f1 0.0127 
INFO:root:VALID measures@10 microavg - precision 0.5833 - recall 0.0000 - f1 0.0000 
INFO:root:VALID measures@10 for class 0 - precision 1.0000 - recall 0.0000 - f1 0.0000 
INFO:root:VALID measures@10 for class 1 - precision 0.1667 - recall 0.0047 - f1 0.0091 
INFO:root:VALID measures@100 microavg - precision 0.5350 - recall 0.0000 - f1 0.0001 
INFO:root:VALID measures@100 for class 0 - precision 1.0000 - recall 0.0000 - f1 0.0001 
INFO:root:VALID measures@100 for class 1 - precision 0.0700 - recall 0.0197 - f1 0.0308 
INFO:root:VALID measures@1000 microavg - precision 0.5060 - recall 0.0003 - f1 0.0006 
INFO:root:VALID measures@1000 for class 0 - precision 1.0000 - recall 0.0003 - f1 0.0006 
INFO:root:VALID measures@1000 for class 1 - precision 0.0120 - recall 0.0338 - f1 0.0177 
INFO:root:VALID Total epoch time: 7.084285946999444
INFO:root:################ TRAIN epoch 40 ###################
INFO:root:TRAIN mean losses tensor(0.0427, device='cuda:0')
INFO:root:TRAIN mean errors 0.03072609007358551
INFO:root:TRAIN mean MRR 0.0 - mean MAP 0.12499843537807465
INFO:root:TRAIN tp {0: tensor(225642, device='cuda:0'), 1: tensor(761, device='cuda:0')},fn {0: tensor(3358, device='cuda:0'), 1: tensor(3819, device='cuda:0')},fp {0: tensor(3819, device='cuda:0'), 1: tensor(3358, device='cuda:0')}
INFO:root:TRAIN measures microavg - precision 0.9693 - recall 0.9693 - f1 0.9693 
INFO:root:TRAIN measures for class 0 - precision 0.9834 - recall 0.9853 - f1 0.9843 
INFO:root:TRAIN measures for class 1 - precision 0.1848 - recall 0.1662 - f1 0.1750 
INFO:root:TRAIN measures@10 microavg - precision 0.7722 - recall 0.0006 - f1 0.0012 
INFO:root:TRAIN measures@10 for class 0 - precision 0.9889 - recall 0.0004 - f1 0.0008 
INFO:root:TRAIN measures@10 for class 1 - precision 0.5556 - recall 0.0109 - f1 0.0214 
INFO:root:TRAIN measures@100 microavg - precision 0.6856 - recall 0.0053 - f1 0.0105 
INFO:root:TRAIN measures@100 for class 0 - precision 0.9933 - recall 0.0039 - f1 0.0078 
INFO:root:TRAIN measures@100 for class 1 - precision 0.3778 - recall 0.0742 - f1 0.1241 
INFO:root:TRAIN measures@1000 microavg - precision 0.7745 - recall 0.0413 - f1 0.0784 
INFO:root:TRAIN measures@1000 for class 0 - precision 0.9939 - recall 0.0391 - f1 0.0752 
INFO:root:TRAIN measures@1000 for class 1 - precision 0.2027 - recall 0.1528 - f1 0.1743 
INFO:root:TRAIN Total epoch time: 1.6995380239968654
INFO:root:=> saved epoch checkpoint 'saved_models/EvolveGCN/uc_irv_mess-20250515_035255/epoch_41.pkl'
INFO:root:################ VALID epoch 40 ###################
INFO:root:VALID mean losses tensor(0.0117, device='cuda:0')
INFO:root:VALID mean errors 0.002209619851782918
INFO:root:VALID mean MRR 0.08488408476114273 - mean MAP 0.006138386204838753
INFO:root:VALID tp {0: tensor(10794554, device='cuda:0'), 1: tensor(144, device='cuda:0')},fn {0: tensor(22985, device='cuda:0'), 1: tensor(920, device='cuda:0')},fp {0: tensor(920, device='cuda:0'), 1: tensor(22985, device='cuda:0')}
INFO:root:VALID measures microavg - precision 0.9978 - recall 0.9978 - f1 0.9978 
INFO:root:VALID measures for class 0 - precision 0.9999 - recall 0.9979 - f1 0.9989 
INFO:root:VALID measures for class 1 - precision 0.0062 - recall 0.1353 - f1 0.0119 
INFO:root:VALID measures@10 microavg - precision 0.5667 - recall 0.0000 - f1 0.0000 
INFO:root:VALID measures@10 for class 0 - precision 1.0000 - recall 0.0000 - f1 0.0000 
INFO:root:VALID measures@10 for class 1 - precision 0.1333 - recall 0.0038 - f1 0.0073 
INFO:root:VALID measures@100 microavg - precision 0.5333 - recall 0.0000 - f1 0.0001 
INFO:root:VALID measures@100 for class 0 - precision 1.0000 - recall 0.0000 - f1 0.0001 
INFO:root:VALID measures@100 for class 1 - precision 0.0667 - recall 0.0188 - f1 0.0293 
INFO:root:VALID measures@1000 microavg - precision 0.5685 - recall 0.0003 - f1 0.0006 
INFO:root:VALID measures@1000 for class 0 - precision 0.9993 - recall 0.0003 - f1 0.0006 
INFO:root:VALID measures@1000 for class 1 - precision 0.0150 - recall 0.0329 - f1 0.0206 
INFO:root:VALID Total epoch time: 7.11061226799211
INFO:root:################ TRAIN epoch 41 ###################
INFO:root:TRAIN mean losses tensor(0.0425, device='cuda:0')
INFO:root:TRAIN mean errors 0.030015412718057632
INFO:root:TRAIN mean MRR 0.0 - mean MAP 0.12312358617782593
INFO:root:TRAIN tp {0: tensor(225817, device='cuda:0'), 1: tensor(752, device='cuda:0')},fn {0: tensor(3183, device='cuda:0'), 1: tensor(3828, device='cuda:0')},fp {0: tensor(3828, device='cuda:0'), 1: tensor(3183, device='cuda:0')}
INFO:root:TRAIN measures microavg - precision 0.9700 - recall 0.9700 - f1 0.9700 
INFO:root:TRAIN measures for class 0 - precision 0.9833 - recall 0.9861 - f1 0.9847 
INFO:root:TRAIN measures for class 1 - precision 0.1911 - recall 0.1642 - f1 0.1766 
INFO:root:TRAIN measures@10 microavg - precision 0.7500 - recall 0.0006 - f1 0.0012 
INFO:root:TRAIN measures@10 for class 0 - precision 0.9889 - recall 0.0004 - f1 0.0008 
INFO:root:TRAIN measures@10 for class 1 - precision 0.5111 - recall 0.0100 - f1 0.0197 
INFO:root:TRAIN measures@100 microavg - precision 0.6900 - recall 0.0053 - f1 0.0106 
INFO:root:TRAIN measures@100 for class 0 - precision 0.9956 - recall 0.0039 - f1 0.0078 
INFO:root:TRAIN measures@100 for class 1 - precision 0.3844 - recall 0.0755 - f1 0.1263 
INFO:root:TRAIN measures@1000 microavg - precision 0.7735 - recall 0.0413 - f1 0.0784 
INFO:root:TRAIN measures@1000 for class 0 - precision 0.9928 - recall 0.0390 - f1 0.0751 
INFO:root:TRAIN measures@1000 for class 1 - precision 0.2046 - recall 0.1550 - f1 0.1764 
INFO:root:TRAIN Total epoch time: 1.6905360859964276
INFO:root:=> saved epoch checkpoint 'saved_models/EvolveGCN/uc_irv_mess-20250515_035255/epoch_42.pkl'
INFO:root:################ VALID epoch 41 ###################
INFO:root:VALID mean losses tensor(0.0106, device='cuda:0')
INFO:root:VALID mean errors 0.002201578114181757
INFO:root:VALID mean MRR 0.08532295376062393 - mean MAP 0.006080749910324812
INFO:root:VALID tp {0: tensor(10794637, device='cuda:0'), 1: tensor(148, device='cuda:0')},fn {0: tensor(22902, device='cuda:0'), 1: tensor(916, device='cuda:0')},fp {0: tensor(916, device='cuda:0'), 1: tensor(22902, device='cuda:0')}
INFO:root:VALID measures microavg - precision 0.9978 - recall 0.9978 - f1 0.9978 
INFO:root:VALID measures for class 0 - precision 0.9999 - recall 0.9979 - f1 0.9989 
INFO:root:VALID measures for class 1 - precision 0.0064 - recall 0.1391 - f1 0.0123 
INFO:root:VALID measures@10 microavg - precision 0.5667 - recall 0.0000 - f1 0.0000 
INFO:root:VALID measures@10 for class 0 - precision 1.0000 - recall 0.0000 - f1 0.0000 
INFO:root:VALID measures@10 for class 1 - precision 0.1333 - recall 0.0038 - f1 0.0073 
INFO:root:VALID measures@100 microavg - precision 0.5300 - recall 0.0000 - f1 0.0001 
INFO:root:VALID measures@100 for class 0 - precision 1.0000 - recall 0.0000 - f1 0.0001 
INFO:root:VALID measures@100 for class 1 - precision 0.0600 - recall 0.0169 - f1 0.0264 
INFO:root:VALID measures@1000 microavg - precision 0.5096 - recall 0.0003 - f1 0.0006 
INFO:root:VALID measures@1000 for class 0 - precision 0.9997 - recall 0.0003 - f1 0.0006 
INFO:root:VALID measures@1000 for class 1 - precision 0.0122 - recall 0.0338 - f1 0.0179 
INFO:root:VALID Total epoch time: 7.053307259004214
INFO:root:################ TRAIN epoch 42 ###################
INFO:root:TRAIN mean losses tensor(0.0425, device='cuda:0')
INFO:root:TRAIN mean errors 0.030447812750935555
INFO:root:TRAIN mean MRR 0.0 - mean MAP 0.12693285942077637
INFO:root:TRAIN tp {0: tensor(225691, device='cuda:0'), 1: tensor(777, device='cuda:0')},fn {0: tensor(3309, device='cuda:0'), 1: tensor(3803, device='cuda:0')},fp {0: tensor(3803, device='cuda:0'), 1: tensor(3309, device='cuda:0')}
INFO:root:TRAIN measures microavg - precision 0.9696 - recall 0.9696 - f1 0.9696 
INFO:root:TRAIN measures for class 0 - precision 0.9834 - recall 0.9856 - f1 0.9845 
INFO:root:TRAIN measures for class 1 - precision 0.1902 - recall 0.1697 - f1 0.1793 
INFO:root:TRAIN measures@10 microavg - precision 0.7889 - recall 0.0006 - f1 0.0012 
INFO:root:TRAIN measures@10 for class 0 - precision 1.0000 - recall 0.0004 - f1 0.0008 
INFO:root:TRAIN measures@10 for class 1 - precision 0.5778 - recall 0.0114 - f1 0.0223 
INFO:root:TRAIN measures@100 microavg - precision 0.6883 - recall 0.0053 - f1 0.0105 
INFO:root:TRAIN measures@100 for class 0 - precision 0.9911 - recall 0.0039 - f1 0.0078 
INFO:root:TRAIN measures@100 for class 1 - precision 0.3856 - recall 0.0758 - f1 0.1266 
INFO:root:TRAIN measures@1000 microavg - precision 0.7792 - recall 0.0413 - f1 0.0784 
INFO:root:TRAIN measures@1000 for class 0 - precision 0.9919 - recall 0.0390 - f1 0.0750 
INFO:root:TRAIN measures@1000 for class 1 - precision 0.2106 - recall 0.1548 - f1 0.1785 
INFO:root:TRAIN Total epoch time: 1.6393122500012396
INFO:root:=> saved epoch checkpoint 'saved_models/EvolveGCN/uc_irv_mess-20250515_035255/epoch_43.pkl'
INFO:root:################ VALID epoch 42 ###################
INFO:root:VALID mean losses tensor(0.0104, device='cuda:0')
INFO:root:VALID mean errors 0.0028311419300734997
INFO:root:VALID mean MRR 0.07996057718992233 - mean MAP 0.005287060514092445
INFO:root:VALID tp {0: tensor(10787825, device='cuda:0'), 1: tensor(149, device='cuda:0')},fn {0: tensor(29714, device='cuda:0'), 1: tensor(915, device='cuda:0')},fp {0: tensor(915, device='cuda:0'), 1: tensor(29714, device='cuda:0')}
INFO:root:VALID measures microavg - precision 0.9972 - recall 0.9972 - f1 0.9972 
INFO:root:VALID measures for class 0 - precision 0.9999 - recall 0.9973 - f1 0.9986 
INFO:root:VALID measures for class 1 - precision 0.0050 - recall 0.1400 - f1 0.0096 
INFO:root:VALID measures@10 microavg - precision 0.5667 - recall 0.0000 - f1 0.0000 
INFO:root:VALID measures@10 for class 0 - precision 1.0000 - recall 0.0000 - f1 0.0000 
INFO:root:VALID measures@10 for class 1 - precision 0.1333 - recall 0.0038 - f1 0.0073 
INFO:root:VALID measures@100 microavg - precision 0.5283 - recall 0.0000 - f1 0.0001 
INFO:root:VALID measures@100 for class 0 - precision 1.0000 - recall 0.0000 - f1 0.0001 
INFO:root:VALID measures@100 for class 1 - precision 0.0567 - recall 0.0160 - f1 0.0249 
INFO:root:VALID measures@1000 microavg - precision 0.5052 - recall 0.0003 - f1 0.0006 
INFO:root:VALID measures@1000 for class 0 - precision 0.9993 - recall 0.0003 - f1 0.0006 
INFO:root:VALID measures@1000 for class 1 - precision 0.0110 - recall 0.0310 - f1 0.0162 
INFO:root:VALID Total epoch time: 7.120608874989557
INFO:root:################ TRAIN epoch 43 ###################
INFO:root:TRAIN mean losses tensor(0.0424, device='cuda:0')
INFO:root:TRAIN mean errors 0.030696121975779533
INFO:root:TRAIN mean MRR 0.0 - mean MAP 0.12937571108341217
INFO:root:TRAIN tp {0: tensor(225613, device='cuda:0'), 1: tensor(797, device='cuda:0')},fn {0: tensor(3387, device='cuda:0'), 1: tensor(3783, device='cuda:0')},fp {0: tensor(3783, device='cuda:0'), 1: tensor(3387, device='cuda:0')}
INFO:root:TRAIN measures microavg - precision 0.9693 - recall 0.9693 - f1 0.9693 
INFO:root:TRAIN measures for class 0 - precision 0.9835 - recall 0.9852 - f1 0.9844 
INFO:root:TRAIN measures for class 1 - precision 0.1905 - recall 0.1740 - f1 0.1819 
INFO:root:TRAIN measures@10 microavg - precision 0.7722 - recall 0.0006 - f1 0.0012 
INFO:root:TRAIN measures@10 for class 0 - precision 0.9889 - recall 0.0004 - f1 0.0008 
INFO:root:TRAIN measures@10 for class 1 - precision 0.5556 - recall 0.0109 - f1 0.0214 
INFO:root:TRAIN measures@100 microavg - precision 0.6944 - recall 0.0054 - f1 0.0106 
INFO:root:TRAIN measures@100 for class 0 - precision 0.9956 - recall 0.0039 - f1 0.0078 
INFO:root:TRAIN measures@100 for class 1 - precision 0.3933 - recall 0.0773 - f1 0.1292 
INFO:root:TRAIN measures@1000 microavg - precision 0.7816 - recall 0.0413 - f1 0.0785 
INFO:root:TRAIN measures@1000 for class 0 - precision 0.9922 - recall 0.0390 - f1 0.0750 
INFO:root:TRAIN measures@1000 for class 1 - precision 0.2154 - recall 0.1574 - f1 0.1819 
INFO:root:TRAIN Total epoch time: 1.6458167230011895
INFO:root:=> saved epoch checkpoint 'saved_models/EvolveGCN/uc_irv_mess-20250515_035255/epoch_44.pkl'
INFO:root:################ VALID epoch 43 ###################
INFO:root:VALID mean losses tensor(0.0103, device='cuda:0')
INFO:root:VALID mean errors 0.002957960357889533
INFO:root:VALID mean MRR 0.07991272956132889 - mean MAP 0.004802552983164787
INFO:root:VALID tp {0: tensor(10786448, device='cuda:0'), 1: tensor(154, device='cuda:0')},fn {0: tensor(31091, device='cuda:0'), 1: tensor(910, device='cuda:0')},fp {0: tensor(910, device='cuda:0'), 1: tensor(31091, device='cuda:0')}
INFO:root:VALID measures microavg - precision 0.9970 - recall 0.9970 - f1 0.9970 
INFO:root:VALID measures for class 0 - precision 0.9999 - recall 0.9971 - f1 0.9985 
INFO:root:VALID measures for class 1 - precision 0.0049 - recall 0.1447 - f1 0.0095 
INFO:root:VALID measures@10 microavg - precision 0.5667 - recall 0.0000 - f1 0.0000 
INFO:root:VALID measures@10 for class 0 - precision 1.0000 - recall 0.0000 - f1 0.0000 
INFO:root:VALID measures@10 for class 1 - precision 0.1333 - recall 0.0038 - f1 0.0073 
INFO:root:VALID measures@100 microavg - precision 0.5300 - recall 0.0000 - f1 0.0001 
INFO:root:VALID measures@100 for class 0 - precision 1.0000 - recall 0.0000 - f1 0.0001 
INFO:root:VALID measures@100 for class 1 - precision 0.0600 - recall 0.0169 - f1 0.0264 
INFO:root:VALID measures@1000 microavg - precision 0.5057 - recall 0.0003 - f1 0.0006 
INFO:root:VALID measures@1000 for class 0 - precision 0.9997 - recall 0.0003 - f1 0.0006 
INFO:root:VALID measures@1000 for class 1 - precision 0.0117 - recall 0.0329 - f1 0.0172 
INFO:root:VALID Total epoch time: 7.209341723995749
INFO:root:################ TRAIN epoch 44 ###################
INFO:root:TRAIN mean losses tensor(0.0424, device='cuda:0')
INFO:root:TRAIN mean errors 0.03079458884894848
INFO:root:TRAIN mean MRR 0.0 - mean MAP 0.1295698583126068
INFO:root:TRAIN tp {0: tensor(225588, device='cuda:0'), 1: tensor(799, device='cuda:0')},fn {0: tensor(3412, device='cuda:0'), 1: tensor(3781, device='cuda:0')},fp {0: tensor(3781, device='cuda:0'), 1: tensor(3412, device='cuda:0')}
INFO:root:TRAIN measures microavg - precision 0.9692 - recall 0.9692 - f1 0.9692 
INFO:root:TRAIN measures for class 0 - precision 0.9835 - recall 0.9851 - f1 0.9843 
INFO:root:TRAIN measures for class 1 - precision 0.1897 - recall 0.1745 - f1 0.1818 
INFO:root:TRAIN measures@10 microavg - precision 0.7722 - recall 0.0006 - f1 0.0012 
INFO:root:TRAIN measures@10 for class 0 - precision 1.0000 - recall 0.0004 - f1 0.0008 
INFO:root:TRAIN measures@10 for class 1 - precision 0.5444 - recall 0.0107 - f1 0.0210 
INFO:root:TRAIN measures@100 microavg - precision 0.6944 - recall 0.0054 - f1 0.0106 
INFO:root:TRAIN measures@100 for class 0 - precision 0.9956 - recall 0.0039 - f1 0.0078 
INFO:root:TRAIN measures@100 for class 1 - precision 0.3933 - recall 0.0773 - f1 0.1292 
INFO:root:TRAIN measures@1000 microavg - precision 0.7854 - recall 0.0414 - f1 0.0786 
INFO:root:TRAIN measures@1000 for class 0 - precision 0.9934 - recall 0.0390 - f1 0.0751 
INFO:root:TRAIN measures@1000 for class 1 - precision 0.2184 - recall 0.1574 - f1 0.1829 
INFO:root:TRAIN Total epoch time: 1.6895147300092503
INFO:root:=> saved epoch checkpoint 'saved_models/EvolveGCN/uc_irv_mess-20250515_035255/epoch_45.pkl'
INFO:root:################ VALID epoch 44 ###################
INFO:root:VALID mean losses tensor(0.0098, device='cuda:0')
INFO:root:VALID mean errors 0.0028485192451626062
INFO:root:VALID mean MRR 0.07779525965452194 - mean MAP 0.004602640867233276
INFO:root:VALID tp {0: tensor(10787635, device='cuda:0'), 1: tensor(151, device='cuda:0')},fn {0: tensor(29904, device='cuda:0'), 1: tensor(913, device='cuda:0')},fp {0: tensor(913, device='cuda:0'), 1: tensor(29904, device='cuda:0')}
INFO:root:VALID measures microavg - precision 0.9972 - recall 0.9972 - f1 0.9972 
INFO:root:VALID measures for class 0 - precision 0.9999 - recall 0.9972 - f1 0.9986 
INFO:root:VALID measures for class 1 - precision 0.0050 - recall 0.1419 - f1 0.0097 
INFO:root:VALID measures@10 microavg - precision 0.5667 - recall 0.0000 - f1 0.0000 
INFO:root:VALID measures@10 for class 0 - precision 1.0000 - recall 0.0000 - f1 0.0000 
INFO:root:VALID measures@10 for class 1 - precision 0.1333 - recall 0.0038 - f1 0.0073 
INFO:root:VALID measures@100 microavg - precision 0.5217 - recall 0.0000 - f1 0.0001 
INFO:root:VALID measures@100 for class 0 - precision 1.0000 - recall 0.0000 - f1 0.0001 
INFO:root:VALID measures@100 for class 1 - precision 0.0433 - recall 0.0122 - f1 0.0191 
INFO:root:VALID measures@1000 microavg - precision 0.5050 - recall 0.0003 - f1 0.0006 
INFO:root:VALID measures@1000 for class 0 - precision 1.0000 - recall 0.0003 - f1 0.0006 
INFO:root:VALID measures@1000 for class 1 - precision 0.0100 - recall 0.0282 - f1 0.0148 
INFO:root:VALID Total epoch time: 7.101780972996494
INFO:root:################ TRAIN epoch 45 ###################
INFO:root:TRAIN mean losses tensor(0.0423, device='cuda:0')
INFO:root:TRAIN mean errors 0.03136398643255234
INFO:root:TRAIN mean MRR 0.0 - mean MAP 0.1324065625667572
INFO:root:TRAIN tp {0: tensor(225423, device='cuda:0'), 1: tensor(831, device='cuda:0')},fn {0: tensor(3577, device='cuda:0'), 1: tensor(3749, device='cuda:0')},fp {0: tensor(3749, device='cuda:0'), 1: tensor(3577, device='cuda:0')}
INFO:root:TRAIN measures microavg - precision 0.9686 - recall 0.9686 - f1 0.9686 
INFO:root:TRAIN measures for class 0 - precision 0.9836 - recall 0.9844 - f1 0.9840 
INFO:root:TRAIN measures for class 1 - precision 0.1885 - recall 0.1814 - f1 0.1849 
INFO:root:TRAIN measures@10 microavg - precision 0.8000 - recall 0.0006 - f1 0.0012 
INFO:root:TRAIN measures@10 for class 0 - precision 1.0000 - recall 0.0004 - f1 0.0008 
INFO:root:TRAIN measures@10 for class 1 - precision 0.6000 - recall 0.0118 - f1 0.0231 
INFO:root:TRAIN measures@100 microavg - precision 0.6906 - recall 0.0053 - f1 0.0106 
INFO:root:TRAIN measures@100 for class 0 - precision 0.9933 - recall 0.0039 - f1 0.0078 
INFO:root:TRAIN measures@100 for class 1 - precision 0.3878 - recall 0.0762 - f1 0.1274 
INFO:root:TRAIN measures@1000 microavg - precision 0.7694 - recall 0.0415 - f1 0.0787 
INFO:root:TRAIN measures@1000 for class 0 - precision 0.9919 - recall 0.0390 - f1 0.0750 
INFO:root:TRAIN measures@1000 for class 1 - precision 0.2116 - recall 0.1659 - f1 0.1860 
INFO:root:TRAIN Total epoch time: 1.6420559420075733
INFO:root:=> saved epoch checkpoint 'saved_models/EvolveGCN/uc_irv_mess-20250515_035255/epoch_46.pkl'
INFO:root:################ VALID epoch 45 ###################
INFO:root:VALID mean losses tensor(0.0092, device='cuda:0')
INFO:root:VALID mean errors 0.002318598795682192
INFO:root:VALID mean MRR 0.0784044861793518 - mean MAP 0.004746909718960524
INFO:root:VALID tp {0: tensor(10793381, device='cuda:0'), 1: tensor(138, device='cuda:0')},fn {0: tensor(24158, device='cuda:0'), 1: tensor(926, device='cuda:0')},fp {0: tensor(926, device='cuda:0'), 1: tensor(24158, device='cuda:0')}
INFO:root:VALID measures microavg - precision 0.9977 - recall 0.9977 - f1 0.9977 
INFO:root:VALID measures for class 0 - precision 0.9999 - recall 0.9978 - f1 0.9988 
INFO:root:VALID measures for class 1 - precision 0.0057 - recall 0.1297 - f1 0.0109 
INFO:root:VALID measures@10 microavg - precision 0.5667 - recall 0.0000 - f1 0.0000 
INFO:root:VALID measures@10 for class 0 - precision 1.0000 - recall 0.0000 - f1 0.0000 
INFO:root:VALID measures@10 for class 1 - precision 0.1333 - recall 0.0038 - f1 0.0073 
INFO:root:VALID measures@100 microavg - precision 0.5250 - recall 0.0000 - f1 0.0001 
INFO:root:VALID measures@100 for class 0 - precision 1.0000 - recall 0.0000 - f1 0.0001 
INFO:root:VALID measures@100 for class 1 - precision 0.0500 - recall 0.0141 - f1 0.0220 
INFO:root:VALID measures@1000 microavg - precision 0.5045 - recall 0.0003 - f1 0.0006 
INFO:root:VALID measures@1000 for class 0 - precision 0.9993 - recall 0.0003 - f1 0.0006 
INFO:root:VALID measures@1000 for class 1 - precision 0.0097 - recall 0.0273 - f1 0.0143 
INFO:root:VALID Total epoch time: 7.163252766986261
INFO:root:################ TRAIN epoch 46 ###################
INFO:root:TRAIN mean losses tensor(0.0423, device='cuda:0')
INFO:root:TRAIN mean errors 0.03147101774811745
INFO:root:TRAIN mean MRR 0.0 - mean MAP 0.12922273576259613
INFO:root:TRAIN tp {0: tensor(225392, device='cuda:0'), 1: tensor(837, device='cuda:0')},fn {0: tensor(3608, device='cuda:0'), 1: tensor(3743, device='cuda:0')},fp {0: tensor(3743, device='cuda:0'), 1: tensor(3608, device='cuda:0')}
INFO:root:TRAIN measures microavg - precision 0.9685 - recall 0.9685 - f1 0.9685 
INFO:root:TRAIN measures for class 0 - precision 0.9837 - recall 0.9842 - f1 0.9840 
INFO:root:TRAIN measures for class 1 - precision 0.1883 - recall 0.1828 - f1 0.1855 
INFO:root:TRAIN measures@10 microavg - precision 0.7778 - recall 0.0006 - f1 0.0012 
INFO:root:TRAIN measures@10 for class 0 - precision 1.0000 - recall 0.0004 - f1 0.0008 
INFO:root:TRAIN measures@10 for class 1 - precision 0.5556 - recall 0.0109 - f1 0.0214 
INFO:root:TRAIN measures@100 microavg - precision 0.6894 - recall 0.0053 - f1 0.0105 
INFO:root:TRAIN measures@100 for class 0 - precision 0.9889 - recall 0.0039 - f1 0.0077 
INFO:root:TRAIN measures@100 for class 1 - precision 0.3900 - recall 0.0766 - f1 0.1281 
INFO:root:TRAIN measures@1000 microavg - precision 0.7463 - recall 0.0416 - f1 0.0789 
INFO:root:TRAIN measures@1000 for class 0 - precision 0.9921 - recall 0.0390 - f1 0.0750 
INFO:root:TRAIN measures@1000 for class 1 - precision 0.1980 - recall 0.1745 - f1 0.1855 
INFO:root:TRAIN Total epoch time: 1.654397471997072
INFO:root:=> saved epoch checkpoint 'saved_models/EvolveGCN/uc_irv_mess-20250515_035255/epoch_47.pkl'
INFO:root:################ VALID epoch 46 ###################
INFO:root:VALID mean losses tensor(0.0089, device='cuda:0')
INFO:root:VALID mean errors 0.0017016059719026089
INFO:root:VALID mean MRR 0.07788009941577911 - mean MAP 0.00536132138222456
INFO:root:VALID tp {0: tensor(10800063, device='cuda:0'), 1: tensor(131, device='cuda:0')},fn {0: tensor(17476, device='cuda:0'), 1: tensor(933, device='cuda:0')},fp {0: tensor(933, device='cuda:0'), 1: tensor(17476, device='cuda:0')}
INFO:root:VALID measures microavg - precision 0.9983 - recall 0.9983 - f1 0.9983 
INFO:root:VALID measures for class 0 - precision 0.9999 - recall 0.9984 - f1 0.9991 
INFO:root:VALID measures for class 1 - precision 0.0074 - recall 0.1231 - f1 0.0140 
INFO:root:VALID measures@10 microavg - precision 0.5667 - recall 0.0000 - f1 0.0000 
INFO:root:VALID measures@10 for class 0 - precision 1.0000 - recall 0.0000 - f1 0.0000 
INFO:root:VALID measures@10 for class 1 - precision 0.1333 - recall 0.0038 - f1 0.0073 
INFO:root:VALID measures@100 microavg - precision 0.5250 - recall 0.0000 - f1 0.0001 
INFO:root:VALID measures@100 for class 0 - precision 1.0000 - recall 0.0000 - f1 0.0001 
INFO:root:VALID measures@100 for class 1 - precision 0.0500 - recall 0.0141 - f1 0.0220 
INFO:root:VALID measures@1000 microavg - precision 0.5053 - recall 0.0003 - f1 0.0006 
INFO:root:VALID measures@1000 for class 0 - precision 1.0000 - recall 0.0003 - f1 0.0006 
INFO:root:VALID measures@1000 for class 1 - precision 0.0107 - recall 0.0301 - f1 0.0157 
INFO:root:VALID Total epoch time: 7.086140394996619
INFO:root:################ TRAIN epoch 47 ###################
INFO:root:TRAIN mean losses tensor(0.0424, device='cuda:0')
INFO:root:TRAIN mean errors 0.030678996816277504
INFO:root:TRAIN mean MRR 0.0 - mean MAP 0.13075152039527893
INFO:root:TRAIN tp {0: tensor(225590, device='cuda:0'), 1: tensor(824, device='cuda:0')},fn {0: tensor(3410, device='cuda:0'), 1: tensor(3756, device='cuda:0')},fp {0: tensor(3756, device='cuda:0'), 1: tensor(3410, device='cuda:0')}
INFO:root:TRAIN measures microavg - precision 0.9693 - recall 0.9693 - f1 0.9693 
INFO:root:TRAIN measures for class 0 - precision 0.9836 - recall 0.9851 - f1 0.9844 
INFO:root:TRAIN measures for class 1 - precision 0.1946 - recall 0.1799 - f1 0.1870 
INFO:root:TRAIN measures@10 microavg - precision 0.8111 - recall 0.0006 - f1 0.0012 
INFO:root:TRAIN measures@10 for class 0 - precision 1.0000 - recall 0.0004 - f1 0.0008 
INFO:root:TRAIN measures@10 for class 1 - precision 0.6222 - recall 0.0122 - f1 0.0240 
INFO:root:TRAIN measures@100 microavg - precision 0.6945 - recall 0.0053 - f1 0.0106 
INFO:root:TRAIN measures@100 for class 0 - precision 0.9989 - recall 0.0039 - f1 0.0078 
INFO:root:TRAIN measures@100 for class 1 - precision 0.3891 - recall 0.0762 - f1 0.1274 
INFO:root:TRAIN measures@1000 microavg - precision 0.7416 - recall 0.0418 - f1 0.0791 
INFO:root:TRAIN measures@1000 for class 0 - precision 0.9943 - recall 0.0391 - f1 0.0752 
INFO:root:TRAIN measures@1000 for class 1 - precision 0.1956 - recall 0.1779 - f1 0.1864 
INFO:root:TRAIN Total epoch time: 1.6480979089974426
INFO:root:=> saved epoch checkpoint 'saved_models/EvolveGCN/uc_irv_mess-20250515_035255/epoch_48.pkl'
INFO:root:################ VALID epoch 47 ###################
INFO:root:VALID mean losses tensor(0.0082, device='cuda:0')
INFO:root:VALID mean errors 0.0016495659947395325
INFO:root:VALID mean MRR 0.07851999253034592 - mean MAP 0.0054509686306118965
INFO:root:VALID tp {0: tensor(10800626, device='cuda:0'), 1: tensor(131, device='cuda:0')},fn {0: tensor(16913, device='cuda:0'), 1: tensor(933, device='cuda:0')},fp {0: tensor(933, device='cuda:0'), 1: tensor(16913, device='cuda:0')}
INFO:root:VALID measures microavg - precision 0.9984 - recall 0.9984 - f1 0.9984 
INFO:root:VALID measures for class 0 - precision 0.9999 - recall 0.9984 - f1 0.9992 
INFO:root:VALID measures for class 1 - precision 0.0077 - recall 0.1231 - f1 0.0145 
INFO:root:VALID measures@10 microavg - precision 0.5667 - recall 0.0000 - f1 0.0000 
INFO:root:VALID measures@10 for class 0 - precision 1.0000 - recall 0.0000 - f1 0.0000 
INFO:root:VALID measures@10 for class 1 - precision 0.1333 - recall 0.0038 - f1 0.0073 
INFO:root:VALID measures@100 microavg - precision 0.5267 - recall 0.0000 - f1 0.0001 
INFO:root:VALID measures@100 for class 0 - precision 1.0000 - recall 0.0000 - f1 0.0001 
INFO:root:VALID measures@100 for class 1 - precision 0.0533 - recall 0.0150 - f1 0.0235 
INFO:root:VALID measures@1000 microavg - precision 0.5058 - recall 0.0003 - f1 0.0006 
INFO:root:VALID measures@1000 for class 0 - precision 1.0000 - recall 0.0003 - f1 0.0006 
INFO:root:VALID measures@1000 for class 1 - precision 0.0117 - recall 0.0329 - f1 0.0172 
INFO:root:VALID Total epoch time: 7.080007417011075
INFO:root:################ TRAIN epoch 48 ###################
INFO:root:TRAIN mean losses tensor(0.0425, device='cuda:0')
INFO:root:TRAIN mean errors 0.02999400720000267
INFO:root:TRAIN mean MRR 0.0 - mean MAP 0.1308165341615677
INFO:root:TRAIN tp {0: tensor(225796, device='cuda:0'), 1: tensor(778, device='cuda:0')},fn {0: tensor(3204, device='cuda:0'), 1: tensor(3802, device='cuda:0')},fp {0: tensor(3802, device='cuda:0'), 1: tensor(3204, device='cuda:0')}
INFO:root:TRAIN measures microavg - precision 0.9700 - recall 0.9700 - f1 0.9700 
INFO:root:TRAIN measures for class 0 - precision 0.9834 - recall 0.9860 - f1 0.9847 
INFO:root:TRAIN measures for class 1 - precision 0.1954 - recall 0.1699 - f1 0.1817 
INFO:root:TRAIN measures@10 microavg - precision 0.7722 - recall 0.0006 - f1 0.0012 
INFO:root:TRAIN measures@10 for class 0 - precision 1.0000 - recall 0.0004 - f1 0.0008 
INFO:root:TRAIN measures@10 for class 1 - precision 0.5444 - recall 0.0107 - f1 0.0210 
INFO:root:TRAIN measures@100 microavg - precision 0.6944 - recall 0.0053 - f1 0.0106 
INFO:root:TRAIN measures@100 for class 0 - precision 0.9933 - recall 0.0039 - f1 0.0078 
INFO:root:TRAIN measures@100 for class 1 - precision 0.3921 - recall 0.0762 - f1 0.1276 
INFO:root:TRAIN measures@1000 microavg - precision 0.7496 - recall 0.0416 - f1 0.0789 
INFO:root:TRAIN measures@1000 for class 0 - precision 0.9941 - recall 0.0391 - f1 0.0752 
INFO:root:TRAIN measures@1000 for class 1 - precision 0.1958 - recall 0.1699 - f1 0.1819 
INFO:root:TRAIN Total epoch time: 1.6592664220079314
INFO:root:=> saved epoch checkpoint 'saved_models/EvolveGCN/uc_irv_mess-20250515_035255/epoch_49.pkl'
INFO:root:################ VALID epoch 48 ###################
INFO:root:VALID mean losses tensor(0.0082, device='cuda:0')
INFO:root:VALID mean errors 0.00200580433011055
INFO:root:VALID mean MRR 0.07804785668849945 - mean MAP 0.005723165348172188
INFO:root:VALID tp {0: tensor(10796753, device='cuda:0'), 1: tensor(150, device='cuda:0')},fn {0: tensor(20786, device='cuda:0'), 1: tensor(914, device='cuda:0')},fp {0: tensor(914, device='cuda:0'), 1: tensor(20786, device='cuda:0')}
INFO:root:VALID measures microavg - precision 0.9980 - recall 0.9980 - f1 0.9980 
INFO:root:VALID measures for class 0 - precision 0.9999 - recall 0.9981 - f1 0.9990 
INFO:root:VALID measures for class 1 - precision 0.0072 - recall 0.1410 - f1 0.0136 
INFO:root:VALID measures@10 microavg - precision 0.5667 - recall 0.0000 - f1 0.0000 
INFO:root:VALID measures@10 for class 0 - precision 1.0000 - recall 0.0000 - f1 0.0000 
INFO:root:VALID measures@10 for class 1 - precision 0.1333 - recall 0.0038 - f1 0.0073 
INFO:root:VALID measures@100 microavg - precision 0.5317 - recall 0.0000 - f1 0.0001 
INFO:root:VALID measures@100 for class 0 - precision 1.0000 - recall 0.0000 - f1 0.0001 
INFO:root:VALID measures@100 for class 1 - precision 0.0633 - recall 0.0179 - f1 0.0279 
INFO:root:VALID measures@1000 microavg - precision 0.5207 - recall 0.0003 - f1 0.0006 
INFO:root:VALID measures@1000 for class 0 - precision 0.9993 - recall 0.0003 - f1 0.0006 
INFO:root:VALID measures@1000 for class 1 - precision 0.0127 - recall 0.0338 - f1 0.0185 
INFO:root:VALID Total epoch time: 7.060022883990314
INFO:root:################ TRAIN epoch 49 ###################
INFO:root:TRAIN mean losses tensor(0.0432, device='cuda:0')
INFO:root:TRAIN mean errors 0.028371436521410942
INFO:root:TRAIN mean MRR 0.0 - mean MAP 0.13049350678920746
INFO:root:TRAIN tp {0: tensor(226249, device='cuda:0'), 1: tensor(704, device='cuda:0')},fn {0: tensor(2751, device='cuda:0'), 1: tensor(3876, device='cuda:0')},fp {0: tensor(3876, device='cuda:0'), 1: tensor(2751, device='cuda:0')}
INFO:root:TRAIN measures microavg - precision 0.9716 - recall 0.9716 - f1 0.9716 
INFO:root:TRAIN measures for class 0 - precision 0.9832 - recall 0.9880 - f1 0.9856 
INFO:root:TRAIN measures for class 1 - precision 0.2038 - recall 0.1537 - f1 0.1752 
INFO:root:TRAIN measures@10 microavg - precision 0.7833 - recall 0.0006 - f1 0.0012 
INFO:root:TRAIN measures@10 for class 0 - precision 1.0000 - recall 0.0004 - f1 0.0008 
INFO:root:TRAIN measures@10 for class 1 - precision 0.5667 - recall 0.0111 - f1 0.0218 
INFO:root:TRAIN measures@100 microavg - precision 0.6891 - recall 0.0052 - f1 0.0104 
INFO:root:TRAIN measures@100 for class 0 - precision 0.9944 - recall 0.0039 - f1 0.0078 
INFO:root:TRAIN measures@100 for class 1 - precision 0.3728 - recall 0.0707 - f1 0.1189 
INFO:root:TRAIN measures@1000 microavg - precision 0.7759 - recall 0.0413 - f1 0.0783 
INFO:root:TRAIN measures@1000 for class 0 - precision 0.9929 - recall 0.0390 - f1 0.0751 
INFO:root:TRAIN measures@1000 for class 1 - precision 0.2047 - recall 0.1528 - f1 0.1750 
INFO:root:TRAIN Total epoch time: 1.6508458710013656
INFO:root:=> saved epoch checkpoint 'saved_models/EvolveGCN/uc_irv_mess-20250515_035255/epoch_50.pkl'
INFO:root:################ VALID epoch 49 ###################
INFO:root:VALID mean losses tensor(0.0136, device='cuda:0')
INFO:root:VALID mean errors 0.0036024984437972307
INFO:root:VALID mean MRR 0.07977939397096634 - mean MAP 0.005137944594025612
INFO:root:VALID tp {0: tensor(10779449, device='cuda:0'), 1: tensor(180, device='cuda:0')},fn {0: tensor(38090, device='cuda:0'), 1: tensor(884, device='cuda:0')},fp {0: tensor(884, device='cuda:0'), 1: tensor(38090, device='cuda:0')}
INFO:root:VALID measures microavg - precision 0.9964 - recall 0.9964 - f1 0.9964 
INFO:root:VALID measures for class 0 - precision 0.9999 - recall 0.9965 - f1 0.9982 
INFO:root:VALID measures for class 1 - precision 0.0047 - recall 0.1692 - f1 0.0092 
INFO:root:VALID measures@10 microavg - precision 0.5667 - recall 0.0000 - f1 0.0000 
INFO:root:VALID measures@10 for class 0 - precision 1.0000 - recall 0.0000 - f1 0.0000 
INFO:root:VALID measures@10 for class 1 - precision 0.1333 - recall 0.0038 - f1 0.0073 
INFO:root:VALID measures@100 microavg - precision 0.5233 - recall 0.0000 - f1 0.0001 
INFO:root:VALID measures@100 for class 0 - precision 1.0000 - recall 0.0000 - f1 0.0001 
INFO:root:VALID measures@100 for class 1 - precision 0.0467 - recall 0.0132 - f1 0.0205 
INFO:root:VALID measures@1000 microavg - precision 0.5045 - recall 0.0003 - f1 0.0006 
INFO:root:VALID measures@1000 for class 0 - precision 0.9997 - recall 0.0003 - f1 0.0006 
INFO:root:VALID measures@1000 for class 1 - precision 0.0093 - recall 0.0263 - f1 0.0138 
INFO:root:VALID Total epoch time: 7.108017097998527
INFO:root:################ TRAIN epoch 50 ###################
INFO:root:TRAIN mean losses tensor(0.0431, device='cuda:0')
INFO:root:TRAIN mean errors 0.028461340814828873
INFO:root:TRAIN mean MRR 0.0 - mean MAP 0.12924809753894806
INFO:root:TRAIN tp {0: tensor(226246, device='cuda:0'), 1: tensor(686, device='cuda:0')},fn {0: tensor(2754, device='cuda:0'), 1: tensor(3894, device='cuda:0')},fp {0: tensor(3894, device='cuda:0'), 1: tensor(2754, device='cuda:0')}
INFO:root:TRAIN measures microavg - precision 0.9715 - recall 0.9715 - f1 0.9715 
INFO:root:TRAIN measures for class 0 - precision 0.9831 - recall 0.9880 - f1 0.9855 
INFO:root:TRAIN measures for class 1 - precision 0.1994 - recall 0.1498 - f1 0.1711 
INFO:root:TRAIN measures@10 microavg - precision 0.7833 - recall 0.0006 - f1 0.0012 
INFO:root:TRAIN measures@10 for class 0 - precision 0.9778 - recall 0.0004 - f1 0.0008 
INFO:root:TRAIN measures@10 for class 1 - precision 0.5889 - recall 0.0116 - f1 0.0227 
INFO:root:TRAIN measures@100 microavg - precision 0.6867 - recall 0.0053 - f1 0.0105 
INFO:root:TRAIN measures@100 for class 0 - precision 0.9911 - recall 0.0039 - f1 0.0078 
INFO:root:TRAIN measures@100 for class 1 - precision 0.3822 - recall 0.0751 - f1 0.1255 
INFO:root:TRAIN measures@1000 microavg - precision 0.8035 - recall 0.0411 - f1 0.0781 
INFO:root:TRAIN measures@1000 for class 0 - precision 0.9938 - recall 0.0391 - f1 0.0752 
INFO:root:TRAIN measures@1000 for class 1 - precision 0.2208 - recall 0.1417 - f1 0.1726 
INFO:root:TRAIN Total epoch time: 1.7020259209966753
INFO:root:=> saved epoch checkpoint 'saved_models/EvolveGCN/uc_irv_mess-20250515_035255/epoch_51.pkl'
INFO:root:################ VALID epoch 50 ###################
INFO:root:VALID mean losses tensor(0.0181, device='cuda:0')
INFO:root:VALID mean errors 0.00396382063627243
INFO:root:VALID mean MRR 0.07647348195314407 - mean MAP 0.004650753922760487
INFO:root:VALID tp {0: tensor(10775557, device='cuda:0'), 1: tensor(163, device='cuda:0')},fn {0: tensor(41982, device='cuda:0'), 1: tensor(901, device='cuda:0')},fp {0: tensor(901, device='cuda:0'), 1: tensor(41982, device='cuda:0')}
INFO:root:VALID measures microavg - precision 0.9960 - recall 0.9960 - f1 0.9960 
INFO:root:VALID measures for class 0 - precision 0.9999 - recall 0.9961 - f1 0.9980 
INFO:root:VALID measures for class 1 - precision 0.0039 - recall 0.1532 - f1 0.0075 
INFO:root:VALID measures@10 microavg - precision 0.5667 - recall 0.0000 - f1 0.0000 
INFO:root:VALID measures@10 for class 0 - precision 1.0000 - recall 0.0000 - f1 0.0000 
INFO:root:VALID measures@10 for class 1 - precision 0.1333 - recall 0.0038 - f1 0.0073 
INFO:root:VALID measures@100 microavg - precision 0.5217 - recall 0.0000 - f1 0.0001 
INFO:root:VALID measures@100 for class 0 - precision 1.0000 - recall 0.0000 - f1 0.0001 
INFO:root:VALID measures@100 for class 1 - precision 0.0433 - recall 0.0122 - f1 0.0191 
INFO:root:VALID measures@1000 microavg - precision 0.5042 - recall 0.0003 - f1 0.0006 
INFO:root:VALID measures@1000 for class 0 - precision 1.0000 - recall 0.0003 - f1 0.0006 
INFO:root:VALID measures@1000 for class 1 - precision 0.0083 - recall 0.0235 - f1 0.0123 
INFO:root:VALID Total epoch time: 7.111189083996578
INFO:root:################ TRAIN epoch 51 ###################
INFO:root:TRAIN mean losses tensor(0.0429, device='cuda:0')
INFO:root:TRAIN mean errors 0.03281531110405922
INFO:root:TRAIN mean MRR 0.0 - mean MAP 0.12627269327640533
INFO:root:TRAIN tp {0: tensor(225116, device='cuda:0'), 1: tensor(799, device='cuda:0')},fn {0: tensor(3884, device='cuda:0'), 1: tensor(3781, device='cuda:0')},fp {0: tensor(3781, device='cuda:0'), 1: tensor(3884, device='cuda:0')}
INFO:root:TRAIN measures microavg - precision 0.9672 - recall 0.9672 - f1 0.9672 
INFO:root:TRAIN measures for class 0 - precision 0.9835 - recall 0.9830 - f1 0.9833 
INFO:root:TRAIN measures for class 1 - precision 0.1706 - recall 0.1745 - f1 0.1725 
INFO:root:TRAIN measures@10 microavg - precision 0.7889 - recall 0.0006 - f1 0.0012 
INFO:root:TRAIN measures@10 for class 0 - precision 1.0000 - recall 0.0004 - f1 0.0008 
INFO:root:TRAIN measures@10 for class 1 - precision 0.5778 - recall 0.0114 - f1 0.0223 
INFO:root:TRAIN measures@100 microavg - precision 0.6839 - recall 0.0053 - f1 0.0105 
INFO:root:TRAIN measures@100 for class 0 - precision 0.9944 - recall 0.0039 - f1 0.0078 
INFO:root:TRAIN measures@100 for class 1 - precision 0.3733 - recall 0.0734 - f1 0.1226 
INFO:root:TRAIN measures@1000 microavg - precision 0.7790 - recall 0.0412 - f1 0.0783 
INFO:root:TRAIN measures@1000 for class 0 - precision 0.9924 - recall 0.0390 - f1 0.0751 
INFO:root:TRAIN measures@1000 for class 1 - precision 0.2083 - recall 0.1531 - f1 0.1764 
INFO:root:TRAIN Total epoch time: 1.7205113340023672
INFO:root:=> saved epoch checkpoint 'saved_models/EvolveGCN/uc_irv_mess-20250515_035255/epoch_52.pkl'
INFO:root:################ VALID epoch 51 ###################
INFO:root:VALID mean losses tensor(0.0117, device='cuda:0')
INFO:root:VALID mean errors 0.0018181644845753908
INFO:root:VALID mean MRR 0.07719705998897552 - mean MAP 0.0050724265165627
INFO:root:VALID tp {0: tensor(10798810, device='cuda:0'), 1: tensor(123, device='cuda:0')},fn {0: tensor(18729, device='cuda:0'), 1: tensor(941, device='cuda:0')},fp {0: tensor(941, device='cuda:0'), 1: tensor(18729, device='cuda:0')}
INFO:root:VALID measures microavg - precision 0.9982 - recall 0.9982 - f1 0.9982 
INFO:root:VALID measures for class 0 - precision 0.9999 - recall 0.9983 - f1 0.9991 
INFO:root:VALID measures for class 1 - precision 0.0065 - recall 0.1156 - f1 0.0124 
INFO:root:VALID measures@10 microavg - precision 0.5500 - recall 0.0000 - f1 0.0000 
INFO:root:VALID measures@10 for class 0 - precision 1.0000 - recall 0.0000 - f1 0.0000 
INFO:root:VALID measures@10 for class 1 - precision 0.1000 - recall 0.0028 - f1 0.0055 
INFO:root:VALID measures@100 microavg - precision 0.5267 - recall 0.0000 - f1 0.0001 
INFO:root:VALID measures@100 for class 0 - precision 1.0000 - recall 0.0000 - f1 0.0001 
INFO:root:VALID measures@100 for class 1 - precision 0.0533 - recall 0.0150 - f1 0.0235 
INFO:root:VALID measures@1000 microavg - precision 0.5065 - recall 0.0003 - f1 0.0006 
INFO:root:VALID measures@1000 for class 0 - precision 1.0000 - recall 0.0003 - f1 0.0006 
INFO:root:VALID measures@1000 for class 1 - precision 0.0130 - recall 0.0367 - f1 0.0192 
INFO:root:VALID Total epoch time: 7.126404626003932
INFO:root:################ TRAIN epoch 52 ###################
INFO:root:TRAIN mean losses tensor(0.0425, device='cuda:0')
INFO:root:TRAIN mean errors 0.02942032739520073
INFO:root:TRAIN mean MRR 0.0 - mean MAP 0.12716923654079437
INFO:root:TRAIN tp {0: tensor(225961, device='cuda:0'), 1: tensor(747, device='cuda:0')},fn {0: tensor(3039, device='cuda:0'), 1: tensor(3833, device='cuda:0')},fp {0: tensor(3833, device='cuda:0'), 1: tensor(3039, device='cuda:0')}
INFO:root:TRAIN measures microavg - precision 0.9706 - recall 0.9706 - f1 0.9706 
INFO:root:TRAIN measures for class 0 - precision 0.9833 - recall 0.9867 - f1 0.9850 
INFO:root:TRAIN measures for class 1 - precision 0.1973 - recall 0.1631 - f1 0.1786 
INFO:root:TRAIN measures@10 microavg - precision 0.7667 - recall 0.0006 - f1 0.0012 
INFO:root:TRAIN measures@10 for class 0 - precision 1.0000 - recall 0.0004 - f1 0.0008 
INFO:root:TRAIN measures@10 for class 1 - precision 0.5333 - recall 0.0105 - f1 0.0206 
INFO:root:TRAIN measures@100 microavg - precision 0.6911 - recall 0.0053 - f1 0.0106 
INFO:root:TRAIN measures@100 for class 0 - precision 0.9967 - recall 0.0039 - f1 0.0078 
INFO:root:TRAIN measures@100 for class 1 - precision 0.3856 - recall 0.0758 - f1 0.1266 
INFO:root:TRAIN measures@1000 microavg - precision 0.7620 - recall 0.0414 - f1 0.0786 
INFO:root:TRAIN measures@1000 for class 0 - precision 0.9931 - recall 0.0390 - f1 0.0751 
INFO:root:TRAIN measures@1000 for class 1 - precision 0.2003 - recall 0.1620 - f1 0.1791 
INFO:root:TRAIN Total epoch time: 1.6634335489943624
INFO:root:=> saved epoch checkpoint 'saved_models/EvolveGCN/uc_irv_mess-20250515_035255/epoch_53.pkl'
INFO:root:################ VALID epoch 52 ###################
INFO:root:VALID mean losses tensor(0.0098, device='cuda:0')
INFO:root:VALID mean errors 0.0022980784997344017
INFO:root:VALID mean MRR 0.07784070819616318 - mean MAP 0.006447173189371824
INFO:root:VALID tp {0: tensor(10793587, device='cuda:0'), 1: tensor(154, device='cuda:0')},fn {0: tensor(23952, device='cuda:0'), 1: tensor(910, device='cuda:0')},fp {0: tensor(910, device='cuda:0'), 1: tensor(23952, device='cuda:0')}
INFO:root:VALID measures microavg - precision 0.9977 - recall 0.9977 - f1 0.9977 
INFO:root:VALID measures for class 0 - precision 0.9999 - recall 0.9978 - f1 0.9988 
INFO:root:VALID measures for class 1 - precision 0.0064 - recall 0.1447 - f1 0.0122 
INFO:root:VALID measures@10 microavg - precision 0.5667 - recall 0.0000 - f1 0.0000 
INFO:root:VALID measures@10 for class 0 - precision 1.0000 - recall 0.0000 - f1 0.0000 
INFO:root:VALID measures@10 for class 1 - precision 0.1333 - recall 0.0038 - f1 0.0073 
INFO:root:VALID measures@100 microavg - precision 0.5300 - recall 0.0000 - f1 0.0001 
INFO:root:VALID measures@100 for class 0 - precision 1.0000 - recall 0.0000 - f1 0.0001 
INFO:root:VALID measures@100 for class 1 - precision 0.0600 - recall 0.0169 - f1 0.0264 
INFO:root:VALID measures@1000 microavg - precision 0.5065 - recall 0.0003 - f1 0.0006 
INFO:root:VALID measures@1000 for class 0 - precision 1.0000 - recall 0.0003 - f1 0.0006 
INFO:root:VALID measures@1000 for class 1 - precision 0.0130 - recall 0.0367 - f1 0.0192 
INFO:root:VALID Total epoch time: 7.176431526007946
INFO:root:################ TRAIN epoch 53 ###################
INFO:root:TRAIN mean losses tensor(0.0423, device='cuda:0')
INFO:root:TRAIN mean errors 0.030554842203855515
INFO:root:TRAIN mean MRR 0.0 - mean MAP 0.1287231296300888
INFO:root:TRAIN tp {0: tensor(225664, device='cuda:0'), 1: tensor(779, device='cuda:0')},fn {0: tensor(3336, device='cuda:0'), 1: tensor(3801, device='cuda:0')},fp {0: tensor(3801, device='cuda:0'), 1: tensor(3336, device='cuda:0')}
INFO:root:TRAIN measures microavg - precision 0.9694 - recall 0.9694 - f1 0.9694 
INFO:root:TRAIN measures for class 0 - precision 0.9834 - recall 0.9854 - f1 0.9844 
INFO:root:TRAIN measures for class 1 - precision 0.1893 - recall 0.1701 - f1 0.1792 
INFO:root:TRAIN measures@10 microavg - precision 0.7556 - recall 0.0006 - f1 0.0012 
INFO:root:TRAIN measures@10 for class 0 - precision 0.9778 - recall 0.0004 - f1 0.0008 
INFO:root:TRAIN measures@10 for class 1 - precision 0.5333 - recall 0.0105 - f1 0.0206 
INFO:root:TRAIN measures@100 microavg - precision 0.6789 - recall 0.0052 - f1 0.0104 
INFO:root:TRAIN measures@100 for class 0 - precision 0.9833 - recall 0.0039 - f1 0.0077 
INFO:root:TRAIN measures@100 for class 1 - precision 0.3744 - recall 0.0736 - f1 0.1230 
INFO:root:TRAIN measures@1000 microavg - precision 0.7836 - recall 0.0412 - f1 0.0783 
INFO:root:TRAIN measures@1000 for class 0 - precision 0.9909 - recall 0.0389 - f1 0.0749 
INFO:root:TRAIN measures@1000 for class 1 - precision 0.2152 - recall 0.1541 - f1 0.1796 
INFO:root:TRAIN Total epoch time: 1.6316426450066501
INFO:root:=> saved epoch checkpoint 'saved_models/EvolveGCN/uc_irv_mess-20250515_035255/epoch_54.pkl'
INFO:root:################ VALID epoch 53 ###################
INFO:root:VALID mean losses tensor(0.0133, device='cuda:0')
INFO:root:VALID mean errors 0.003440000582486391
INFO:root:VALID mean MRR 0.07843612134456635 - mean MAP 0.005258052609860897
INFO:root:VALID tp {0: tensor(10781218, device='cuda:0'), 1: tensor(169, device='cuda:0')},fn {0: tensor(36321, device='cuda:0'), 1: tensor(895, device='cuda:0')},fp {0: tensor(895, device='cuda:0'), 1: tensor(36321, device='cuda:0')}
INFO:root:VALID measures microavg - precision 0.9966 - recall 0.9966 - f1 0.9966 
INFO:root:VALID measures for class 0 - precision 0.9999 - recall 0.9966 - f1 0.9983 
INFO:root:VALID measures for class 1 - precision 0.0046 - recall 0.1588 - f1 0.0090 
INFO:root:VALID measures@10 microavg - precision 0.5667 - recall 0.0000 - f1 0.0000 
INFO:root:VALID measures@10 for class 0 - precision 1.0000 - recall 0.0000 - f1 0.0000 
INFO:root:VALID measures@10 for class 1 - precision 0.1333 - recall 0.0038 - f1 0.0073 
INFO:root:VALID measures@100 microavg - precision 0.5200 - recall 0.0000 - f1 0.0001 
INFO:root:VALID measures@100 for class 0 - precision 0.9967 - recall 0.0000 - f1 0.0001 
INFO:root:VALID measures@100 for class 1 - precision 0.0433 - recall 0.0122 - f1 0.0191 
INFO:root:VALID measures@1000 microavg - precision 0.5043 - recall 0.0003 - f1 0.0006 
INFO:root:VALID measures@1000 for class 0 - precision 0.9997 - recall 0.0003 - f1 0.0006 
INFO:root:VALID measures@1000 for class 1 - precision 0.0090 - recall 0.0254 - f1 0.0133 
INFO:root:VALID Total epoch time: 7.07037111200043
INFO:root:################ TRAIN epoch 54 ###################
INFO:root:TRAIN mean losses tensor(0.0423, device='cuda:0')
INFO:root:TRAIN mean errors 0.029326140880584717
INFO:root:TRAIN mean MRR 0.0 - mean MAP 0.13072869181632996
INFO:root:TRAIN tp {0: tensor(225990, device='cuda:0'), 1: tensor(740, device='cuda:0')},fn {0: tensor(3010, device='cuda:0'), 1: tensor(3840, device='cuda:0')},fp {0: tensor(3840, device='cuda:0'), 1: tensor(3010, device='cuda:0')}
INFO:root:TRAIN measures microavg - precision 0.9707 - recall 0.9707 - f1 0.9707 
INFO:root:TRAIN measures for class 0 - precision 0.9833 - recall 0.9869 - f1 0.9851 
INFO:root:TRAIN measures for class 1 - precision 0.1973 - recall 0.1616 - f1 0.1777 
INFO:root:TRAIN measures@10 microavg - precision 0.7722 - recall 0.0006 - f1 0.0012 
INFO:root:TRAIN measures@10 for class 0 - precision 0.9889 - recall 0.0004 - f1 0.0008 
INFO:root:TRAIN measures@10 for class 1 - precision 0.5556 - recall 0.0109 - f1 0.0214 
INFO:root:TRAIN measures@100 microavg - precision 0.6856 - recall 0.0053 - f1 0.0105 
INFO:root:TRAIN measures@100 for class 0 - precision 0.9956 - recall 0.0039 - f1 0.0078 
INFO:root:TRAIN measures@100 for class 1 - precision 0.3756 - recall 0.0738 - f1 0.1234 
INFO:root:TRAIN measures@1000 microavg - precision 0.7819 - recall 0.0413 - f1 0.0784 
INFO:root:TRAIN measures@1000 for class 0 - precision 0.9931 - recall 0.0390 - f1 0.0751 
INFO:root:TRAIN measures@1000 for class 1 - precision 0.2113 - recall 0.1537 - f1 0.1780 
INFO:root:TRAIN Total epoch time: 1.723674128006678
INFO:root:=> saved epoch checkpoint 'saved_models/EvolveGCN/uc_irv_mess-20250515_035255/epoch_55.pkl'
INFO:root:################ VALID epoch 54 ###################
INFO:root:VALID mean losses tensor(0.0148, device='cuda:0')
INFO:root:VALID mean errors 0.00337936426512897
INFO:root:VALID mean MRR 0.07837441563606262 - mean MAP 0.005331593099981546
INFO:root:VALID tp {0: tensor(10781880, device='cuda:0'), 1: tensor(163, device='cuda:0')},fn {0: tensor(35659, device='cuda:0'), 1: tensor(901, device='cuda:0')},fp {0: tensor(901, device='cuda:0'), 1: tensor(35659, device='cuda:0')}
INFO:root:VALID measures microavg - precision 0.9966 - recall 0.9966 - f1 0.9966 
INFO:root:VALID measures for class 0 - precision 0.9999 - recall 0.9967 - f1 0.9983 
INFO:root:VALID measures for class 1 - precision 0.0046 - recall 0.1532 - f1 0.0088 
INFO:root:VALID measures@10 microavg - precision 0.5667 - recall 0.0000 - f1 0.0000 
INFO:root:VALID measures@10 for class 0 - precision 1.0000 - recall 0.0000 - f1 0.0000 
INFO:root:VALID measures@10 for class 1 - precision 0.1333 - recall 0.0038 - f1 0.0073 
INFO:root:VALID measures@100 microavg - precision 0.5217 - recall 0.0000 - f1 0.0001 
INFO:root:VALID measures@100 for class 0 - precision 1.0000 - recall 0.0000 - f1 0.0001 
INFO:root:VALID measures@100 for class 1 - precision 0.0433 - recall 0.0122 - f1 0.0191 
INFO:root:VALID measures@1000 microavg - precision 0.5042 - recall 0.0003 - f1 0.0006 
INFO:root:VALID measures@1000 for class 0 - precision 1.0000 - recall 0.0003 - f1 0.0006 
INFO:root:VALID measures@1000 for class 1 - precision 0.0083 - recall 0.0235 - f1 0.0123 
INFO:root:VALID Total epoch time: 7.08850086700113
INFO:root:################ TRAIN epoch 55 ###################
INFO:root:TRAIN mean losses tensor(0.0423, device='cuda:0')
INFO:root:TRAIN mean errors 0.03076033852994442
INFO:root:TRAIN mean MRR 0.0 - mean MAP 0.12842321395874023
INFO:root:TRAIN tp {0: tensor(225624, device='cuda:0'), 1: tensor(771, device='cuda:0')},fn {0: tensor(3376, device='cuda:0'), 1: tensor(3809, device='cuda:0')},fp {0: tensor(3809, device='cuda:0'), 1: tensor(3376, device='cuda:0')}
INFO:root:TRAIN measures microavg - precision 0.9692 - recall 0.9692 - f1 0.9692 
INFO:root:TRAIN measures for class 0 - precision 0.9834 - recall 0.9853 - f1 0.9843 
INFO:root:TRAIN measures for class 1 - precision 0.1859 - recall 0.1683 - f1 0.1767 
INFO:root:TRAIN measures@10 microavg - precision 0.7722 - recall 0.0006 - f1 0.0012 
INFO:root:TRAIN measures@10 for class 0 - precision 0.9778 - recall 0.0004 - f1 0.0008 
INFO:root:TRAIN measures@10 for class 1 - precision 0.5667 - recall 0.0111 - f1 0.0218 
INFO:root:TRAIN measures@100 microavg - precision 0.6844 - recall 0.0053 - f1 0.0105 
INFO:root:TRAIN measures@100 for class 0 - precision 0.9900 - recall 0.0039 - f1 0.0078 
INFO:root:TRAIN measures@100 for class 1 - precision 0.3789 - recall 0.0745 - f1 0.1245 
INFO:root:TRAIN measures@1000 microavg - precision 0.7755 - recall 0.0414 - f1 0.0785 
INFO:root:TRAIN measures@1000 for class 0 - precision 0.9932 - recall 0.0390 - f1 0.0751 
INFO:root:TRAIN measures@1000 for class 1 - precision 0.2086 - recall 0.1574 - f1 0.1794 
INFO:root:TRAIN Total epoch time: 1.7449047620029887
INFO:root:=> saved epoch checkpoint 'saved_models/EvolveGCN/uc_irv_mess-20250515_035255/epoch_56.pkl'
INFO:root:################ VALID epoch 55 ###################
INFO:root:VALID mean losses tensor(0.0104, device='cuda:0')
INFO:root:VALID mean errors 0.0020803979132324457
INFO:root:VALID mean MRR 0.07940497994422913 - mean MAP 0.006559424567967653
INFO:root:VALID tp {0: tensor(10795941, device='cuda:0'), 1: tensor(155, device='cuda:0')},fn {0: tensor(21598, device='cuda:0'), 1: tensor(909, device='cuda:0')},fp {0: tensor(909, device='cuda:0'), 1: tensor(21598, device='cuda:0')}
INFO:root:VALID measures microavg - precision 0.9979 - recall 0.9979 - f1 0.9979 
INFO:root:VALID measures for class 0 - precision 0.9999 - recall 0.9980 - f1 0.9990 
INFO:root:VALID measures for class 1 - precision 0.0071 - recall 0.1457 - f1 0.0136 
INFO:root:VALID measures@10 microavg - precision 0.5667 - recall 0.0000 - f1 0.0000 
INFO:root:VALID measures@10 for class 0 - precision 1.0000 - recall 0.0000 - f1 0.0000 
INFO:root:VALID measures@10 for class 1 - precision 0.1333 - recall 0.0038 - f1 0.0073 
INFO:root:VALID measures@100 microavg - precision 0.5317 - recall 0.0000 - f1 0.0001 
INFO:root:VALID measures@100 for class 0 - precision 1.0000 - recall 0.0000 - f1 0.0001 
INFO:root:VALID measures@100 for class 1 - precision 0.0633 - recall 0.0179 - f1 0.0279 
INFO:root:VALID measures@1000 microavg - precision 0.5067 - recall 0.0003 - f1 0.0006 
INFO:root:VALID measures@1000 for class 0 - precision 1.0000 - recall 0.0003 - f1 0.0006 
INFO:root:VALID measures@1000 for class 1 - precision 0.0133 - recall 0.0376 - f1 0.0197 
INFO:root:VALID Total epoch time: 7.061571666010423
INFO:root:################ TRAIN epoch 56 ###################
INFO:root:TRAIN mean losses tensor(0.0421, device='cuda:0')
INFO:root:TRAIN mean errors 0.0315309539437294
INFO:root:TRAIN mean MRR 0.0 - mean MAP 0.1293058544397354
INFO:root:TRAIN tp {0: tensor(225413, device='cuda:0'), 1: tensor(802, device='cuda:0')},fn {0: tensor(3587, device='cuda:0'), 1: tensor(3778, device='cuda:0')},fp {0: tensor(3778, device='cuda:0'), 1: tensor(3587, device='cuda:0')}
INFO:root:TRAIN measures microavg - precision 0.9685 - recall 0.9685 - f1 0.9685 
INFO:root:TRAIN measures for class 0 - precision 0.9835 - recall 0.9843 - f1 0.9839 
INFO:root:TRAIN measures for class 1 - precision 0.1827 - recall 0.1751 - f1 0.1788 
INFO:root:TRAIN measures@10 microavg - precision 0.7667 - recall 0.0006 - f1 0.0012 
INFO:root:TRAIN measures@10 for class 0 - precision 0.9778 - recall 0.0004 - f1 0.0008 
INFO:root:TRAIN measures@10 for class 1 - precision 0.5556 - recall 0.0109 - f1 0.0214 
INFO:root:TRAIN measures@100 microavg - precision 0.6867 - recall 0.0053 - f1 0.0105 
INFO:root:TRAIN measures@100 for class 0 - precision 0.9900 - recall 0.0039 - f1 0.0078 
INFO:root:TRAIN measures@100 for class 1 - precision 0.3833 - recall 0.0753 - f1 0.1259 
INFO:root:TRAIN measures@1000 microavg - precision 0.7663 - recall 0.0414 - f1 0.0785 
INFO:root:TRAIN measures@1000 for class 0 - precision 0.9908 - recall 0.0389 - f1 0.0749 
INFO:root:TRAIN measures@1000 for class 1 - precision 0.2066 - recall 0.1629 - f1 0.1822 
INFO:root:TRAIN Total epoch time: 1.7365293030015891
INFO:root:=> saved epoch checkpoint 'saved_models/EvolveGCN/uc_irv_mess-20250515_035255/epoch_57.pkl'
INFO:root:################ VALID epoch 56 ###################
INFO:root:VALID mean losses tensor(0.0115, device='cuda:0')
INFO:root:VALID mean errors 0.0027835387736558914
INFO:root:VALID mean MRR 0.08111779391765594 - mean MAP 0.00515130115672946
INFO:root:VALID tp {0: tensor(10788332, device='cuda:0'), 1: tensor(157, device='cuda:0')},fn {0: tensor(29207, device='cuda:0'), 1: tensor(907, device='cuda:0')},fp {0: tensor(907, device='cuda:0'), 1: tensor(29207, device='cuda:0')}
INFO:root:VALID measures microavg - precision 0.9972 - recall 0.9972 - f1 0.9972 
INFO:root:VALID measures for class 0 - precision 0.9999 - recall 0.9973 - f1 0.9986 
INFO:root:VALID measures for class 1 - precision 0.0053 - recall 0.1476 - f1 0.0103 
INFO:root:VALID measures@10 microavg - precision 0.5667 - recall 0.0000 - f1 0.0000 
INFO:root:VALID measures@10 for class 0 - precision 1.0000 - recall 0.0000 - f1 0.0000 
INFO:root:VALID measures@10 for class 1 - precision 0.1333 - recall 0.0038 - f1 0.0073 
INFO:root:VALID measures@100 microavg - precision 0.5283 - recall 0.0000 - f1 0.0001 
INFO:root:VALID measures@100 for class 0 - precision 1.0000 - recall 0.0000 - f1 0.0001 
INFO:root:VALID measures@100 for class 1 - precision 0.0567 - recall 0.0160 - f1 0.0249 
INFO:root:VALID measures@1000 microavg - precision 0.5050 - recall 0.0003 - f1 0.0006 
INFO:root:VALID measures@1000 for class 0 - precision 1.0000 - recall 0.0003 - f1 0.0006 
INFO:root:VALID measures@1000 for class 1 - precision 0.0100 - recall 0.0282 - f1 0.0148 
INFO:root:VALID Total epoch time: 7.140337692995672
INFO:root:################ TRAIN epoch 57 ###################
INFO:root:TRAIN mean losses tensor(0.0420, device='cuda:0')
INFO:root:TRAIN mean errors 0.030593372881412506
INFO:root:TRAIN mean MRR 0.0 - mean MAP 0.13222891092300415
INFO:root:TRAIN tp {0: tensor(225655, device='cuda:0'), 1: tensor(779, device='cuda:0')},fn {0: tensor(3345, device='cuda:0'), 1: tensor(3801, device='cuda:0')},fp {0: tensor(3801, device='cuda:0'), 1: tensor(3345, device='cuda:0')}
INFO:root:TRAIN measures microavg - precision 0.9694 - recall 0.9694 - f1 0.9694 
INFO:root:TRAIN measures for class 0 - precision 0.9834 - recall 0.9854 - f1 0.9844 
INFO:root:TRAIN measures for class 1 - precision 0.1889 - recall 0.1701 - f1 0.1790 
INFO:root:TRAIN measures@10 microavg - precision 0.7778 - recall 0.0006 - f1 0.0012 
INFO:root:TRAIN measures@10 for class 0 - precision 1.0000 - recall 0.0004 - f1 0.0008 
INFO:root:TRAIN measures@10 for class 1 - precision 0.5556 - recall 0.0109 - f1 0.0214 
INFO:root:TRAIN measures@100 microavg - precision 0.6806 - recall 0.0052 - f1 0.0104 
INFO:root:TRAIN measures@100 for class 0 - precision 0.9956 - recall 0.0039 - f1 0.0078 
INFO:root:TRAIN measures@100 for class 1 - precision 0.3656 - recall 0.0718 - f1 0.1201 
INFO:root:TRAIN measures@1000 microavg - precision 0.7441 - recall 0.0416 - f1 0.0788 
INFO:root:TRAIN measures@1000 for class 0 - precision 0.9928 - recall 0.0390 - f1 0.0751 
INFO:root:TRAIN measures@1000 for class 1 - precision 0.1919 - recall 0.1699 - f1 0.1802 
INFO:root:TRAIN Total epoch time: 1.7356319760001497
INFO:root:=> saved epoch checkpoint 'saved_models/EvolveGCN/uc_irv_mess-20250515_035255/epoch_58.pkl'
INFO:root:################ VALID epoch 57 ###################
INFO:root:VALID mean losses tensor(0.0129, device='cuda:0')
INFO:root:VALID mean errors 0.0033761290833353996
INFO:root:VALID mean MRR 0.07937365025281906 - mean MAP 0.005513474810868502
INFO:root:VALID tp {0: tensor(10781908, device='cuda:0'), 1: tensor(170, device='cuda:0')},fn {0: tensor(35631, device='cuda:0'), 1: tensor(894, device='cuda:0')},fp {0: tensor(894, device='cuda:0'), 1: tensor(35631, device='cuda:0')}
INFO:root:VALID measures microavg - precision 0.9966 - recall 0.9966 - f1 0.9966 
INFO:root:VALID measures for class 0 - precision 0.9999 - recall 0.9967 - f1 0.9983 
INFO:root:VALID measures for class 1 - precision 0.0047 - recall 0.1598 - f1 0.0092 
INFO:root:VALID measures@10 microavg - precision 0.5667 - recall 0.0000 - f1 0.0000 
INFO:root:VALID measures@10 for class 0 - precision 1.0000 - recall 0.0000 - f1 0.0000 
INFO:root:VALID measures@10 for class 1 - precision 0.1333 - recall 0.0038 - f1 0.0073 
INFO:root:VALID measures@100 microavg - precision 0.5300 - recall 0.0000 - f1 0.0001 
INFO:root:VALID measures@100 for class 0 - precision 1.0000 - recall 0.0000 - f1 0.0001 
INFO:root:VALID measures@100 for class 1 - precision 0.0600 - recall 0.0169 - f1 0.0264 
INFO:root:VALID measures@1000 microavg - precision 0.5052 - recall 0.0003 - f1 0.0006 
INFO:root:VALID measures@1000 for class 0 - precision 1.0000 - recall 0.0003 - f1 0.0006 
INFO:root:VALID measures@1000 for class 1 - precision 0.0103 - recall 0.0291 - f1 0.0153 
INFO:root:VALID Total epoch time: 7.084114697994664
INFO:root:################ TRAIN epoch 58 ###################
INFO:root:TRAIN mean losses tensor(0.0424, device='cuda:0')
INFO:root:TRAIN mean errors 0.02817022055387497
INFO:root:TRAIN mean MRR 0.0 - mean MAP 0.1322697401046753
INFO:root:TRAIN tp {0: tensor(226320, device='cuda:0'), 1: tensor(680, device='cuda:0')},fn {0: tensor(2680, device='cuda:0'), 1: tensor(3900, device='cuda:0')},fp {0: tensor(3900, device='cuda:0'), 1: tensor(2680, device='cuda:0')}
INFO:root:TRAIN measures microavg - precision 0.9718 - recall 0.9718 - f1 0.9718 
INFO:root:TRAIN measures for class 0 - precision 0.9831 - recall 0.9883 - f1 0.9857 
INFO:root:TRAIN measures for class 1 - precision 0.2024 - recall 0.1485 - f1 0.1713 
INFO:root:TRAIN measures@10 microavg - precision 0.8111 - recall 0.0006 - f1 0.0012 
INFO:root:TRAIN measures@10 for class 0 - precision 1.0000 - recall 0.0004 - f1 0.0008 
INFO:root:TRAIN measures@10 for class 1 - precision 0.6222 - recall 0.0122 - f1 0.0240 
INFO:root:TRAIN measures@100 microavg - precision 0.6916 - recall 0.0053 - f1 0.0105 
INFO:root:TRAIN measures@100 for class 0 - precision 0.9944 - recall 0.0039 - f1 0.0078 
INFO:root:TRAIN measures@100 for class 1 - precision 0.3818 - recall 0.0734 - f1 0.1231 
INFO:root:TRAIN measures@1000 microavg - precision 0.7795 - recall 0.0411 - f1 0.0782 
INFO:root:TRAIN measures@1000 for class 0 - precision 0.9923 - recall 0.0390 - f1 0.0751 
INFO:root:TRAIN measures@1000 for class 1 - precision 0.2040 - recall 0.1483 - f1 0.1717 
INFO:root:TRAIN Total epoch time: 1.7345505420089466
INFO:root:=> saved epoch checkpoint 'saved_models/EvolveGCN/uc_irv_mess-20250515_035255/epoch_59.pkl'
INFO:root:################ VALID epoch 58 ###################
INFO:root:VALID mean losses tensor(0.0150, device='cuda:0')
INFO:root:VALID mean errors 0.0038966212887316942
INFO:root:VALID mean MRR 0.07836461812257767 - mean MAP 0.0054714977741241455
INFO:root:VALID tp {0: tensor(10776255, device='cuda:0'), 1: tensor(192, device='cuda:0')},fn {0: tensor(41284, device='cuda:0'), 1: tensor(872, device='cuda:0')},fp {0: tensor(872, device='cuda:0'), 1: tensor(41284, device='cuda:0')}
INFO:root:VALID measures microavg - precision 0.9961 - recall 0.9961 - f1 0.9961 
INFO:root:VALID measures for class 0 - precision 0.9999 - recall 0.9962 - f1 0.9980 
INFO:root:VALID measures for class 1 - precision 0.0046 - recall 0.1805 - f1 0.0090 
INFO:root:VALID measures@10 microavg - precision 0.5500 - recall 0.0000 - f1 0.0000 
INFO:root:VALID measures@10 for class 0 - precision 1.0000 - recall 0.0000 - f1 0.0000 
INFO:root:VALID measures@10 for class 1 - precision 0.1000 - recall 0.0028 - f1 0.0055 
INFO:root:VALID measures@100 microavg - precision 0.5250 - recall 0.0000 - f1 0.0001 
INFO:root:VALID measures@100 for class 0 - precision 1.0000 - recall 0.0000 - f1 0.0001 
INFO:root:VALID measures@100 for class 1 - precision 0.0500 - recall 0.0141 - f1 0.0220 
INFO:root:VALID measures@1000 microavg - precision 0.5038 - recall 0.0003 - f1 0.0006 
INFO:root:VALID measures@1000 for class 0 - precision 0.9997 - recall 0.0003 - f1 0.0006 
INFO:root:VALID measures@1000 for class 1 - precision 0.0080 - recall 0.0226 - f1 0.0118 
INFO:root:VALID Total epoch time: 7.093958601995837
INFO:root:################ TRAIN epoch 59 ###################
INFO:root:TRAIN mean losses tensor(0.0425, device='cuda:0')
INFO:root:TRAIN mean errors 0.03131261095404625
INFO:root:TRAIN mean MRR 0.0 - mean MAP 0.12895892560482025
INFO:root:TRAIN tp {0: tensor(225538, device='cuda:0'), 1: tensor(728, device='cuda:0')},fn {0: tensor(3462, device='cuda:0'), 1: tensor(3852, device='cuda:0')},fp {0: tensor(3852, device='cuda:0'), 1: tensor(3462, device='cuda:0')}
INFO:root:TRAIN measures microavg - precision 0.9687 - recall 0.9687 - f1 0.9687 
INFO:root:TRAIN measures for class 0 - precision 0.9832 - recall 0.9849 - f1 0.9840 
INFO:root:TRAIN measures for class 1 - precision 0.1737 - recall 0.1590 - f1 0.1660 
INFO:root:TRAIN measures@10 microavg - precision 0.7778 - recall 0.0006 - f1 0.0012 
INFO:root:TRAIN measures@10 for class 0 - precision 1.0000 - recall 0.0004 - f1 0.0008 
INFO:root:TRAIN measures@10 for class 1 - precision 0.5556 - recall 0.0109 - f1 0.0214 
INFO:root:TRAIN measures@100 microavg - precision 0.6960 - recall 0.0053 - f1 0.0105 
INFO:root:TRAIN measures@100 for class 0 - precision 0.9956 - recall 0.0039 - f1 0.0078 
INFO:root:TRAIN measures@100 for class 1 - precision 0.3872 - recall 0.0738 - f1 0.1240 
INFO:root:TRAIN measures@1000 microavg - precision 0.7934 - recall 0.0410 - f1 0.0779 
INFO:root:TRAIN measures@1000 for class 0 - precision 0.9916 - recall 0.0390 - f1 0.0750 
INFO:root:TRAIN measures@1000 for class 1 - precision 0.2112 - recall 0.1413 - f1 0.1693 
INFO:root:TRAIN Total epoch time: 1.7301853709941497
INFO:root:=> saved epoch checkpoint 'saved_models/EvolveGCN/uc_irv_mess-20250515_035255/epoch_60.pkl'
INFO:root:################ VALID epoch 59 ###################
INFO:root:VALID mean losses tensor(0.0110, device='cuda:0')
INFO:root:VALID mean errors 0.0017823002999648452
INFO:root:VALID mean MRR 0.07854042202234268 - mean MAP 0.005203010514378548
INFO:root:VALID tp {0: tensor(10799199, device='cuda:0'), 1: tensor(122, device='cuda:0')},fn {0: tensor(18340, device='cuda:0'), 1: tensor(942, device='cuda:0')},fp {0: tensor(942, device='cuda:0'), 1: tensor(18340, device='cuda:0')}
INFO:root:VALID measures microavg - precision 0.9982 - recall 0.9982 - f1 0.9982 
INFO:root:VALID measures for class 0 - precision 0.9999 - recall 0.9983 - f1 0.9991 
INFO:root:VALID measures for class 1 - precision 0.0066 - recall 0.1147 - f1 0.0125 
INFO:root:VALID measures@10 microavg - precision 0.5500 - recall 0.0000 - f1 0.0000 
INFO:root:VALID measures@10 for class 0 - precision 1.0000 - recall 0.0000 - f1 0.0000 
INFO:root:VALID measures@10 for class 1 - precision 0.1000 - recall 0.0028 - f1 0.0055 
INFO:root:VALID measures@100 microavg - precision 0.5250 - recall 0.0000 - f1 0.0001 
INFO:root:VALID measures@100 for class 0 - precision 1.0000 - recall 0.0000 - f1 0.0001 
INFO:root:VALID measures@100 for class 1 - precision 0.0500 - recall 0.0141 - f1 0.0220 
INFO:root:VALID measures@1000 microavg - precision 0.5050 - recall 0.0003 - f1 0.0006 
INFO:root:VALID measures@1000 for class 0 - precision 1.0000 - recall 0.0003 - f1 0.0006 
INFO:root:VALID measures@1000 for class 1 - precision 0.0100 - recall 0.0282 - f1 0.0148 
INFO:root:VALID Total epoch time: 7.084946821996709
INFO:root:################ TRAIN epoch 60 ###################
INFO:root:TRAIN mean losses tensor(0.0421, device='cuda:0')
INFO:root:TRAIN mean errors 0.0312269888818264
INFO:root:TRAIN mean MRR 0.0 - mean MAP 0.13197684288024902
INFO:root:TRAIN tp {0: tensor(225472, device='cuda:0'), 1: tensor(814, device='cuda:0')},fn {0: tensor(3528, device='cuda:0'), 1: tensor(3766, device='cuda:0')},fp {0: tensor(3766, device='cuda:0'), 1: tensor(3528, device='cuda:0')}
INFO:root:TRAIN measures microavg - precision 0.9688 - recall 0.9688 - f1 0.9688 
INFO:root:TRAIN measures for class 0 - precision 0.9836 - recall 0.9846 - f1 0.9841 
INFO:root:TRAIN measures for class 1 - precision 0.1875 - recall 0.1777 - f1 0.1825 
INFO:root:TRAIN measures@10 microavg - precision 0.7833 - recall 0.0006 - f1 0.0012 
INFO:root:TRAIN measures@10 for class 0 - precision 0.9778 - recall 0.0004 - f1 0.0008 
INFO:root:TRAIN measures@10 for class 1 - precision 0.5889 - recall 0.0116 - f1 0.0227 
INFO:root:TRAIN measures@100 microavg - precision 0.6876 - recall 0.0053 - f1 0.0105 
INFO:root:TRAIN measures@100 for class 0 - precision 0.9922 - recall 0.0039 - f1 0.0078 
INFO:root:TRAIN measures@100 for class 1 - precision 0.3826 - recall 0.0751 - f1 0.1256 
INFO:root:TRAIN measures@1000 microavg - precision 0.7371 - recall 0.0417 - f1 0.0789 
INFO:root:TRAIN measures@1000 for class 0 - precision 0.9930 - recall 0.0390 - f1 0.0751 
INFO:root:TRAIN measures@1000 for class 1 - precision 0.1907 - recall 0.1755 - f1 0.1828 
INFO:root:TRAIN Total epoch time: 1.7111946599907242
INFO:root:=> saved epoch checkpoint 'saved_models/EvolveGCN/uc_irv_mess-20250515_035255/epoch_61.pkl'
INFO:root:################ VALID epoch 60 ###################
INFO:root:VALID mean losses tensor(0.0101, device='cuda:0')
INFO:root:VALID mean errors 0.0021193125285208225
INFO:root:VALID mean MRR 0.07939154654741287 - mean MAP 0.005775842349976301
INFO:root:VALID tp {0: tensor(10795526, device='cuda:0'), 1: tensor(149, device='cuda:0')},fn {0: tensor(22013, device='cuda:0'), 1: tensor(915, device='cuda:0')},fp {0: tensor(915, device='cuda:0'), 1: tensor(22013, device='cuda:0')}
INFO:root:VALID measures microavg - precision 0.9979 - recall 0.9979 - f1 0.9979 
INFO:root:VALID measures for class 0 - precision 0.9999 - recall 0.9980 - f1 0.9989 
INFO:root:VALID measures for class 1 - precision 0.0067 - recall 0.1400 - f1 0.0128 
INFO:root:VALID measures@10 microavg - precision 0.5500 - recall 0.0000 - f1 0.0000 
INFO:root:VALID measures@10 for class 0 - precision 1.0000 - recall 0.0000 - f1 0.0000 
INFO:root:VALID measures@10 for class 1 - precision 0.1000 - recall 0.0028 - f1 0.0055 
INFO:root:VALID measures@100 microavg - precision 0.5317 - recall 0.0000 - f1 0.0001 
INFO:root:VALID measures@100 for class 0 - precision 1.0000 - recall 0.0000 - f1 0.0001 
INFO:root:VALID measures@100 for class 1 - precision 0.0633 - recall 0.0179 - f1 0.0279 
INFO:root:VALID measures@1000 microavg - precision 0.5063 - recall 0.0003 - f1 0.0006 
INFO:root:VALID measures@1000 for class 0 - precision 0.9997 - recall 0.0003 - f1 0.0006 
INFO:root:VALID measures@1000 for class 1 - precision 0.0130 - recall 0.0367 - f1 0.0192 
INFO:root:VALID Total epoch time: 7.0756149319931865
INFO:root:################ TRAIN epoch 61 ###################
INFO:root:TRAIN mean losses tensor(0.0419, device='cuda:0')
INFO:root:TRAIN mean errors 0.03007962927222252
INFO:root:TRAIN mean MRR 0.0 - mean MAP 0.13437332212924957
INFO:root:TRAIN tp {0: tensor(225791, device='cuda:0'), 1: tensor(763, device='cuda:0')},fn {0: tensor(3209, device='cuda:0'), 1: tensor(3817, device='cuda:0')},fp {0: tensor(3817, device='cuda:0'), 1: tensor(3209, device='cuda:0')}
INFO:root:TRAIN measures microavg - precision 0.9699 - recall 0.9699 - f1 0.9699 
INFO:root:TRAIN measures for class 0 - precision 0.9834 - recall 0.9860 - f1 0.9847 
INFO:root:TRAIN measures for class 1 - precision 0.1921 - recall 0.1666 - f1 0.1784 
INFO:root:TRAIN measures@10 microavg - precision 0.7833 - recall 0.0006 - f1 0.0012 
INFO:root:TRAIN measures@10 for class 0 - precision 0.9889 - recall 0.0004 - f1 0.0008 
INFO:root:TRAIN measures@10 for class 1 - precision 0.5778 - recall 0.0114 - f1 0.0223 
INFO:root:TRAIN measures@100 microavg - precision 0.6917 - recall 0.0053 - f1 0.0106 
INFO:root:TRAIN measures@100 for class 0 - precision 0.9933 - recall 0.0039 - f1 0.0078 
INFO:root:TRAIN measures@100 for class 1 - precision 0.3900 - recall 0.0766 - f1 0.1281 
INFO:root:TRAIN measures@1000 microavg - precision 0.7620 - recall 0.0415 - f1 0.0787 
INFO:root:TRAIN measures@1000 for class 0 - precision 0.9936 - recall 0.0390 - f1 0.0751 
INFO:root:TRAIN measures@1000 for class 1 - precision 0.2010 - recall 0.1631 - f1 0.1801 
INFO:root:TRAIN Total epoch time: 1.775153805006994
INFO:root:=> saved epoch checkpoint 'saved_models/EvolveGCN/uc_irv_mess-20250515_035255/epoch_62.pkl'
INFO:root:################ VALID epoch 61 ###################
INFO:root:VALID mean losses tensor(0.0118, device='cuda:0')
INFO:root:VALID mean errors 0.0028210666496306658
INFO:root:VALID mean MRR 0.07964225113391876 - mean MAP 0.006253696978092194
INFO:root:VALID tp {0: tensor(10787912, device='cuda:0'), 1: tensor(171, device='cuda:0')},fn {0: tensor(29627, device='cuda:0'), 1: tensor(893, device='cuda:0')},fp {0: tensor(893, device='cuda:0'), 1: tensor(29627, device='cuda:0')}
INFO:root:VALID measures microavg - precision 0.9972 - recall 0.9972 - f1 0.9972 
INFO:root:VALID measures for class 0 - precision 0.9999 - recall 0.9973 - f1 0.9986 
INFO:root:VALID measures for class 1 - precision 0.0057 - recall 0.1607 - f1 0.0111 
INFO:root:VALID measures@10 microavg - precision 0.5333 - recall 0.0000 - f1 0.0000 
INFO:root:VALID measures@10 for class 0 - precision 1.0000 - recall 0.0000 - f1 0.0000 
INFO:root:VALID measures@10 for class 1 - precision 0.0667 - recall 0.0019 - f1 0.0037 
INFO:root:VALID measures@100 microavg - precision 0.5317 - recall 0.0000 - f1 0.0001 
INFO:root:VALID measures@100 for class 0 - precision 1.0000 - recall 0.0000 - f1 0.0001 
INFO:root:VALID measures@100 for class 1 - precision 0.0633 - recall 0.0179 - f1 0.0279 
INFO:root:VALID measures@1000 microavg - precision 0.5055 - recall 0.0003 - f1 0.0006 
INFO:root:VALID measures@1000 for class 0 - precision 0.9997 - recall 0.0003 - f1 0.0006 
INFO:root:VALID measures@1000 for class 1 - precision 0.0113 - recall 0.0320 - f1 0.0167 
INFO:root:VALID Total epoch time: 7.072997511990252
INFO:root:################ TRAIN epoch 62 ###################
INFO:root:TRAIN mean losses tensor(0.0418, device='cuda:0')
INFO:root:TRAIN mean errors 0.030396437272429466
INFO:root:TRAIN mean MRR 0.0 - mean MAP 0.13523955643177032
INFO:root:TRAIN tp {0: tensor(225671, device='cuda:0'), 1: tensor(809, device='cuda:0')},fn {0: tensor(3329, device='cuda:0'), 1: tensor(3771, device='cuda:0')},fp {0: tensor(3771, device='cuda:0'), 1: tensor(3329, device='cuda:0')}
INFO:root:TRAIN measures microavg - precision 0.9696 - recall 0.9696 - f1 0.9696 
INFO:root:TRAIN measures for class 0 - precision 0.9836 - recall 0.9855 - f1 0.9845 
INFO:root:TRAIN measures for class 1 - precision 0.1955 - recall 0.1766 - f1 0.1856 
INFO:root:TRAIN measures@10 microavg - precision 0.7722 - recall 0.0006 - f1 0.0012 
INFO:root:TRAIN measures@10 for class 0 - precision 0.9889 - recall 0.0004 - f1 0.0008 
INFO:root:TRAIN measures@10 for class 1 - precision 0.5556 - recall 0.0109 - f1 0.0214 
INFO:root:TRAIN measures@100 microavg - precision 0.6956 - recall 0.0054 - f1 0.0106 
INFO:root:TRAIN measures@100 for class 0 - precision 0.9911 - recall 0.0039 - f1 0.0078 
INFO:root:TRAIN measures@100 for class 1 - precision 0.4000 - recall 0.0786 - f1 0.1314 
INFO:root:TRAIN measures@1000 microavg - precision 0.7630 - recall 0.0415 - f1 0.0788 
INFO:root:TRAIN measures@1000 for class 0 - precision 0.9921 - recall 0.0390 - f1 0.0750 
INFO:root:TRAIN measures@1000 for class 1 - precision 0.2078 - recall 0.1686 - f1 0.1861 
INFO:root:TRAIN Total epoch time: 1.6431483650085283
INFO:root:=> saved epoch checkpoint 'saved_models/EvolveGCN/uc_irv_mess-20250515_035255/epoch_63.pkl'
INFO:root:################ VALID epoch 62 ###################
INFO:root:VALID mean losses tensor(0.0121, device='cuda:0')
INFO:root:VALID mean errors 0.0036294888705015182
INFO:root:VALID mean MRR 0.08110270649194717 - mean MAP 0.005417320411652327
INFO:root:VALID tp {0: tensor(10779167, device='cuda:0'), 1: tensor(170, device='cuda:0')},fn {0: tensor(38372, device='cuda:0'), 1: tensor(894, device='cuda:0')},fp {0: tensor(894, device='cuda:0'), 1: tensor(38372, device='cuda:0')}
INFO:root:VALID measures microavg - precision 0.9964 - recall 0.9964 - f1 0.9964 
INFO:root:VALID measures for class 0 - precision 0.9999 - recall 0.9965 - f1 0.9982 
INFO:root:VALID measures for class 1 - precision 0.0044 - recall 0.1598 - f1 0.0086 
INFO:root:VALID measures@10 microavg - precision 0.5500 - recall 0.0000 - f1 0.0000 
INFO:root:VALID measures@10 for class 0 - precision 1.0000 - recall 0.0000 - f1 0.0000 
INFO:root:VALID measures@10 for class 1 - precision 0.1000 - recall 0.0028 - f1 0.0055 
INFO:root:VALID measures@100 microavg - precision 0.5317 - recall 0.0000 - f1 0.0001 
INFO:root:VALID measures@100 for class 0 - precision 1.0000 - recall 0.0000 - f1 0.0001 
INFO:root:VALID measures@100 for class 1 - precision 0.0633 - recall 0.0179 - f1 0.0279 
INFO:root:VALID measures@1000 microavg - precision 0.5047 - recall 0.0003 - f1 0.0006 
INFO:root:VALID measures@1000 for class 0 - precision 1.0000 - recall 0.0003 - f1 0.0006 
INFO:root:VALID measures@1000 for class 1 - precision 0.0093 - recall 0.0263 - f1 0.0138 
INFO:root:VALID Total epoch time: 7.060783506996813
INFO:root:################ TRAIN epoch 63 ###################
INFO:root:TRAIN mean losses tensor(0.0418, device='cuda:0')
INFO:root:TRAIN mean errors 0.030918743461370468
INFO:root:TRAIN mean MRR 0.0 - mean MAP 0.13386036455631256
INFO:root:TRAIN tp {0: tensor(225550, device='cuda:0'), 1: tensor(808, device='cuda:0')},fn {0: tensor(3450, device='cuda:0'), 1: tensor(3772, device='cuda:0')},fp {0: tensor(3772, device='cuda:0'), 1: tensor(3450, device='cuda:0')}
INFO:root:TRAIN measures microavg - precision 0.9691 - recall 0.9691 - f1 0.9691 
INFO:root:TRAIN measures for class 0 - precision 0.9836 - recall 0.9849 - f1 0.9842 
INFO:root:TRAIN measures for class 1 - precision 0.1898 - recall 0.1764 - f1 0.1828 
INFO:root:TRAIN measures@10 microavg - precision 0.7833 - recall 0.0006 - f1 0.0012 
INFO:root:TRAIN measures@10 for class 0 - precision 0.9889 - recall 0.0004 - f1 0.0008 
INFO:root:TRAIN measures@10 for class 1 - precision 0.5778 - recall 0.0114 - f1 0.0223 
INFO:root:TRAIN measures@100 microavg - precision 0.6911 - recall 0.0053 - f1 0.0106 
INFO:root:TRAIN measures@100 for class 0 - precision 0.9922 - recall 0.0039 - f1 0.0078 
INFO:root:TRAIN measures@100 for class 1 - precision 0.3900 - recall 0.0766 - f1 0.1281 
INFO:root:TRAIN measures@1000 microavg - precision 0.7440 - recall 0.0417 - f1 0.0790 
INFO:root:TRAIN measures@1000 for class 0 - precision 0.9936 - recall 0.0390 - f1 0.0751 
INFO:root:TRAIN measures@1000 for class 1 - precision 0.1947 - recall 0.1738 - f1 0.1837 
INFO:root:TRAIN Total epoch time: 1.7088268869993044
INFO:root:=> saved epoch checkpoint 'saved_models/EvolveGCN/uc_irv_mess-20250515_035255/epoch_64.pkl'
INFO:root:################ VALID epoch 63 ###################
INFO:root:VALID mean losses tensor(0.0117, device='cuda:0')
INFO:root:VALID mean errors 0.0032188999466598034
INFO:root:VALID mean MRR 0.07997561246156693 - mean MAP 0.005797794088721275
INFO:root:VALID tp {0: tensor(10783606, device='cuda:0'), 1: tensor(173, device='cuda:0')},fn {0: tensor(33933, device='cuda:0'), 1: tensor(891, device='cuda:0')},fp {0: tensor(891, device='cuda:0'), 1: tensor(33933, device='cuda:0')}
INFO:root:VALID measures microavg - precision 0.9968 - recall 0.9968 - f1 0.9968 
INFO:root:VALID measures for class 0 - precision 0.9999 - recall 0.9969 - f1 0.9984 
INFO:root:VALID measures for class 1 - precision 0.0051 - recall 0.1626 - f1 0.0098 
INFO:root:VALID measures@10 microavg - precision 0.5500 - recall 0.0000 - f1 0.0000 
INFO:root:VALID measures@10 for class 0 - precision 1.0000 - recall 0.0000 - f1 0.0000 
INFO:root:VALID measures@10 for class 1 - precision 0.1000 - recall 0.0028 - f1 0.0055 
INFO:root:VALID measures@100 microavg - precision 0.5317 - recall 0.0000 - f1 0.0001 
INFO:root:VALID measures@100 for class 0 - precision 1.0000 - recall 0.0000 - f1 0.0001 
INFO:root:VALID measures@100 for class 1 - precision 0.0633 - recall 0.0179 - f1 0.0279 
INFO:root:VALID measures@1000 microavg - precision 0.5048 - recall 0.0003 - f1 0.0006 
INFO:root:VALID measures@1000 for class 0 - precision 1.0000 - recall 0.0003 - f1 0.0006 
INFO:root:VALID measures@1000 for class 1 - precision 0.0097 - recall 0.0273 - f1 0.0143 
INFO:root:VALID Total epoch time: 7.113426297990372
INFO:root:################ TRAIN epoch 64 ###################
INFO:root:TRAIN mean losses tensor(0.0418, device='cuda:0')
INFO:root:TRAIN mean errors 0.03052915446460247
INFO:root:TRAIN mean MRR 0.0 - mean MAP 0.13288624584674835
INFO:root:TRAIN tp {0: tensor(225640, device='cuda:0'), 1: tensor(809, device='cuda:0')},fn {0: tensor(3360, device='cuda:0'), 1: tensor(3771, device='cuda:0')},fp {0: tensor(3771, device='cuda:0'), 1: tensor(3360, device='cuda:0')}
INFO:root:TRAIN measures microavg - precision 0.9695 - recall 0.9695 - f1 0.9695 
INFO:root:TRAIN measures for class 0 - precision 0.9836 - recall 0.9853 - f1 0.9844 
INFO:root:TRAIN measures for class 1 - precision 0.1941 - recall 0.1766 - f1 0.1849 
INFO:root:TRAIN measures@10 microavg - precision 0.8056 - recall 0.0006 - f1 0.0012 
INFO:root:TRAIN measures@10 for class 0 - precision 0.9778 - recall 0.0004 - f1 0.0008 
INFO:root:TRAIN measures@10 for class 1 - precision 0.6333 - recall 0.0124 - f1 0.0244 
INFO:root:TRAIN measures@100 microavg - precision 0.6889 - recall 0.0053 - f1 0.0105 
INFO:root:TRAIN measures@100 for class 0 - precision 0.9900 - recall 0.0039 - f1 0.0078 
INFO:root:TRAIN measures@100 for class 1 - precision 0.3878 - recall 0.0762 - f1 0.1274 
INFO:root:TRAIN measures@1000 microavg - precision 0.7409 - recall 0.0418 - f1 0.0790 
INFO:root:TRAIN measures@1000 for class 0 - precision 0.9938 - recall 0.0391 - f1 0.0752 
INFO:root:TRAIN measures@1000 for class 1 - precision 0.1941 - recall 0.1764 - f1 0.1848 
INFO:root:TRAIN Total epoch time: 1.6628299540025182
INFO:root:=> saved epoch checkpoint 'saved_models/EvolveGCN/uc_irv_mess-20250515_035255/epoch_65.pkl'
INFO:root:################ VALID epoch 64 ###################
INFO:root:VALID mean losses tensor(0.0117, device='cuda:0')
INFO:root:VALID mean errors 0.0029871694277971983
INFO:root:VALID mean MRR 0.08126950263977051 - mean MAP 0.006596825085580349
INFO:root:VALID tp {0: tensor(10786118, device='cuda:0'), 1: tensor(168, device='cuda:0')},fn {0: tensor(31421, device='cuda:0'), 1: tensor(896, device='cuda:0')},fp {0: tensor(896, device='cuda:0'), 1: tensor(31421, device='cuda:0')}
INFO:root:VALID measures microavg - precision 0.9970 - recall 0.9970 - f1 0.9970 
INFO:root:VALID measures for class 0 - precision 0.9999 - recall 0.9971 - f1 0.9985 
INFO:root:VALID measures for class 1 - precision 0.0053 - recall 0.1579 - f1 0.0103 
INFO:root:VALID measures@10 microavg - precision 0.5333 - recall 0.0000 - f1 0.0000 
INFO:root:VALID measures@10 for class 0 - precision 1.0000 - recall 0.0000 - f1 0.0000 
INFO:root:VALID measures@10 for class 1 - precision 0.0667 - recall 0.0019 - f1 0.0037 
INFO:root:VALID measures@100 microavg - precision 0.5333 - recall 0.0000 - f1 0.0001 
INFO:root:VALID measures@100 for class 0 - precision 1.0000 - recall 0.0000 - f1 0.0001 
INFO:root:VALID measures@100 for class 1 - precision 0.0667 - recall 0.0188 - f1 0.0293 
INFO:root:VALID measures@1000 microavg - precision 0.5062 - recall 0.0003 - f1 0.0006 
INFO:root:VALID measures@1000 for class 0 - precision 1.0000 - recall 0.0003 - f1 0.0006 
INFO:root:VALID measures@1000 for class 1 - precision 0.0123 - recall 0.0348 - f1 0.0182 
INFO:root:VALID Total epoch time: 7.121365674000117
INFO:root:################ TRAIN epoch 65 ###################
INFO:root:TRAIN mean losses tensor(0.0417, device='cuda:0')
INFO:root:TRAIN mean errors 0.030524874106049538
INFO:root:TRAIN mean MRR 0.0 - mean MAP 0.1335875689983368
INFO:root:TRAIN tp {0: tensor(225665, device='cuda:0'), 1: tensor(785, device='cuda:0')},fn {0: tensor(3335, device='cuda:0'), 1: tensor(3795, device='cuda:0')},fp {0: tensor(3795, device='cuda:0'), 1: tensor(3335, device='cuda:0')}
INFO:root:TRAIN measures microavg - precision 0.9695 - recall 0.9695 - f1 0.9695 
INFO:root:TRAIN measures for class 0 - precision 0.9835 - recall 0.9854 - f1 0.9844 
INFO:root:TRAIN measures for class 1 - precision 0.1905 - recall 0.1714 - f1 0.1805 
INFO:root:TRAIN measures@10 microavg - precision 0.7778 - recall 0.0006 - f1 0.0012 
INFO:root:TRAIN measures@10 for class 0 - precision 1.0000 - recall 0.0004 - f1 0.0008 
INFO:root:TRAIN measures@10 for class 1 - precision 0.5556 - recall 0.0109 - f1 0.0214 
INFO:root:TRAIN measures@100 microavg - precision 0.6894 - recall 0.0053 - f1 0.0105 
INFO:root:TRAIN measures@100 for class 0 - precision 0.9933 - recall 0.0039 - f1 0.0078 
INFO:root:TRAIN measures@100 for class 1 - precision 0.3856 - recall 0.0758 - f1 0.1266 
INFO:root:TRAIN measures@1000 microavg - precision 0.7402 - recall 0.0416 - f1 0.0787 
INFO:root:TRAIN measures@1000 for class 0 - precision 0.9919 - recall 0.0390 - f1 0.0750 
INFO:root:TRAIN measures@1000 for class 1 - precision 0.1905 - recall 0.1714 - f1 0.1805 
INFO:root:TRAIN Total epoch time: 1.6780604579980718
INFO:root:=> saved epoch checkpoint 'saved_models/EvolveGCN/uc_irv_mess-20250515_035255/epoch_66.pkl'
INFO:root:################ VALID epoch 65 ###################
INFO:root:VALID mean losses tensor(0.0115, device='cuda:0')
INFO:root:VALID mean errors 0.0029895727057009935
INFO:root:VALID mean MRR 0.08130522072315216 - mean MAP 0.006413602270185947
INFO:root:VALID tp {0: tensor(10786093, device='cuda:0'), 1: tensor(167, device='cuda:0')},fn {0: tensor(31446, device='cuda:0'), 1: tensor(897, device='cuda:0')},fp {0: tensor(897, device='cuda:0'), 1: tensor(31446, device='cuda:0')}
INFO:root:VALID measures microavg - precision 0.9970 - recall 0.9970 - f1 0.9970 
INFO:root:VALID measures for class 0 - precision 0.9999 - recall 0.9971 - f1 0.9985 
INFO:root:VALID measures for class 1 - precision 0.0053 - recall 0.1570 - f1 0.0102 
INFO:root:VALID measures@10 microavg - precision 0.5500 - recall 0.0000 - f1 0.0000 
INFO:root:VALID measures@10 for class 0 - precision 1.0000 - recall 0.0000 - f1 0.0000 
INFO:root:VALID measures@10 for class 1 - precision 0.1000 - recall 0.0028 - f1 0.0055 
INFO:root:VALID measures@100 microavg - precision 0.5333 - recall 0.0000 - f1 0.0001 
INFO:root:VALID measures@100 for class 0 - precision 1.0000 - recall 0.0000 - f1 0.0001 
INFO:root:VALID measures@100 for class 1 - precision 0.0667 - recall 0.0188 - f1 0.0293 
INFO:root:VALID measures@1000 microavg - precision 0.5057 - recall 0.0003 - f1 0.0006 
INFO:root:VALID measures@1000 for class 0 - precision 0.9997 - recall 0.0003 - f1 0.0006 
INFO:root:VALID measures@1000 for class 1 - precision 0.0117 - recall 0.0329 - f1 0.0172 
INFO:root:VALID Total epoch time: 7.094116178996046
INFO:root:################ TRAIN epoch 66 ###################
INFO:root:TRAIN mean losses tensor(0.0416, device='cuda:0')
INFO:root:TRAIN mean errors 0.030340783298015594
INFO:root:TRAIN mean MRR 0.0 - mean MAP 0.13698922097682953
INFO:root:TRAIN tp {0: tensor(225691, device='cuda:0'), 1: tensor(802, device='cuda:0')},fn {0: tensor(3309, device='cuda:0'), 1: tensor(3778, device='cuda:0')},fp {0: tensor(3778, device='cuda:0'), 1: tensor(3309, device='cuda:0')}
INFO:root:TRAIN measures microavg - precision 0.9697 - recall 0.9697 - f1 0.9697 
INFO:root:TRAIN measures for class 0 - precision 0.9835 - recall 0.9856 - f1 0.9845 
INFO:root:TRAIN measures for class 1 - precision 0.1951 - recall 0.1751 - f1 0.1846 
INFO:root:TRAIN measures@10 microavg - precision 0.8000 - recall 0.0006 - f1 0.0012 
INFO:root:TRAIN measures@10 for class 0 - precision 1.0000 - recall 0.0004 - f1 0.0008 
INFO:root:TRAIN measures@10 for class 1 - precision 0.6000 - recall 0.0118 - f1 0.0231 
INFO:root:TRAIN measures@100 microavg - precision 0.6961 - recall 0.0054 - f1 0.0106 
INFO:root:TRAIN measures@100 for class 0 - precision 0.9956 - recall 0.0039 - f1 0.0078 
INFO:root:TRAIN measures@100 for class 1 - precision 0.3967 - recall 0.0779 - f1 0.1303 
INFO:root:TRAIN measures@1000 microavg - precision 0.7428 - recall 0.0417 - f1 0.0790 
INFO:root:TRAIN measures@1000 for class 0 - precision 0.9930 - recall 0.0390 - f1 0.0751 
INFO:root:TRAIN measures@1000 for class 1 - precision 0.1951 - recall 0.1751 - f1 0.1846 
INFO:root:TRAIN Total epoch time: 1.648463168006856
INFO:root:=> saved epoch checkpoint 'saved_models/EvolveGCN/uc_irv_mess-20250515_035255/epoch_67.pkl'
INFO:root:################ VALID epoch 66 ###################
INFO:root:VALID mean losses tensor(0.0111, device='cuda:0')
INFO:root:VALID mean errors 0.0029361462220549583
INFO:root:VALID mean MRR 0.0794035792350769 - mean MAP 0.006484901066869497
INFO:root:VALID tp {0: tensor(10786667, device='cuda:0'), 1: tensor(171, device='cuda:0')},fn {0: tensor(30872, device='cuda:0'), 1: tensor(893, device='cuda:0')},fp {0: tensor(893, device='cuda:0'), 1: tensor(30872, device='cuda:0')}
INFO:root:VALID measures microavg - precision 0.9971 - recall 0.9971 - f1 0.9971 
INFO:root:VALID measures for class 0 - precision 0.9999 - recall 0.9971 - f1 0.9985 
INFO:root:VALID measures for class 1 - precision 0.0055 - recall 0.1607 - f1 0.0107 
INFO:root:VALID measures@10 microavg - precision 0.5333 - recall 0.0000 - f1 0.0000 
INFO:root:VALID measures@10 for class 0 - precision 0.9667 - recall 0.0000 - f1 0.0000 
INFO:root:VALID measures@10 for class 1 - precision 0.1000 - recall 0.0028 - f1 0.0055 
INFO:root:VALID measures@100 microavg - precision 0.5267 - recall 0.0000 - f1 0.0001 
INFO:root:VALID measures@100 for class 0 - precision 0.9933 - recall 0.0000 - f1 0.0001 
INFO:root:VALID measures@100 for class 1 - precision 0.0600 - recall 0.0169 - f1 0.0264 
INFO:root:VALID measures@1000 microavg - precision 0.5052 - recall 0.0003 - f1 0.0006 
INFO:root:VALID measures@1000 for class 0 - precision 0.9987 - recall 0.0003 - f1 0.0006 
INFO:root:VALID measures@1000 for class 1 - precision 0.0117 - recall 0.0329 - f1 0.0172 
INFO:root:VALID Total epoch time: 7.156102102002478
INFO:root:################ TRAIN epoch 67 ###################
INFO:root:TRAIN mean losses tensor(0.0416, device='cuda:0')
INFO:root:TRAIN mean errors 0.030178098008036613
INFO:root:TRAIN mean MRR 0.0 - mean MAP 0.13405823707580566
INFO:root:TRAIN tp {0: tensor(225726, device='cuda:0'), 1: tensor(805, device='cuda:0')},fn {0: tensor(3274, device='cuda:0'), 1: tensor(3775, device='cuda:0')},fp {0: tensor(3775, device='cuda:0'), 1: tensor(3274, device='cuda:0')}
INFO:root:TRAIN measures microavg - precision 0.9698 - recall 0.9698 - f1 0.9698 
INFO:root:TRAIN measures for class 0 - precision 0.9836 - recall 0.9857 - f1 0.9846 
INFO:root:TRAIN measures for class 1 - precision 0.1974 - recall 0.1758 - f1 0.1859 
INFO:root:TRAIN measures@10 microavg - precision 0.7667 - recall 0.0006 - f1 0.0012 
INFO:root:TRAIN measures@10 for class 0 - precision 1.0000 - recall 0.0004 - f1 0.0008 
INFO:root:TRAIN measures@10 for class 1 - precision 0.5333 - recall 0.0105 - f1 0.0206 
INFO:root:TRAIN measures@100 microavg - precision 0.6883 - recall 0.0053 - f1 0.0105 
INFO:root:TRAIN measures@100 for class 0 - precision 0.9922 - recall 0.0039 - f1 0.0078 
INFO:root:TRAIN measures@100 for class 1 - precision 0.3844 - recall 0.0755 - f1 0.1263 
INFO:root:TRAIN measures@1000 microavg - precision 0.7452 - recall 0.0417 - f1 0.0790 
INFO:root:TRAIN measures@1000 for class 0 - precision 0.9932 - recall 0.0390 - f1 0.0751 
INFO:root:TRAIN measures@1000 for class 1 - precision 0.1975 - recall 0.1758 - f1 0.1860 
INFO:root:TRAIN Total epoch time: 1.6412199229962425
INFO:root:=> saved epoch checkpoint 'saved_models/EvolveGCN/uc_irv_mess-20250515_035255/epoch_68.pkl'
INFO:root:################ VALID epoch 67 ###################
INFO:root:VALID mean losses tensor(0.0112, device='cuda:0')
INFO:root:VALID mean errors 0.0033329627476632595
INFO:root:VALID mean MRR 0.07937721908092499 - mean MAP 0.00650156382471323
INFO:root:VALID tp {0: tensor(10782368, device='cuda:0'), 1: tensor(177, device='cuda:0')},fn {0: tensor(35171, device='cuda:0'), 1: tensor(887, device='cuda:0')},fp {0: tensor(887, device='cuda:0'), 1: tensor(35171, device='cuda:0')}
INFO:root:VALID measures microavg - precision 0.9967 - recall 0.9967 - f1 0.9967 
INFO:root:VALID measures for class 0 - precision 0.9999 - recall 0.9967 - f1 0.9983 
INFO:root:VALID measures for class 1 - precision 0.0050 - recall 0.1664 - f1 0.0097 
INFO:root:VALID measures@10 microavg - precision 0.5500 - recall 0.0000 - f1 0.0000 
INFO:root:VALID measures@10 for class 0 - precision 1.0000 - recall 0.0000 - f1 0.0000 
INFO:root:VALID measures@10 for class 1 - precision 0.1000 - recall 0.0028 - f1 0.0055 
INFO:root:VALID measures@100 microavg - precision 0.5333 - recall 0.0000 - f1 0.0001 
INFO:root:VALID measures@100 for class 0 - precision 0.9967 - recall 0.0000 - f1 0.0001 
INFO:root:VALID measures@100 for class 1 - precision 0.0700 - recall 0.0197 - f1 0.0308 
INFO:root:VALID measures@1000 microavg - precision 0.5055 - recall 0.0003 - f1 0.0006 
INFO:root:VALID measures@1000 for class 0 - precision 0.9983 - recall 0.0003 - f1 0.0006 
INFO:root:VALID measures@1000 for class 1 - precision 0.0127 - recall 0.0357 - f1 0.0187 
INFO:root:VALID Total epoch time: 7.095461061995593
INFO:root:################ TRAIN epoch 68 ###################
INFO:root:TRAIN mean losses tensor(0.0416, device='cuda:0')
INFO:root:TRAIN mean errors 0.030426407232880592
INFO:root:TRAIN mean MRR 0.0 - mean MAP 0.1342391073703766
INFO:root:TRAIN tp {0: tensor(225663, device='cuda:0'), 1: tensor(810, device='cuda:0')},fn {0: tensor(3337, device='cuda:0'), 1: tensor(3770, device='cuda:0')},fp {0: tensor(3770, device='cuda:0'), 1: tensor(3337, device='cuda:0')}
INFO:root:TRAIN measures microavg - precision 0.9696 - recall 0.9696 - f1 0.9696 
INFO:root:TRAIN measures for class 0 - precision 0.9836 - recall 0.9854 - f1 0.9845 
INFO:root:TRAIN measures for class 1 - precision 0.1953 - recall 0.1769 - f1 0.1856 
INFO:root:TRAIN measures@10 microavg - precision 0.7722 - recall 0.0006 - f1 0.0012 
INFO:root:TRAIN measures@10 for class 0 - precision 1.0000 - recall 0.0004 - f1 0.0008 
INFO:root:TRAIN measures@10 for class 1 - precision 0.5444 - recall 0.0107 - f1 0.0210 
INFO:root:TRAIN measures@100 microavg - precision 0.6928 - recall 0.0053 - f1 0.0106 
INFO:root:TRAIN measures@100 for class 0 - precision 0.9967 - recall 0.0039 - f1 0.0078 
INFO:root:TRAIN measures@100 for class 1 - precision 0.3889 - recall 0.0764 - f1 0.1277 
INFO:root:TRAIN measures@1000 microavg - precision 0.7432 - recall 0.0417 - f1 0.0790 
INFO:root:TRAIN measures@1000 for class 0 - precision 0.9927 - recall 0.0390 - f1 0.0751 
INFO:root:TRAIN measures@1000 for class 1 - precision 0.1966 - recall 0.1764 - f1 0.1860 
INFO:root:TRAIN Total epoch time: 1.644314648990985
INFO:root:=> saved epoch checkpoint 'saved_models/EvolveGCN/uc_irv_mess-20250515_035255/epoch_69.pkl'
INFO:root:################ VALID epoch 68 ###################
INFO:root:VALID mean losses tensor(0.0116, device='cuda:0')
INFO:root:VALID mean errors 0.0035553574562072754
INFO:root:VALID mean MRR 0.07964727282524109 - mean MAP 0.006806082557886839
INFO:root:VALID tp {0: tensor(10779958, device='cuda:0'), 1: tensor(181, device='cuda:0')},fn {0: tensor(37581, device='cuda:0'), 1: tensor(883, device='cuda:0')},fp {0: tensor(883, device='cuda:0'), 1: tensor(37581, device='cuda:0')}
INFO:root:VALID measures microavg - precision 0.9964 - recall 0.9964 - f1 0.9964 
INFO:root:VALID measures for class 0 - precision 0.9999 - recall 0.9965 - f1 0.9982 
INFO:root:VALID measures for class 1 - precision 0.0048 - recall 0.1701 - f1 0.0093 
INFO:root:VALID measures@10 microavg - precision 0.5333 - recall 0.0000 - f1 0.0000 
INFO:root:VALID measures@10 for class 0 - precision 1.0000 - recall 0.0000 - f1 0.0000 
INFO:root:VALID measures@10 for class 1 - precision 0.0667 - recall 0.0019 - f1 0.0037 
INFO:root:VALID measures@100 microavg - precision 0.5317 - recall 0.0000 - f1 0.0001 
INFO:root:VALID measures@100 for class 0 - precision 1.0000 - recall 0.0000 - f1 0.0001 
INFO:root:VALID measures@100 for class 1 - precision 0.0633 - recall 0.0179 - f1 0.0279 
INFO:root:VALID measures@1000 microavg - precision 0.5053 - recall 0.0003 - f1 0.0006 
INFO:root:VALID measures@1000 for class 0 - precision 0.9993 - recall 0.0003 - f1 0.0006 
INFO:root:VALID measures@1000 for class 1 - precision 0.0113 - recall 0.0320 - f1 0.0167 
INFO:root:VALID Total epoch time: 7.1586210090026725
INFO:root:################ TRAIN epoch 69 ###################
INFO:root:TRAIN mean losses tensor(0.0416, device='cuda:0')
INFO:root:TRAIN mean errors 0.030683277174830437
INFO:root:TRAIN mean MRR 0.0 - mean MAP 0.13318675756454468
INFO:root:TRAIN tp {0: tensor(225588, device='cuda:0'), 1: tensor(825, device='cuda:0')},fn {0: tensor(3412, device='cuda:0'), 1: tensor(3755, device='cuda:0')},fp {0: tensor(3755, device='cuda:0'), 1: tensor(3412, device='cuda:0')}
INFO:root:TRAIN measures microavg - precision 0.9693 - recall 0.9693 - f1 0.9693 
INFO:root:TRAIN measures for class 0 - precision 0.9836 - recall 0.9851 - f1 0.9844 
INFO:root:TRAIN measures for class 1 - precision 0.1947 - recall 0.1801 - f1 0.1871 
INFO:root:TRAIN measures@10 microavg - precision 0.7278 - recall 0.0006 - f1 0.0011 
INFO:root:TRAIN measures@10 for class 0 - precision 0.9889 - recall 0.0004 - f1 0.0008 
INFO:root:TRAIN measures@10 for class 1 - precision 0.4667 - recall 0.0092 - f1 0.0180 
INFO:root:TRAIN measures@100 microavg - precision 0.6889 - recall 0.0053 - f1 0.0105 
INFO:root:TRAIN measures@100 for class 0 - precision 0.9956 - recall 0.0039 - f1 0.0078 
INFO:root:TRAIN measures@100 for class 1 - precision 0.3822 - recall 0.0751 - f1 0.1255 
INFO:root:TRAIN measures@1000 microavg - precision 0.7408 - recall 0.0417 - f1 0.0790 
INFO:root:TRAIN measures@1000 for class 0 - precision 0.9924 - recall 0.0390 - f1 0.0751 
INFO:root:TRAIN measures@1000 for class 1 - precision 0.1960 - recall 0.1779 - f1 0.1865 
INFO:root:TRAIN Total epoch time: 1.6453792069951305
INFO:root:=> saved epoch checkpoint 'saved_models/EvolveGCN/uc_irv_mess-20250515_035255/epoch_70.pkl'
INFO:root:################ VALID epoch 69 ###################
INFO:root:VALID mean losses tensor(0.0120, device='cuda:0')
INFO:root:VALID mean errors 0.004237423185259104
INFO:root:VALID mean MRR 0.0793372392654419 - mean MAP 0.006484979763627052
INFO:root:VALID tp {0: tensor(10772571, device='cuda:0'), 1: tensor(189, device='cuda:0')},fn {0: tensor(44968, device='cuda:0'), 1: tensor(875, device='cuda:0')},fp {0: tensor(875, device='cuda:0'), 1: tensor(44968, device='cuda:0')}
INFO:root:VALID measures microavg - precision 0.9958 - recall 0.9958 - f1 0.9958 
INFO:root:VALID measures for class 0 - precision 0.9999 - recall 0.9958 - f1 0.9979 
INFO:root:VALID measures for class 1 - precision 0.0042 - recall 0.1776 - f1 0.0082 
INFO:root:VALID measures@10 microavg - precision 0.5333 - recall 0.0000 - f1 0.0000 
INFO:root:VALID measures@10 for class 0 - precision 1.0000 - recall 0.0000 - f1 0.0000 
INFO:root:VALID measures@10 for class 1 - precision 0.0667 - recall 0.0019 - f1 0.0037 
INFO:root:VALID measures@100 microavg - precision 0.5317 - recall 0.0000 - f1 0.0001 
INFO:root:VALID measures@100 for class 0 - precision 1.0000 - recall 0.0000 - f1 0.0001 
INFO:root:VALID measures@100 for class 1 - precision 0.0633 - recall 0.0179 - f1 0.0279 
INFO:root:VALID measures@1000 microavg - precision 0.5060 - recall 0.0003 - f1 0.0006 
INFO:root:VALID measures@1000 for class 0 - precision 1.0000 - recall 0.0003 - f1 0.0006 
INFO:root:VALID measures@1000 for class 1 - precision 0.0120 - recall 0.0338 - f1 0.0177 
INFO:root:VALID Total epoch time: 7.138414619999821
