INFO:root:*** PARAMETERS ***
INFO:root:{'adj_mat_time_window': 1,
 'bitcoin_args': <utils.Namespace object at 0x7f06b5189128>,
 'bitcoinotc_args': {'aggr_time': 1644424,
                     'edges_file': 'soc-sign-bitcoinotc.csv',
                     'feats_per_node': 3,
                     'folder': './data/'},
 'class_weights': [0.05, 0.95],
 'comments': ['comments'],
 'data': 'bitcoinotc',
 'data_loading_params': {'batch_size': 1, 'num_workers': 8},
 'dev_proportion': 0.1,
 'device': 'cuda',
 'early_stop_patience': 50,
 'eval_after_epochs': 5,
 'gcn_parameters': {'cls_feats': 400,
                    'cls_feats_max': 500,
                    'cls_feats_min': 51,
                    'feats_per_node': 100,
                    'feats_per_node_max': 256,
                    'feats_per_node_min': 50,
                    'k_top_grcu': 200,
                    'layer_1_feats': 100,
                    'layer_1_feats_max': 200,
                    'layer_1_feats_min': 21,
                    'layer_2_feats': 100,
                    'layer_2_feats_same_as_l1': True,
                    'lstm_l1_feats': 100,
                    'lstm_l1_feats_max': 200,
                    'lstm_l1_feats_min': 20,
                    'lstm_l1_layers': 1,
                    'lstm_l2_feats': 100,
                    'lstm_l2_feats_same_as_l1': True,
                    'lstm_l2_layers': 1,
                    'num_layers': 2},
 'learning_rate': 0.01,
 'learning_rate_max': 0.05,
 'learning_rate_min': 0.005,
 'model': 'egcn_o',
 'negative_mult_test': 100,
 'negative_mult_training': 100,
 'num_epochs': 500,
 'num_hist_steps': 10,
 'num_hist_steps_max': 10,
 'num_hist_steps_min': 3,
 'rank': 0,
 'save_node_embeddings': False,
 'seed': 1234,
 'smart_neg_sampling': True,
 'steps_accum_gradients': 1,
 'target_class': 1,
 'target_measure': 'MAP',
 'task': 'link_pred',
 'train_proportion': 0.7,
 'use_1_hot_node_feats': True,
 'use_2_hot_node_feats': False,
 'use_cuda': True,
 'use_logfile': True,
 'wsize': 1}
INFO:root:
INFO:root:################ TRAIN epoch 0 ###################
INFO:root:TRAIN mean losses tensor(0.0289, device='cuda:0')
INFO:root:TRAIN mean errors 0.07173063606023788
INFO:root:TRAIN mean MRR 0.0 - mean MAP 0.019591711461544037
INFO:root:TRAIN tp {0: tensor(3652301, device='cuda:0'), 1: tensor(3402, device='cuda:0')},fn {0: tensor(246899, device='cuda:0'), 1: tensor(35590, device='cuda:0')},fp {0: tensor(35590, device='cuda:0'), 1: tensor(246899, device='cuda:0')}
INFO:root:TRAIN measures microavg - precision 0.9283 - recall 0.9283 - f1 0.9283 
INFO:root:TRAIN measures for class 0 - precision 0.9903 - recall 0.9367 - f1 0.9628 
INFO:root:TRAIN measures for class 1 - precision 0.0136 - recall 0.0872 - f1 0.0235 
INFO:root:TRAIN measures@10 microavg - precision 0.7449 - recall 0.0001 - f1 0.0003 
INFO:root:TRAIN measures@10 for class 0 - precision 0.9814 - recall 0.0001 - f1 0.0003 
INFO:root:TRAIN measures@10 for class 1 - precision 0.0404 - recall 0.0002 - f1 0.0004 
INFO:root:TRAIN measures@100 microavg - precision 0.7606 - recall 0.0015 - f1 0.0030 
INFO:root:TRAIN measures@100 for class 0 - precision 0.9890 - recall 0.0015 - f1 0.0030 
INFO:root:TRAIN measures@100 for class 1 - precision 0.0411 - recall 0.0020 - f1 0.0038 
INFO:root:TRAIN measures@1000 microavg - precision 0.8029 - recall 0.0149 - f1 0.0293 
INFO:root:TRAIN measures@1000 for class 0 - precision 0.9897 - recall 0.0150 - f1 0.0295 
INFO:root:TRAIN measures@1000 for class 1 - precision 0.0321 - recall 0.0118 - f1 0.0172 
INFO:root:TRAIN Total epoch time: 8.718736073999025
INFO:root:=> saved epoch checkpoint 'saved_models/EvolveGCN/bitcoinotc-20250514_141926/epoch_1.pkl'
INFO:root:################ TRAIN epoch 1 ###################
INFO:root:TRAIN mean losses tensor(0.0311, device='cuda:0')
INFO:root:TRAIN mean errors 0.06267901510000229
INFO:root:TRAIN mean MRR 0.0 - mean MAP 0.02030482329428196
INFO:root:TRAIN tp {0: tensor(3688643, device='cuda:0'), 1: tensor(2707, device='cuda:0')},fn {0: tensor(210557, device='cuda:0'), 1: tensor(36285, device='cuda:0')},fp {0: tensor(36285, device='cuda:0'), 1: tensor(210557, device='cuda:0')}
INFO:root:TRAIN measures microavg - precision 0.9373 - recall 0.9373 - f1 0.9373 
INFO:root:TRAIN measures for class 0 - precision 0.9903 - recall 0.9460 - f1 0.9676 
INFO:root:TRAIN measures for class 1 - precision 0.0127 - recall 0.0694 - f1 0.0215 
INFO:root:TRAIN measures@10 microavg - precision 0.6078 - recall 0.0002 - f1 0.0003 
INFO:root:TRAIN measures@10 for class 0 - precision 0.9800 - recall 0.0002 - f1 0.0003 
INFO:root:TRAIN measures@10 for class 1 - precision 0.0522 - recall 0.0005 - f1 0.0011 
INFO:root:TRAIN measures@100 microavg - precision 0.6768 - recall 0.0015 - f1 0.0030 
INFO:root:TRAIN measures@100 for class 0 - precision 0.9877 - recall 0.0015 - f1 0.0030 
INFO:root:TRAIN measures@100 for class 1 - precision 0.0464 - recall 0.0035 - f1 0.0065 
INFO:root:TRAIN measures@1000 microavg - precision 0.7860 - recall 0.0150 - f1 0.0295 
INFO:root:TRAIN measures@1000 for class 0 - precision 0.9907 - recall 0.0150 - f1 0.0296 
INFO:root:TRAIN measures@1000 for class 1 - precision 0.0403 - recall 0.0168 - f1 0.0237 
INFO:root:TRAIN Total epoch time: 8.186255255997821
INFO:root:=> saved epoch checkpoint 'saved_models/EvolveGCN/bitcoinotc-20250514_141926/epoch_2.pkl'
INFO:root:################ TRAIN epoch 2 ###################
INFO:root:TRAIN mean losses tensor(0.0244, device='cuda:0')
INFO:root:TRAIN mean errors 0.010416454635560513
INFO:root:TRAIN mean MRR 0.0 - mean MAP 0.022594643756747246
INFO:root:TRAIN tp {0: tensor(3897089, device='cuda:0'), 1: tensor(81, device='cuda:0')},fn {0: tensor(2111, device='cuda:0'), 1: tensor(38911, device='cuda:0')},fp {0: tensor(38911, device='cuda:0'), 1: tensor(2111, device='cuda:0')}
INFO:root:TRAIN measures microavg - precision 0.9896 - recall 0.9896 - f1 0.9896 
INFO:root:TRAIN measures for class 0 - precision 0.9901 - recall 0.9995 - f1 0.9948 
INFO:root:TRAIN measures for class 1 - precision 0.0370 - recall 0.0021 - f1 0.0039 
INFO:root:TRAIN measures@10 microavg - precision 0.7892 - recall 0.0002 - f1 0.0003 
INFO:root:TRAIN measures@10 for class 0 - precision 0.9967 - recall 0.0002 - f1 0.0003 
INFO:root:TRAIN measures@10 for class 1 - precision 0.0899 - recall 0.0004 - f1 0.0008 
INFO:root:TRAIN measures@100 microavg - precision 0.9166 - recall 0.0015 - f1 0.0030 
INFO:root:TRAIN measures@100 for class 0 - precision 0.9955 - recall 0.0015 - f1 0.0031 
INFO:root:TRAIN measures@100 for class 1 - precision 0.0631 - recall 0.0009 - f1 0.0018 
INFO:root:TRAIN measures@1000 microavg - precision 0.9691 - recall 0.0152 - f1 0.0299 
INFO:root:TRAIN measures@1000 for class 0 - precision 0.9946 - recall 0.0153 - f1 0.0301 
INFO:root:TRAIN measures@1000 for class 1 - precision 0.0394 - recall 0.0017 - f1 0.0032 
INFO:root:TRAIN Total epoch time: 8.157310885006154
INFO:root:=> saved epoch checkpoint 'saved_models/EvolveGCN/bitcoinotc-20250514_141926/epoch_3.pkl'
INFO:root:################ TRAIN epoch 3 ###################
INFO:root:TRAIN mean losses tensor(0.0242, device='cuda:0')
INFO:root:TRAIN mean errors 0.010304728522896767
INFO:root:TRAIN mean MRR 0.0 - mean MAP 0.023914439603686333
INFO:root:TRAIN tp {0: tensor(3897552, device='cuda:0'), 1: tensor(58, device='cuda:0')},fn {0: tensor(1648, device='cuda:0'), 1: tensor(38934, device='cuda:0')},fp {0: tensor(38934, device='cuda:0'), 1: tensor(1648, device='cuda:0')}
INFO:root:TRAIN measures microavg - precision 0.9897 - recall 0.9897 - f1 0.9897 
INFO:root:TRAIN measures for class 0 - precision 0.9901 - recall 0.9996 - f1 0.9948 
INFO:root:TRAIN measures for class 1 - precision 0.0340 - recall 0.0015 - f1 0.0029 
INFO:root:TRAIN measures@10 microavg - precision 0.7809 - recall 0.0002 - f1 0.0003 
INFO:root:TRAIN measures@10 for class 0 - precision 0.9933 - recall 0.0002 - f1 0.0003 
INFO:root:TRAIN measures@10 for class 1 - precision 0.0568 - recall 0.0003 - f1 0.0005 
INFO:root:TRAIN measures@100 microavg - precision 0.8801 - recall 0.0015 - f1 0.0030 
INFO:root:TRAIN measures@100 for class 0 - precision 0.9943 - recall 0.0015 - f1 0.0031 
INFO:root:TRAIN measures@100 for class 1 - precision 0.0369 - recall 0.0008 - f1 0.0015 
INFO:root:TRAIN measures@1000 microavg - precision 0.9686 - recall 0.0152 - f1 0.0299 
INFO:root:TRAIN measures@1000 for class 0 - precision 0.9951 - recall 0.0153 - f1 0.0302 
INFO:root:TRAIN measures@1000 for class 1 - precision 0.0341 - recall 0.0015 - f1 0.0029 
INFO:root:TRAIN Total epoch time: 7.996806745999493
INFO:root:=> saved epoch checkpoint 'saved_models/EvolveGCN/bitcoinotc-20250514_141926/epoch_4.pkl'
INFO:root:################ TRAIN epoch 4 ###################
INFO:root:TRAIN mean losses tensor(0.0242, device='cuda:0')
INFO:root:TRAIN mean errors 0.010088639333844185
INFO:root:TRAIN mean MRR 0.0 - mean MAP 0.02422567643225193
INFO:root:TRAIN tp {0: tensor(3898437, device='cuda:0'), 1: tensor(24, device='cuda:0')},fn {0: tensor(763, device='cuda:0'), 1: tensor(38968, device='cuda:0')},fp {0: tensor(38968, device='cuda:0'), 1: tensor(763, device='cuda:0')}
INFO:root:TRAIN measures microavg - precision 0.9899 - recall 0.9899 - f1 0.9899 
INFO:root:TRAIN measures for class 0 - precision 0.9901 - recall 0.9998 - f1 0.9949 
INFO:root:TRAIN measures for class 1 - precision 0.0305 - recall 0.0006 - f1 0.0012 
INFO:root:TRAIN measures@10 microavg - precision 0.8027 - recall 0.0002 - f1 0.0003 
INFO:root:TRAIN measures@10 for class 0 - precision 0.9933 - recall 0.0002 - f1 0.0003 
INFO:root:TRAIN measures@10 for class 1 - precision 0.0400 - recall 0.0002 - f1 0.0003 
INFO:root:TRAIN measures@100 microavg - precision 0.9172 - recall 0.0015 - f1 0.0030 
INFO:root:TRAIN measures@100 for class 0 - precision 0.9960 - recall 0.0015 - f1 0.0031 
INFO:root:TRAIN measures@100 for class 1 - precision 0.0318 - recall 0.0004 - f1 0.0009 
INFO:root:TRAIN measures@1000 microavg - precision 0.9831 - recall 0.0152 - f1 0.0299 
INFO:root:TRAIN measures@1000 for class 0 - precision 0.9956 - recall 0.0153 - f1 0.0302 
INFO:root:TRAIN measures@1000 for class 1 - precision 0.0305 - recall 0.0006 - f1 0.0012 
INFO:root:TRAIN Total epoch time: 8.138786114002869
INFO:root:=> saved epoch checkpoint 'saved_models/EvolveGCN/bitcoinotc-20250514_141926/epoch_5.pkl'
INFO:root:################ TRAIN epoch 5 ###################
INFO:root:TRAIN mean losses tensor(0.0241, device='cuda:0')
INFO:root:TRAIN mean errors 0.010827049612998962
INFO:root:TRAIN mean MRR 0.0 - mean MAP 0.025450177490711212
INFO:root:TRAIN tp {0: tensor(3895404, device='cuda:0'), 1: tensor(149, device='cuda:0')},fn {0: tensor(3796, device='cuda:0'), 1: tensor(38843, device='cuda:0')},fp {0: tensor(38843, device='cuda:0'), 1: tensor(3796, device='cuda:0')}
INFO:root:TRAIN measures microavg - precision 0.9892 - recall 0.9892 - f1 0.9892 
INFO:root:TRAIN measures for class 0 - precision 0.9901 - recall 0.9990 - f1 0.9946 
INFO:root:TRAIN measures for class 1 - precision 0.0378 - recall 0.0038 - f1 0.0069 
INFO:root:TRAIN measures@10 microavg - precision 0.6591 - recall 0.0002 - f1 0.0003 
INFO:root:TRAIN measures@10 for class 0 - precision 0.9967 - recall 0.0002 - f1 0.0003 
INFO:root:TRAIN measures@10 for class 1 - precision 0.0455 - recall 0.0004 - f1 0.0008 
INFO:root:TRAIN measures@100 microavg - precision 0.7814 - recall 0.0015 - f1 0.0031 
INFO:root:TRAIN measures@100 for class 0 - precision 0.9947 - recall 0.0015 - f1 0.0031 
INFO:root:TRAIN measures@100 for class 1 - precision 0.0405 - recall 0.0018 - f1 0.0034 
INFO:root:TRAIN measures@1000 microavg - precision 0.9392 - recall 0.0152 - f1 0.0299 
INFO:root:TRAIN measures@1000 for class 0 - precision 0.9944 - recall 0.0153 - f1 0.0301 
INFO:root:TRAIN measures@1000 for class 1 - precision 0.0386 - recall 0.0036 - f1 0.0067 
INFO:root:TRAIN Total epoch time: 8.205892507998215
INFO:root:=> saved epoch checkpoint 'saved_models/EvolveGCN/bitcoinotc-20250514_141926/epoch_6.pkl'
INFO:root:################ TRAIN epoch 6 ###################
INFO:root:TRAIN mean losses tensor(0.0240, device='cuda:0')
INFO:root:TRAIN mean errors 0.014468314126133919
INFO:root:TRAIN mean MRR 0.0 - mean MAP 0.026884697377681732
INFO:root:TRAIN tp {0: tensor(3880388, device='cuda:0'), 1: tensor(825, device='cuda:0')},fn {0: tensor(18812, device='cuda:0'), 1: tensor(38167, device='cuda:0')},fp {0: tensor(38167, device='cuda:0'), 1: tensor(18812, device='cuda:0')}
INFO:root:TRAIN measures microavg - precision 0.9855 - recall 0.9855 - f1 0.9855 
INFO:root:TRAIN measures for class 0 - precision 0.9903 - recall 0.9952 - f1 0.9927 
INFO:root:TRAIN measures for class 1 - precision 0.0420 - recall 0.0212 - f1 0.0281 
INFO:root:TRAIN measures@10 microavg - precision 0.6555 - recall 0.0002 - f1 0.0003 
INFO:root:TRAIN measures@10 for class 0 - precision 0.9967 - recall 0.0002 - f1 0.0003 
INFO:root:TRAIN measures@10 for class 1 - precision 0.0334 - recall 0.0003 - f1 0.0006 
INFO:root:TRAIN measures@100 microavg - precision 0.7412 - recall 0.0015 - f1 0.0031 
INFO:root:TRAIN measures@100 for class 0 - precision 0.9963 - recall 0.0015 - f1 0.0031 
INFO:root:TRAIN measures@100 for class 1 - precision 0.0442 - recall 0.0025 - f1 0.0047 
INFO:root:TRAIN measures@1000 microavg - precision 0.8510 - recall 0.0153 - f1 0.0300 
INFO:root:TRAIN measures@1000 for class 0 - precision 0.9947 - recall 0.0153 - f1 0.0301 
INFO:root:TRAIN measures@1000 for class 1 - precision 0.0443 - recall 0.0121 - f1 0.0190 
INFO:root:TRAIN Total epoch time: 8.25002041499829
INFO:root:=> saved epoch checkpoint 'saved_models/EvolveGCN/bitcoinotc-20250514_141926/epoch_7.pkl'
INFO:root:################ VALID epoch 6 ###################
INFO:root:VALID mean losses tensor(0.0048, device='cuda:0')
INFO:root:VALID mean errors 6.950178794795647e-05
INFO:root:VALID mean MRR 0.05174706503748894 - mean MAP 0.00029936974169686437
INFO:root:VALID tp {0: tensor(345837568, device='cuda:0'), 1: tensor(4, device='cuda:0')},fn {0: tensor(21696, device='cuda:0'), 1: tensor(2342, device='cuda:0')},fp {0: tensor(2342, device='cuda:0'), 1: tensor(21696, device='cuda:0')}
INFO:root:VALID measures microavg - precision 0.9999 - recall 0.9999 - f1 0.9999 
INFO:root:VALID measures for class 0 - precision 1.0000 - recall 0.9999 - f1 1.0000 
INFO:root:VALID measures for class 1 - precision 0.0002 - recall 0.0017 - f1 0.0003 
INFO:root:VALID measures@10 microavg - precision 0.6410 - recall 0.0000 - f1 0.0000 
INFO:root:VALID measures@10 for class 0 - precision 1.0000 - recall 0.0000 - f1 0.0000 
INFO:root:VALID measures@10 for class 1 - precision 0.0000 - recall 0.0000 - f1 0.0000 
INFO:root:VALID measures@100 microavg - precision 0.7128 - recall 0.0000 - f1 0.0000 
INFO:root:VALID measures@100 for class 0 - precision 1.0000 - recall 0.0000 - f1 0.0000 
INFO:root:VALID measures@100 for class 1 - precision 0.0000 - recall 0.0000 - f1 0.0000 
INFO:root:VALID measures@1000 microavg - precision 0.7405 - recall 0.0000 - f1 0.0001 
INFO:root:VALID measures@1000 for class 0 - precision 1.0000 - recall 0.0000 - f1 0.0001 
INFO:root:VALID measures@1000 for class 1 - precision 0.0006 - recall 0.0009 - f1 0.0007 
INFO:root:VALID Total epoch time: 200.77750974800438
INFO:root:################ TEST epoch 6 ###################
INFO:root:TEST batch 1 / 20 - partial error 0.0000 - partial loss 0.0047 - partial MRR  0.0343 - partial MAP 0.0001
INFO:root:TEST batch 1 / 20 -  partial tp {0: tensor(34586004, device='cuda:0'), 1: tensor(0, device='cuda:0')},fn {0: tensor(21, device='cuda:0'), 1: tensor(136, device='cuda:0')},fp {0: tensor(136, device='cuda:0'), 1: tensor(21, device='cuda:0')}
INFO:root:TEST batch 1 / 20 - measures partial microavg - precision 1.0000 - recall 1.0000 - f1 1.0000 
INFO:root:TEST batch 1 / 20 - measures partial for class 0 - precision 1.0000 - recall 1.0000 - f1 1.0000 
INFO:root:TEST batch 1 / 20 - measures partial for class 1 - precision 0.0000 - recall 0.0000 - f1 0.0000 
INFO:root:TEST batch 1 / 20 - Batch time 28 
INFO:root:TEST batch 2 / 20 - partial error 0.0001 - partial loss 0.0047 - partial MRR  0.0441 - partial MAP 0.0001
INFO:root:TEST batch 2 / 20 -  partial tp {0: tensor(34580781, device='cuda:0'), 1: tensor(1, device='cuda:0')},fn {0: tensor(5302, device='cuda:0'), 1: tensor(77, device='cuda:0')},fp {0: tensor(77, device='cuda:0'), 1: tensor(5302, device='cuda:0')}
INFO:root:TEST batch 2 / 20 - measures partial microavg - precision 0.9998 - recall 0.9998 - f1 0.9998 
INFO:root:TEST batch 2 / 20 - measures partial for class 0 - precision 1.0000 - recall 0.9998 - f1 0.9999 
INFO:root:TEST batch 2 / 20 - measures partial for class 1 - precision 0.0002 - recall 0.0128 - f1 0.0004 
INFO:root:TEST batch 2 / 20 - Batch time 19 
INFO:root:TEST batch 3 / 20 - partial error 0.0001 - partial loss 0.0047 - partial MRR  0.0519 - partial MAP 0.0003
INFO:root:TEST batch 3 / 20 -  partial tp {0: tensor(34586083, device='cuda:0'), 1: tensor(0, device='cuda:0')},fn {0: tensor(0, device='cuda:0'), 1: tensor(78, device='cuda:0')},fp {0: tensor(78, device='cuda:0'), 1: tensor(0, device='cuda:0')}
INFO:root:TEST batch 3 / 20 - measures partial microavg - precision 1.0000 - recall 1.0000 - f1 1.0000 
INFO:root:TEST batch 3 / 20 - measures partial for class 0 - precision 1.0000 - recall 1.0000 - f1 1.0000 
INFO:root:TEST batch 3 / 20 - measures partial for class 1 - precision 0.0000 - recall 0.0000 - f1 0.0000 
INFO:root:TEST batch 3 / 20 - Batch time 19 
INFO:root:TEST batch 4 / 20 - partial error 0.0000 - partial loss 0.0047 - partial MRR  0.0515 - partial MAP 0.0003
INFO:root:TEST batch 4 / 20 -  partial tp {0: tensor(34586089, device='cuda:0'), 1: tensor(0, device='cuda:0')},fn {0: tensor(0, device='cuda:0'), 1: tensor(72, device='cuda:0')},fp {0: tensor(72, device='cuda:0'), 1: tensor(0, device='cuda:0')}
INFO:root:TEST batch 4 / 20 - measures partial microavg - precision 1.0000 - recall 1.0000 - f1 1.0000 
INFO:root:TEST batch 4 / 20 - measures partial for class 0 - precision 1.0000 - recall 1.0000 - f1 1.0000 
INFO:root:TEST batch 4 / 20 - measures partial for class 1 - precision 0.0000 - recall 0.0000 - f1 0.0000 
INFO:root:TEST batch 4 / 20 - Batch time 19 
INFO:root:TEST batch 5 / 20 - partial error 0.0000 - partial loss 0.0047 - partial MRR  0.0484 - partial MAP 0.0002
INFO:root:TEST batch 5 / 20 -  partial tp {0: tensor(34586065, device='cuda:0'), 1: tensor(0, device='cuda:0')},fn {0: tensor(0, device='cuda:0'), 1: tensor(96, device='cuda:0')},fp {0: tensor(96, device='cuda:0'), 1: tensor(0, device='cuda:0')}
INFO:root:TEST batch 5 / 20 - measures partial microavg - precision 1.0000 - recall 1.0000 - f1 1.0000 
INFO:root:TEST batch 5 / 20 - measures partial for class 0 - precision 1.0000 - recall 1.0000 - f1 1.0000 
INFO:root:TEST batch 5 / 20 - measures partial for class 1 - precision 0.0000 - recall 0.0000 - f1 0.0000 
INFO:root:TEST batch 5 / 20 - Batch time 19 
INFO:root:TEST batch 6 / 20 - partial error 0.0000 - partial loss 0.0047 - partial MRR  0.0510 - partial MAP 0.0003
INFO:root:TEST batch 6 / 20 -  partial tp {0: tensor(34585979, device='cuda:0'), 1: tensor(0, device='cuda:0')},fn {0: tensor(0, device='cuda:0'), 1: tensor(182, device='cuda:0')},fp {0: tensor(182, device='cuda:0'), 1: tensor(0, device='cuda:0')}
INFO:root:TEST batch 6 / 20 - measures partial microavg - precision 1.0000 - recall 1.0000 - f1 1.0000 
INFO:root:TEST batch 6 / 20 - measures partial for class 0 - precision 1.0000 - recall 1.0000 - f1 1.0000 
INFO:root:TEST batch 6 / 20 - measures partial for class 1 - precision 0.0000 - recall 0.0000 - f1 0.0000 
INFO:root:TEST batch 6 / 20 - Batch time 19 
INFO:root:TEST batch 7 / 20 - partial error 0.0000 - partial loss 0.0047 - partial MRR  0.0506 - partial MAP 0.0003
INFO:root:TEST batch 7 / 20 -  partial tp {0: tensor(34586057, device='cuda:0'), 1: tensor(0, device='cuda:0')},fn {0: tensor(0, device='cuda:0'), 1: tensor(104, device='cuda:0')},fp {0: tensor(104, device='cuda:0'), 1: tensor(0, device='cuda:0')}
INFO:root:TEST batch 7 / 20 - measures partial microavg - precision 1.0000 - recall 1.0000 - f1 1.0000 
INFO:root:TEST batch 7 / 20 - measures partial for class 0 - precision 1.0000 - recall 1.0000 - f1 1.0000 
INFO:root:TEST batch 7 / 20 - measures partial for class 1 - precision 0.0000 - recall 0.0000 - f1 0.0000 
INFO:root:TEST batch 7 / 20 - Batch time 19 
INFO:root:TEST batch 8 / 20 - partial error 0.0000 - partial loss 0.0047 - partial MRR  0.0479 - partial MAP 0.0002
INFO:root:TEST batch 8 / 20 -  partial tp {0: tensor(34586103, device='cuda:0'), 1: tensor(0, device='cuda:0')},fn {0: tensor(0, device='cuda:0'), 1: tensor(58, device='cuda:0')},fp {0: tensor(58, device='cuda:0'), 1: tensor(0, device='cuda:0')}
INFO:root:TEST batch 8 / 20 - measures partial microavg - precision 1.0000 - recall 1.0000 - f1 1.0000 
INFO:root:TEST batch 8 / 20 - measures partial for class 0 - precision 1.0000 - recall 1.0000 - f1 1.0000 
INFO:root:TEST batch 8 / 20 - measures partial for class 1 - precision 0.0000 - recall 0.0000 - f1 0.0000 
INFO:root:TEST batch 8 / 20 - Batch time 19 
INFO:root:TEST batch 9 / 20 - partial error 0.0000 - partial loss 0.0047 - partial MRR  0.0511 - partial MAP 0.0002
INFO:root:TEST batch 9 / 20 -  partial tp {0: tensor(34586121, device='cuda:0'), 1: tensor(0, device='cuda:0')},fn {0: tensor(0, device='cuda:0'), 1: tensor(40, device='cuda:0')},fp {0: tensor(40, device='cuda:0'), 1: tensor(0, device='cuda:0')}
INFO:root:TEST batch 9 / 20 - measures partial microavg - precision 1.0000 - recall 1.0000 - f1 1.0000 
INFO:root:TEST batch 9 / 20 - measures partial for class 0 - precision 1.0000 - recall 1.0000 - f1 1.0000 
INFO:root:TEST batch 9 / 20 - measures partial for class 1 - precision 0.0000 - recall 0.0000 - f1 0.0000 
INFO:root:TEST batch 9 / 20 - Batch time 19 
INFO:root:TEST batch 10 / 20 - partial error 0.0000 - partial loss 0.0047 - partial MRR  0.0513 - partial MAP 0.0002
INFO:root:TEST batch 10 / 20 -  partial tp {0: tensor(34586079, device='cuda:0'), 1: tensor(0, device='cuda:0')},fn {0: tensor(0, device='cuda:0'), 1: tensor(82, device='cuda:0')},fp {0: tensor(82, device='cuda:0'), 1: tensor(0, device='cuda:0')}
INFO:root:TEST batch 10 / 20 - measures partial microavg - precision 1.0000 - recall 1.0000 - f1 1.0000 
INFO:root:TEST batch 10 / 20 - measures partial for class 0 - precision 1.0000 - recall 1.0000 - f1 1.0000 
INFO:root:TEST batch 10 / 20 - measures partial for class 1 - precision 0.0000 - recall 0.0000 - f1 0.0000 
INFO:root:TEST batch 10 / 20 - Batch time 19 
INFO:root:TEST batch 11 / 20 - partial error 0.0000 - partial loss 0.0047 - partial MRR  0.0518 - partial MAP 0.0004
INFO:root:TEST batch 11 / 20 -  partial tp {0: tensor(34586091, device='cuda:0'), 1: tensor(0, device='cuda:0')},fn {0: tensor(0, device='cuda:0'), 1: tensor(70, device='cuda:0')},fp {0: tensor(70, device='cuda:0'), 1: tensor(0, device='cuda:0')}
INFO:root:TEST batch 11 / 20 - measures partial microavg - precision 1.0000 - recall 1.0000 - f1 1.0000 
INFO:root:TEST batch 11 / 20 - measures partial for class 0 - precision 1.0000 - recall 1.0000 - f1 1.0000 
INFO:root:TEST batch 11 / 20 - measures partial for class 1 - precision 0.0000 - recall 0.0000 - f1 0.0000 
INFO:root:TEST batch 11 / 20 - Batch time 19 
INFO:root:TEST batch 12 / 20 - partial error 0.0000 - partial loss 0.0047 - partial MRR  0.0572 - partial MAP 0.0010
INFO:root:TEST batch 12 / 20 -  partial tp {0: tensor(34586083, device='cuda:0'), 1: tensor(0, device='cuda:0')},fn {0: tensor(0, device='cuda:0'), 1: tensor(78, device='cuda:0')},fp {0: tensor(78, device='cuda:0'), 1: tensor(0, device='cuda:0')}
INFO:root:TEST batch 12 / 20 - measures partial microavg - precision 1.0000 - recall 1.0000 - f1 1.0000 
INFO:root:TEST batch 12 / 20 - measures partial for class 0 - precision 1.0000 - recall 1.0000 - f1 1.0000 
INFO:root:TEST batch 12 / 20 - measures partial for class 1 - precision 0.0000 - recall 0.0000 - f1 0.0000 
INFO:root:TEST batch 12 / 20 - Batch time 19 
INFO:root:TEST batch 13 / 20 - partial error 0.0000 - partial loss 0.0047 - partial MRR  0.0596 - partial MAP 0.0009
INFO:root:TEST batch 13 / 20 -  partial tp {0: tensor(34586137, device='cuda:0'), 1: tensor(0, device='cuda:0')},fn {0: tensor(0, device='cuda:0'), 1: tensor(24, device='cuda:0')},fp {0: tensor(24, device='cuda:0'), 1: tensor(0, device='cuda:0')}
INFO:root:TEST batch 13 / 20 - measures partial microavg - precision 1.0000 - recall 1.0000 - f1 1.0000 
INFO:root:TEST batch 13 / 20 - measures partial for class 0 - precision 1.0000 - recall 1.0000 - f1 1.0000 
INFO:root:TEST batch 13 / 20 - measures partial for class 1 - precision 0.0000 - recall 0.0000 - f1 0.0000 
INFO:root:TEST batch 13 / 20 - Batch time 19 
INFO:root:TEST batch 14 / 20 - partial error 0.0000 - partial loss 0.0047 - partial MRR  0.0604 - partial MAP 0.0009
INFO:root:TEST batch 14 / 20 -  partial tp {0: tensor(34586139, device='cuda:0'), 1: tensor(0, device='cuda:0')},fn {0: tensor(0, device='cuda:0'), 1: tensor(22, device='cuda:0')},fp {0: tensor(22, device='cuda:0'), 1: tensor(0, device='cuda:0')}
INFO:root:TEST batch 14 / 20 - measures partial microavg - precision 1.0000 - recall 1.0000 - f1 1.0000 
INFO:root:TEST batch 14 / 20 - measures partial for class 0 - precision 1.0000 - recall 1.0000 - f1 1.0000 
INFO:root:TEST batch 14 / 20 - measures partial for class 1 - precision 0.0000 - recall 0.0000 - f1 0.0000 
INFO:root:TEST batch 14 / 20 - Batch time 19 
INFO:root:TEST batch 15 / 20 - partial error 0.0000 - partial loss 0.0047 - partial MRR  0.0626 - partial MAP 0.0008
INFO:root:TEST batch 15 / 20 -  partial tp {0: tensor(34586129, device='cuda:0'), 1: tensor(0, device='cuda:0')},fn {0: tensor(0, device='cuda:0'), 1: tensor(32, device='cuda:0')},fp {0: tensor(32, device='cuda:0'), 1: tensor(0, device='cuda:0')}
INFO:root:TEST batch 15 / 20 - measures partial microavg - precision 1.0000 - recall 1.0000 - f1 1.0000 
INFO:root:TEST batch 15 / 20 - measures partial for class 0 - precision 1.0000 - recall 1.0000 - f1 1.0000 
INFO:root:TEST batch 15 / 20 - measures partial for class 1 - precision 0.0000 - recall 0.0000 - f1 0.0000 
INFO:root:TEST batch 15 / 20 - Batch time 19 
INFO:root:TEST batch 16 / 20 - partial error 0.0000 - partial loss 0.0047 - partial MRR  0.0671 - partial MAP 0.0008
INFO:root:TEST batch 16 / 20 -  partial tp {0: tensor(34586141, device='cuda:0'), 1: tensor(0, device='cuda:0')},fn {0: tensor(0, device='cuda:0'), 1: tensor(20, device='cuda:0')},fp {0: tensor(20, device='cuda:0'), 1: tensor(0, device='cuda:0')}
INFO:root:TEST batch 16 / 20 - measures partial microavg - precision 1.0000 - recall 1.0000 - f1 1.0000 
INFO:root:TEST batch 16 / 20 - measures partial for class 0 - precision 1.0000 - recall 1.0000 - f1 1.0000 
INFO:root:TEST batch 16 / 20 - measures partial for class 1 - precision 0.0000 - recall 0.0000 - f1 0.0000 
INFO:root:TEST batch 16 / 20 - Batch time 19 
INFO:root:TEST batch 17 / 20 - partial error 0.0000 - partial loss 0.0047 - partial MRR  0.0667 - partial MAP 0.0007
INFO:root:TEST batch 17 / 20 -  partial tp {0: tensor(34586125, device='cuda:0'), 1: tensor(0, device='cuda:0')},fn {0: tensor(0, device='cuda:0'), 1: tensor(36, device='cuda:0')},fp {0: tensor(36, device='cuda:0'), 1: tensor(0, device='cuda:0')}
INFO:root:TEST batch 17 / 20 - measures partial microavg - precision 1.0000 - recall 1.0000 - f1 1.0000 
INFO:root:TEST batch 17 / 20 - measures partial for class 0 - precision 1.0000 - recall 1.0000 - f1 1.0000 
INFO:root:TEST batch 17 / 20 - measures partial for class 1 - precision 0.0000 - recall 0.0000 - f1 0.0000 
INFO:root:TEST batch 17 / 20 - Batch time 19 
INFO:root:TEST batch 18 / 20 - partial error 0.0000 - partial loss 0.0047 - partial MRR  0.0666 - partial MAP 0.0015
INFO:root:TEST batch 18 / 20 -  partial tp {0: tensor(34586125, device='cuda:0'), 1: tensor(0, device='cuda:0')},fn {0: tensor(0, device='cuda:0'), 1: tensor(36, device='cuda:0')},fp {0: tensor(36, device='cuda:0'), 1: tensor(0, device='cuda:0')}
INFO:root:TEST batch 18 / 20 - measures partial microavg - precision 1.0000 - recall 1.0000 - f1 1.0000 
INFO:root:TEST batch 18 / 20 - measures partial for class 0 - precision 1.0000 - recall 1.0000 - f1 1.0000 
INFO:root:TEST batch 18 / 20 - measures partial for class 1 - precision 0.0000 - recall 0.0000 - f1 0.0000 
INFO:root:TEST batch 18 / 20 - Batch time 19 
INFO:root:TEST batch 19 / 20 - partial error 0.0000 - partial loss 0.0047 - partial MRR  0.0660 - partial MAP 0.0014
INFO:root:TEST batch 19 / 20 -  partial tp {0: tensor(34586115, device='cuda:0'), 1: tensor(0, device='cuda:0')},fn {0: tensor(0, device='cuda:0'), 1: tensor(46, device='cuda:0')},fp {0: tensor(46, device='cuda:0'), 1: tensor(0, device='cuda:0')}
INFO:root:TEST batch 19 / 20 - measures partial microavg - precision 1.0000 - recall 1.0000 - f1 1.0000 
INFO:root:TEST batch 19 / 20 - measures partial for class 0 - precision 1.0000 - recall 1.0000 - f1 1.0000 
INFO:root:TEST batch 19 / 20 - measures partial for class 1 - precision 0.0000 - recall 0.0000 - f1 0.0000 
INFO:root:TEST batch 19 / 20 - Batch time 19 
INFO:root:TEST batch 20 / 20 - partial error 0.0000 - partial loss 0.0047 - partial MRR  0.0686 - partial MAP 0.0013
INFO:root:TEST batch 20 / 20 -  partial tp {0: tensor(34586159, device='cuda:0'), 1: tensor(0, device='cuda:0')},fn {0: tensor(0, device='cuda:0'), 1: tensor(2, device='cuda:0')},fp {0: tensor(2, device='cuda:0'), 1: tensor(0, device='cuda:0')}
INFO:root:TEST batch 20 / 20 - measures partial microavg - precision 1.0000 - recall 1.0000 - f1 1.0000 
INFO:root:TEST batch 20 / 20 - measures partial for class 0 - precision 1.0000 - recall 1.0000 - f1 1.0000 
INFO:root:TEST batch 20 / 20 - measures partial for class 1 - precision 0.0000 - recall 0.0000 - f1 0.0000 
INFO:root:TEST batch 20 / 20 - Batch time 19 
INFO:root:TEST mean losses tensor(0.0047, device='cuda:0')
INFO:root:TEST mean errors 9.561625120113604e-06
INFO:root:TEST mean MRR 0.06864148378372192 - mean MAP 0.0013360660523176193
INFO:root:TEST tp {0: tensor(691716605, device='cuda:0'), 1: tensor(1, device='cuda:0')},fn {0: tensor(5323, device='cuda:0'), 1: tensor(1291, device='cuda:0')},fp {0: tensor(1291, device='cuda:0'), 1: tensor(5323, device='cuda:0')}
INFO:root:TEST measures microavg - precision 1.0000 - recall 1.0000 - f1 1.0000 
INFO:root:TEST measures for class 0 - precision 1.0000 - recall 1.0000 - f1 1.0000 
INFO:root:TEST measures for class 1 - precision 0.0002 - recall 0.0008 - f1 0.0003 
INFO:root:TEST measures@10 microavg - precision 0.9132 - recall 0.0000 - f1 0.0000 
INFO:root:TEST measures@10 for class 0 - precision 1.0000 - recall 0.0000 - f1 0.0000 
INFO:root:TEST measures@10 for class 1 - precision 0.0000 - recall 0.0000 - f1 0.0000 
INFO:root:TEST measures@100 microavg - precision 0.9430 - recall 0.0000 - f1 0.0000 
INFO:root:TEST measures@100 for class 0 - precision 1.0000 - recall 0.0000 - f1 0.0000 
INFO:root:TEST measures@100 for class 1 - precision 0.0000 - recall 0.0000 - f1 0.0000 
INFO:root:TEST measures@1000 microavg - precision 0.9514 - recall 0.0000 - f1 0.0001 
INFO:root:TEST measures@1000 for class 0 - precision 1.0000 - recall 0.0000 - f1 0.0001 
INFO:root:TEST measures@1000 for class 1 - precision 0.0000 - recall 0.0000 - f1 0.0000 
INFO:root:TEST Total epoch time: 396.68073513999843
INFO:root:################ TRAIN epoch 7 ###################
INFO:root:TRAIN mean losses tensor(0.0240, device='cuda:0')
INFO:root:TRAIN mean errors 0.012193920090794563
INFO:root:TRAIN mean MRR 0.0 - mean MAP 0.02653764747083187
INFO:root:TRAIN tp {0: tensor(3889761, device='cuda:0'), 1: tensor(409, device='cuda:0')},fn {0: tensor(9439, device='cuda:0'), 1: tensor(38583, device='cuda:0')},fp {0: tensor(38583, device='cuda:0'), 1: tensor(9439, device='cuda:0')}
INFO:root:TRAIN measures microavg - precision 0.9878 - recall 0.9878 - f1 0.9878 
INFO:root:TRAIN measures for class 0 - precision 0.9902 - recall 0.9976 - f1 0.9939 
INFO:root:TRAIN measures for class 1 - precision 0.0415 - recall 0.0105 - f1 0.0167 
INFO:root:TRAIN measures@10 microavg - precision 0.6602 - recall 0.0002 - f1 0.0003 
INFO:root:TRAIN measures@10 for class 0 - precision 0.9900 - recall 0.0002 - f1 0.0003 
INFO:root:TRAIN measures@10 for class 1 - precision 0.0661 - recall 0.0006 - f1 0.0011 
INFO:root:TRAIN measures@100 microavg - precision 0.7055 - recall 0.0015 - f1 0.0031 
INFO:root:TRAIN measures@100 for class 0 - precision 0.9947 - recall 0.0015 - f1 0.0031 
INFO:root:TRAIN measures@100 for class 1 - precision 0.0485 - recall 0.0033 - f1 0.0061 
INFO:root:TRAIN measures@1000 microavg - precision 0.8854 - recall 0.0153 - f1 0.0300 
INFO:root:TRAIN measures@1000 for class 0 - precision 0.9953 - recall 0.0153 - f1 0.0302 
INFO:root:TRAIN measures@1000 for class 1 - precision 0.0444 - recall 0.0089 - f1 0.0149 
INFO:root:TRAIN Total epoch time: 8.066658714000368
INFO:root:=> saved epoch checkpoint 'saved_models/EvolveGCN/bitcoinotc-20250514_141926/epoch_8.pkl'
INFO:root:################ VALID epoch 7 ###################
INFO:root:VALID mean losses tensor(0.0046, device='cuda:0')
INFO:root:VALID mean errors 0.0001604716817382723
INFO:root:VALID mean MRR 0.05384733900427818 - mean MAP 0.0010847508674487472
INFO:root:VALID tp {0: tensor(345806070, device='cuda:0'), 1: tensor(39, device='cuda:0')},fn {0: tensor(53194, device='cuda:0'), 1: tensor(2307, device='cuda:0')},fp {0: tensor(2307, device='cuda:0'), 1: tensor(53194, device='cuda:0')}
INFO:root:VALID measures microavg - precision 0.9998 - recall 0.9998 - f1 0.9998 
INFO:root:VALID measures for class 0 - precision 1.0000 - recall 0.9998 - f1 0.9999 
INFO:root:VALID measures for class 1 - precision 0.0007 - recall 0.0166 - f1 0.0014 
INFO:root:VALID measures@10 microavg - precision 0.5838 - recall 0.0000 - f1 0.0000 
INFO:root:VALID measures@10 for class 0 - precision 1.0000 - recall 0.0000 - f1 0.0000 
INFO:root:VALID measures@10 for class 1 - precision 0.0137 - recall 0.0004 - f1 0.0008 
INFO:root:VALID measures@100 microavg - precision 0.6243 - recall 0.0000 - f1 0.0000 
INFO:root:VALID measures@100 for class 0 - precision 1.0000 - recall 0.0000 - f1 0.0000 
INFO:root:VALID measures@100 for class 1 - precision 0.0114 - recall 0.0030 - f1 0.0047 
INFO:root:VALID measures@1000 microavg - precision 0.6603 - recall 0.0000 - f1 0.0001 
INFO:root:VALID measures@1000 for class 0 - precision 1.0000 - recall 0.0000 - f1 0.0001 
INFO:root:VALID measures@1000 for class 1 - precision 0.0046 - recall 0.0102 - f1 0.0064 
INFO:root:VALID Total epoch time: 201.77264077299333
INFO:root:################ TEST epoch 7 ###################
INFO:root:TEST batch 1 / 20 - partial error 0.0000 - partial loss 0.0046 - partial MRR  0.0433 - partial MAP 0.0014
INFO:root:TEST batch 1 / 20 -  partial tp {0: tensor(34585014, device='cuda:0'), 1: tensor(5, device='cuda:0')},fn {0: tensor(1011, device='cuda:0'), 1: tensor(131, device='cuda:0')},fp {0: tensor(131, device='cuda:0'), 1: tensor(1011, device='cuda:0')}
INFO:root:TEST batch 1 / 20 - measures partial microavg - precision 1.0000 - recall 1.0000 - f1 1.0000 
INFO:root:TEST batch 1 / 20 - measures partial for class 0 - precision 1.0000 - recall 1.0000 - f1 1.0000 
INFO:root:TEST batch 1 / 20 - measures partial for class 1 - precision 0.0049 - recall 0.0368 - f1 0.0087 
INFO:root:TEST batch 1 / 20 - Batch time 28 
INFO:root:TEST batch 2 / 20 - partial error 0.0000 - partial loss 0.0046 - partial MRR  0.0436 - partial MAP 0.0008
INFO:root:TEST batch 2 / 20 -  partial tp {0: tensor(34586078, device='cuda:0'), 1: tensor(0, device='cuda:0')},fn {0: tensor(5, device='cuda:0'), 1: tensor(78, device='cuda:0')},fp {0: tensor(78, device='cuda:0'), 1: tensor(5, device='cuda:0')}
INFO:root:TEST batch 2 / 20 - measures partial microavg - precision 1.0000 - recall 1.0000 - f1 1.0000 
INFO:root:TEST batch 2 / 20 - measures partial for class 0 - precision 1.0000 - recall 1.0000 - f1 1.0000 
INFO:root:TEST batch 2 / 20 - measures partial for class 1 - precision 0.0000 - recall 0.0000 - f1 0.0000 
INFO:root:TEST batch 2 / 20 - Batch time 19 
INFO:root:TEST batch 3 / 20 - partial error 0.0000 - partial loss 0.0045 - partial MRR  0.0688 - partial MAP 0.0049
INFO:root:TEST batch 3 / 20 -  partial tp {0: tensor(34586083, device='cuda:0'), 1: tensor(0, device='cuda:0')},fn {0: tensor(0, device='cuda:0'), 1: tensor(78, device='cuda:0')},fp {0: tensor(78, device='cuda:0'), 1: tensor(0, device='cuda:0')}
INFO:root:TEST batch 3 / 20 - measures partial microavg - precision 1.0000 - recall 1.0000 - f1 1.0000 
INFO:root:TEST batch 3 / 20 - measures partial for class 0 - precision 1.0000 - recall 1.0000 - f1 1.0000 
INFO:root:TEST batch 3 / 20 - measures partial for class 1 - precision 0.0000 - recall 0.0000 - f1 0.0000 
INFO:root:TEST batch 3 / 20 - Batch time 19 
INFO:root:TEST batch 4 / 20 - partial error 0.0000 - partial loss 0.0045 - partial MRR  0.0738 - partial MAP 0.0037
INFO:root:TEST batch 4 / 20 -  partial tp {0: tensor(34586089, device='cuda:0'), 1: tensor(0, device='cuda:0')},fn {0: tensor(0, device='cuda:0'), 1: tensor(72, device='cuda:0')},fp {0: tensor(72, device='cuda:0'), 1: tensor(0, device='cuda:0')}
INFO:root:TEST batch 4 / 20 - measures partial microavg - precision 1.0000 - recall 1.0000 - f1 1.0000 
INFO:root:TEST batch 4 / 20 - measures partial for class 0 - precision 1.0000 - recall 1.0000 - f1 1.0000 
INFO:root:TEST batch 4 / 20 - measures partial for class 1 - precision 0.0000 - recall 0.0000 - f1 0.0000 
INFO:root:TEST batch 4 / 20 - Batch time 19 
INFO:root:TEST batch 5 / 20 - partial error 0.0000 - partial loss 0.0045 - partial MRR  0.0654 - partial MAP 0.0030
INFO:root:TEST batch 5 / 20 -  partial tp {0: tensor(34586065, device='cuda:0'), 1: tensor(0, device='cuda:0')},fn {0: tensor(0, device='cuda:0'), 1: tensor(96, device='cuda:0')},fp {0: tensor(96, device='cuda:0'), 1: tensor(0, device='cuda:0')}
INFO:root:TEST batch 5 / 20 - measures partial microavg - precision 1.0000 - recall 1.0000 - f1 1.0000 
INFO:root:TEST batch 5 / 20 - measures partial for class 0 - precision 1.0000 - recall 1.0000 - f1 1.0000 
INFO:root:TEST batch 5 / 20 - measures partial for class 1 - precision 0.0000 - recall 0.0000 - f1 0.0000 
INFO:root:TEST batch 5 / 20 - Batch time 19 
INFO:root:TEST batch 6 / 20 - partial error 0.0000 - partial loss 0.0045 - partial MRR  0.0681 - partial MAP 0.0026
INFO:root:TEST batch 6 / 20 -  partial tp {0: tensor(34585954, device='cuda:0'), 1: tensor(0, device='cuda:0')},fn {0: tensor(25, device='cuda:0'), 1: tensor(182, device='cuda:0')},fp {0: tensor(182, device='cuda:0'), 1: tensor(25, device='cuda:0')}
INFO:root:TEST batch 6 / 20 - measures partial microavg - precision 1.0000 - recall 1.0000 - f1 1.0000 
INFO:root:TEST batch 6 / 20 - measures partial for class 0 - precision 1.0000 - recall 1.0000 - f1 1.0000 
INFO:root:TEST batch 6 / 20 - measures partial for class 1 - precision 0.0000 - recall 0.0000 - f1 0.0000 
INFO:root:TEST batch 6 / 20 - Batch time 19 
INFO:root:TEST batch 7 / 20 - partial error 0.0000 - partial loss 0.0045 - partial MRR  0.0684 - partial MAP 0.0023
INFO:root:TEST batch 7 / 20 -  partial tp {0: tensor(34585971, device='cuda:0'), 1: tensor(0, device='cuda:0')},fn {0: tensor(86, device='cuda:0'), 1: tensor(104, device='cuda:0')},fp {0: tensor(104, device='cuda:0'), 1: tensor(86, device='cuda:0')}
INFO:root:TEST batch 7 / 20 - measures partial microavg - precision 1.0000 - recall 1.0000 - f1 1.0000 
INFO:root:TEST batch 7 / 20 - measures partial for class 0 - precision 1.0000 - recall 1.0000 - f1 1.0000 
INFO:root:TEST batch 7 / 20 - measures partial for class 1 - precision 0.0000 - recall 0.0000 - f1 0.0000 
INFO:root:TEST batch 7 / 20 - Batch time 19 
INFO:root:TEST batch 8 / 20 - partial error 0.0000 - partial loss 0.0045 - partial MRR  0.0634 - partial MAP 0.0020
INFO:root:TEST batch 8 / 20 -  partial tp {0: tensor(34580212, device='cuda:0'), 1: tensor(1, device='cuda:0')},fn {0: tensor(5891, device='cuda:0'), 1: tensor(57, device='cuda:0')},fp {0: tensor(57, device='cuda:0'), 1: tensor(5891, device='cuda:0')}
INFO:root:TEST batch 8 / 20 - measures partial microavg - precision 0.9998 - recall 0.9998 - f1 0.9998 
INFO:root:TEST batch 8 / 20 - measures partial for class 0 - precision 1.0000 - recall 0.9998 - f1 0.9999 
INFO:root:TEST batch 8 / 20 - measures partial for class 1 - precision 0.0002 - recall 0.0172 - f1 0.0003 
INFO:root:TEST batch 8 / 20 - Batch time 19 
INFO:root:TEST batch 9 / 20 - partial error 0.0000 - partial loss 0.0045 - partial MRR  0.0655 - partial MAP 0.0018
INFO:root:TEST batch 9 / 20 -  partial tp {0: tensor(34586121, device='cuda:0'), 1: tensor(0, device='cuda:0')},fn {0: tensor(0, device='cuda:0'), 1: tensor(40, device='cuda:0')},fp {0: tensor(40, device='cuda:0'), 1: tensor(0, device='cuda:0')}
INFO:root:TEST batch 9 / 20 - measures partial microavg - precision 1.0000 - recall 1.0000 - f1 1.0000 
INFO:root:TEST batch 9 / 20 - measures partial for class 0 - precision 1.0000 - recall 1.0000 - f1 1.0000 
INFO:root:TEST batch 9 / 20 - measures partial for class 1 - precision 0.0000 - recall 0.0000 - f1 0.0000 
INFO:root:TEST batch 9 / 20 - Batch time 19 
INFO:root:TEST batch 10 / 20 - partial error 0.0000 - partial loss 0.0045 - partial MRR  0.0661 - partial MAP 0.0016
INFO:root:TEST batch 10 / 20 -  partial tp {0: tensor(34580632, device='cuda:0'), 1: tensor(4, device='cuda:0')},fn {0: tensor(5447, device='cuda:0'), 1: tensor(78, device='cuda:0')},fp {0: tensor(78, device='cuda:0'), 1: tensor(5447, device='cuda:0')}
INFO:root:TEST batch 10 / 20 - measures partial microavg - precision 0.9998 - recall 0.9998 - f1 0.9998 
INFO:root:TEST batch 10 / 20 - measures partial for class 0 - precision 1.0000 - recall 0.9998 - f1 0.9999 
INFO:root:TEST batch 10 / 20 - measures partial for class 1 - precision 0.0007 - recall 0.0488 - f1 0.0014 
INFO:root:TEST batch 10 / 20 - Batch time 19 
INFO:root:TEST batch 11 / 20 - partial error 0.0000 - partial loss 0.0045 - partial MRR  0.0672 - partial MAP 0.0015
INFO:root:TEST batch 11 / 20 -  partial tp {0: tensor(34586091, device='cuda:0'), 1: tensor(0, device='cuda:0')},fn {0: tensor(0, device='cuda:0'), 1: tensor(70, device='cuda:0')},fp {0: tensor(70, device='cuda:0'), 1: tensor(0, device='cuda:0')}
INFO:root:TEST batch 11 / 20 - measures partial microavg - precision 1.0000 - recall 1.0000 - f1 1.0000 
INFO:root:TEST batch 11 / 20 - measures partial for class 0 - precision 1.0000 - recall 1.0000 - f1 1.0000 
INFO:root:TEST batch 11 / 20 - measures partial for class 1 - precision 0.0000 - recall 0.0000 - f1 0.0000 
INFO:root:TEST batch 11 / 20 - Batch time 19 
INFO:root:TEST batch 12 / 20 - partial error 0.0000 - partial loss 0.0045 - partial MRR  0.0715 - partial MAP 0.0020
INFO:root:TEST batch 12 / 20 -  partial tp {0: tensor(34580893, device='cuda:0'), 1: tensor(6, device='cuda:0')},fn {0: tensor(5190, device='cuda:0'), 1: tensor(72, device='cuda:0')},fp {0: tensor(72, device='cuda:0'), 1: tensor(5190, device='cuda:0')}
INFO:root:TEST batch 12 / 20 - measures partial microavg - precision 0.9998 - recall 0.9998 - f1 0.9998 
INFO:root:TEST batch 12 / 20 - measures partial for class 0 - precision 1.0000 - recall 0.9998 - f1 0.9999 
INFO:root:TEST batch 12 / 20 - measures partial for class 1 - precision 0.0012 - recall 0.0769 - f1 0.0023 
INFO:root:TEST batch 12 / 20 - Batch time 19 
INFO:root:TEST batch 13 / 20 - partial error 0.0000 - partial loss 0.0045 - partial MRR  0.0723 - partial MAP 0.0019
INFO:root:TEST batch 13 / 20 -  partial tp {0: tensor(34586129, device='cuda:0'), 1: tensor(0, device='cuda:0')},fn {0: tensor(8, device='cuda:0'), 1: tensor(24, device='cuda:0')},fp {0: tensor(24, device='cuda:0'), 1: tensor(8, device='cuda:0')}
INFO:root:TEST batch 13 / 20 - measures partial microavg - precision 1.0000 - recall 1.0000 - f1 1.0000 
INFO:root:TEST batch 13 / 20 - measures partial for class 0 - precision 1.0000 - recall 1.0000 - f1 1.0000 
INFO:root:TEST batch 13 / 20 - measures partial for class 1 - precision 0.0000 - recall 0.0000 - f1 0.0000 
INFO:root:TEST batch 13 / 20 - Batch time 19 
INFO:root:TEST batch 14 / 20 - partial error 0.0000 - partial loss 0.0045 - partial MRR  0.0760 - partial MAP 0.0021
INFO:root:TEST batch 14 / 20 -  partial tp {0: tensor(34586139, device='cuda:0'), 1: tensor(0, device='cuda:0')},fn {0: tensor(0, device='cuda:0'), 1: tensor(22, device='cuda:0')},fp {0: tensor(22, device='cuda:0'), 1: tensor(0, device='cuda:0')}
INFO:root:TEST batch 14 / 20 - measures partial microavg - precision 1.0000 - recall 1.0000 - f1 1.0000 
INFO:root:TEST batch 14 / 20 - measures partial for class 0 - precision 1.0000 - recall 1.0000 - f1 1.0000 
INFO:root:TEST batch 14 / 20 - measures partial for class 1 - precision 0.0000 - recall 0.0000 - f1 0.0000 
INFO:root:TEST batch 14 / 20 - Batch time 19 
INFO:root:TEST batch 15 / 20 - partial error 0.0000 - partial loss 0.0045 - partial MRR  0.0774 - partial MAP 0.0021
INFO:root:TEST batch 15 / 20 -  partial tp {0: tensor(34586129, device='cuda:0'), 1: tensor(0, device='cuda:0')},fn {0: tensor(0, device='cuda:0'), 1: tensor(32, device='cuda:0')},fp {0: tensor(32, device='cuda:0'), 1: tensor(0, device='cuda:0')}
INFO:root:TEST batch 15 / 20 - measures partial microavg - precision 1.0000 - recall 1.0000 - f1 1.0000 
INFO:root:TEST batch 15 / 20 - measures partial for class 0 - precision 1.0000 - recall 1.0000 - f1 1.0000 
INFO:root:TEST batch 15 / 20 - measures partial for class 1 - precision 0.0000 - recall 0.0000 - f1 0.0000 
INFO:root:TEST batch 15 / 20 - Batch time 19 
INFO:root:TEST batch 16 / 20 - partial error 0.0000 - partial loss 0.0045 - partial MRR  0.0802 - partial MAP 0.0020
INFO:root:TEST batch 16 / 20 -  partial tp {0: tensor(34586139, device='cuda:0'), 1: tensor(0, device='cuda:0')},fn {0: tensor(2, device='cuda:0'), 1: tensor(20, device='cuda:0')},fp {0: tensor(20, device='cuda:0'), 1: tensor(2, device='cuda:0')}
INFO:root:TEST batch 16 / 20 - measures partial microavg - precision 1.0000 - recall 1.0000 - f1 1.0000 
INFO:root:TEST batch 16 / 20 - measures partial for class 0 - precision 1.0000 - recall 1.0000 - f1 1.0000 
INFO:root:TEST batch 16 / 20 - measures partial for class 1 - precision 0.0000 - recall 0.0000 - f1 0.0000 
INFO:root:TEST batch 16 / 20 - Batch time 19 
INFO:root:TEST batch 17 / 20 - partial error 0.0000 - partial loss 0.0045 - partial MRR  0.0781 - partial MAP 0.0019
INFO:root:TEST batch 17 / 20 -  partial tp {0: tensor(34586125, device='cuda:0'), 1: tensor(0, device='cuda:0')},fn {0: tensor(0, device='cuda:0'), 1: tensor(36, device='cuda:0')},fp {0: tensor(36, device='cuda:0'), 1: tensor(0, device='cuda:0')}
INFO:root:TEST batch 17 / 20 - measures partial microavg - precision 1.0000 - recall 1.0000 - f1 1.0000 
INFO:root:TEST batch 17 / 20 - measures partial for class 0 - precision 1.0000 - recall 1.0000 - f1 1.0000 
INFO:root:TEST batch 17 / 20 - measures partial for class 1 - precision 0.0000 - recall 0.0000 - f1 0.0000 
INFO:root:TEST batch 17 / 20 - Batch time 19 
INFO:root:TEST batch 18 / 20 - partial error 0.0000 - partial loss 0.0045 - partial MRR  0.0777 - partial MAP 0.0018
INFO:root:TEST batch 18 / 20 -  partial tp {0: tensor(34586125, device='cuda:0'), 1: tensor(0, device='cuda:0')},fn {0: tensor(0, device='cuda:0'), 1: tensor(36, device='cuda:0')},fp {0: tensor(36, device='cuda:0'), 1: tensor(0, device='cuda:0')}
INFO:root:TEST batch 18 / 20 - measures partial microavg - precision 1.0000 - recall 1.0000 - f1 1.0000 
INFO:root:TEST batch 18 / 20 - measures partial for class 0 - precision 1.0000 - recall 1.0000 - f1 1.0000 
INFO:root:TEST batch 18 / 20 - measures partial for class 1 - precision 0.0000 - recall 0.0000 - f1 0.0000 
INFO:root:TEST batch 18 / 20 - Batch time 19 
INFO:root:TEST batch 19 / 20 - partial error 0.0000 - partial loss 0.0045 - partial MRR  0.0759 - partial MAP 0.0017
INFO:root:TEST batch 19 / 20 -  partial tp {0: tensor(34586115, device='cuda:0'), 1: tensor(0, device='cuda:0')},fn {0: tensor(0, device='cuda:0'), 1: tensor(46, device='cuda:0')},fp {0: tensor(46, device='cuda:0'), 1: tensor(0, device='cuda:0')}
INFO:root:TEST batch 19 / 20 - measures partial microavg - precision 1.0000 - recall 1.0000 - f1 1.0000 
INFO:root:TEST batch 19 / 20 - measures partial for class 0 - precision 1.0000 - recall 1.0000 - f1 1.0000 
INFO:root:TEST batch 19 / 20 - measures partial for class 1 - precision 0.0000 - recall 0.0000 - f1 0.0000 
INFO:root:TEST batch 19 / 20 - Batch time 19 
INFO:root:TEST batch 20 / 20 - partial error 0.0000 - partial loss 0.0045 - partial MRR  0.0809 - partial MAP 0.0019
INFO:root:TEST batch 20 / 20 -  partial tp {0: tensor(34586159, device='cuda:0'), 1: tensor(0, device='cuda:0')},fn {0: tensor(0, device='cuda:0'), 1: tensor(2, device='cuda:0')},fp {0: tensor(2, device='cuda:0'), 1: tensor(0, device='cuda:0')}
INFO:root:TEST batch 20 / 20 - measures partial microavg - precision 1.0000 - recall 1.0000 - f1 1.0000 
INFO:root:TEST batch 20 / 20 - measures partial for class 0 - precision 1.0000 - recall 1.0000 - f1 1.0000 
INFO:root:TEST batch 20 / 20 - measures partial for class 1 - precision 0.0000 - recall 0.0000 - f1 0.0000 
INFO:root:TEST batch 20 / 20 - Batch time 19 
INFO:root:TEST mean losses tensor(0.0045, device='cuda:0')
INFO:root:TEST mean errors 2.7382333428249694e-05
INFO:root:TEST mean MRR 0.0808715969324112 - mean MAP 0.001929543330334127
INFO:root:TEST tp {0: tensor(691704263, device='cuda:0'), 1: tensor(16, device='cuda:0')},fn {0: tensor(17665, device='cuda:0'), 1: tensor(1276, device='cuda:0')},fp {0: tensor(1276, device='cuda:0'), 1: tensor(17665, device='cuda:0')}
INFO:root:TEST measures microavg - precision 1.0000 - recall 1.0000 - f1 1.0000 
INFO:root:TEST measures for class 0 - precision 1.0000 - recall 1.0000 - f1 1.0000 
INFO:root:TEST measures for class 1 - precision 0.0009 - recall 0.0124 - f1 0.0017 
INFO:root:TEST measures@10 microavg - precision 0.7426 - recall 0.0000 - f1 0.0000 
INFO:root:TEST measures@10 for class 0 - precision 1.0000 - recall 0.0000 - f1 0.0000 
INFO:root:TEST measures@10 for class 1 - precision 0.0278 - recall 0.0015 - f1 0.0029 
INFO:root:TEST measures@100 microavg - precision 0.7983 - recall 0.0000 - f1 0.0000 
INFO:root:TEST measures@100 for class 0 - precision 1.0000 - recall 0.0000 - f1 0.0000 
INFO:root:TEST measures@100 for class 1 - precision 0.0136 - recall 0.0054 - f1 0.0078 
INFO:root:TEST measures@1000 microavg - precision 0.8457 - recall 0.0000 - f1 0.0001 
INFO:root:TEST measures@1000 for class 0 - precision 1.0000 - recall 0.0000 - f1 0.0001 
INFO:root:TEST measures@1000 for class 1 - precision 0.0030 - recall 0.0085 - f1 0.0044 
INFO:root:TEST Total epoch time: 394.69199771299463
INFO:root:################ TRAIN epoch 8 ###################
INFO:root:TRAIN mean losses tensor(0.0239, device='cuda:0')
INFO:root:TRAIN mean errors 0.014338559471070766
INFO:root:TRAIN mean MRR 0.0 - mean MAP 0.031913988292217255
INFO:root:TRAIN tp {0: tensor(3880586, device='cuda:0'), 1: tensor(1138, device='cuda:0')},fn {0: tensor(18614, device='cuda:0'), 1: tensor(37854, device='cuda:0')},fp {0: tensor(37854, device='cuda:0'), 1: tensor(18614, device='cuda:0')}
INFO:root:TRAIN measures microavg - precision 0.9857 - recall 0.9857 - f1 0.9857 
INFO:root:TRAIN measures for class 0 - precision 0.9903 - recall 0.9952 - f1 0.9928 
INFO:root:TRAIN measures for class 1 - precision 0.0576 - recall 0.0292 - f1 0.0387 
INFO:root:TRAIN measures@10 microavg - precision 0.6275 - recall 0.0002 - f1 0.0003 
INFO:root:TRAIN measures@10 for class 0 - precision 0.9950 - recall 0.0002 - f1 0.0003 
INFO:root:TRAIN measures@10 for class 1 - precision 0.1024 - recall 0.0011 - f1 0.0022 
INFO:root:TRAIN measures@100 microavg - precision 0.6660 - recall 0.0016 - f1 0.0032 
INFO:root:TRAIN measures@100 for class 0 - precision 0.9948 - recall 0.0015 - f1 0.0031 
INFO:root:TRAIN measures@100 for class 1 - precision 0.0887 - recall 0.0078 - f1 0.0143 
INFO:root:TRAIN measures@1000 microavg - precision 0.8172 - recall 0.0154 - f1 0.0302 
INFO:root:TRAIN measures@1000 for class 0 - precision 0.9953 - recall 0.0153 - f1 0.0302 
INFO:root:TRAIN measures@1000 for class 1 - precision 0.0644 - recall 0.0234 - f1 0.0344 
INFO:root:TRAIN Total epoch time: 8.13737128899811
INFO:root:=> saved epoch checkpoint 'saved_models/EvolveGCN/bitcoinotc-20250514_141926/epoch_9.pkl'
INFO:root:################ VALID epoch 8 ###################
INFO:root:VALID mean losses tensor(0.0044, device='cuda:0')
INFO:root:VALID mean errors 0.0004983496037311852
INFO:root:VALID mean MRR 0.05914215371012688 - mean MAP 0.0012884720927104354
INFO:root:VALID tp {0: tensor(345689125, device='cuda:0'), 1: tensor(125, device='cuda:0')},fn {0: tensor(170139, device='cuda:0'), 1: tensor(2221, device='cuda:0')},fp {0: tensor(2221, device='cuda:0'), 1: tensor(170139, device='cuda:0')}
INFO:root:VALID measures microavg - precision 0.9995 - recall 0.9995 - f1 0.9995 
INFO:root:VALID measures for class 0 - precision 1.0000 - recall 0.9995 - f1 0.9998 
INFO:root:VALID measures for class 1 - precision 0.0007 - recall 0.0533 - f1 0.0014 
INFO:root:VALID measures@10 microavg - precision 0.5497 - recall 0.0000 - f1 0.0000 
INFO:root:VALID measures@10 for class 0 - precision 1.0000 - recall 0.0000 - f1 0.0000 
INFO:root:VALID measures@10 for class 1 - precision 0.0549 - recall 0.0021 - f1 0.0041 
INFO:root:VALID measures@100 microavg - precision 0.5340 - recall 0.0000 - f1 0.0000 
INFO:root:VALID measures@100 for class 0 - precision 1.0000 - recall 0.0000 - f1 0.0000 
INFO:root:VALID measures@100 for class 1 - precision 0.0156 - recall 0.0060 - f1 0.0086 
INFO:root:VALID measures@1000 microavg - precision 0.5284 - recall 0.0000 - f1 0.0001 
INFO:root:VALID measures@1000 for class 0 - precision 1.0000 - recall 0.0000 - f1 0.0001 
INFO:root:VALID measures@1000 for class 1 - precision 0.0033 - recall 0.0128 - f1 0.0053 
INFO:root:VALID Total epoch time: 199.50750725800026
INFO:root:################ TEST epoch 8 ###################
INFO:root:TEST batch 1 / 20 - partial error 0.0003 - partial loss 0.0043 - partial MRR  0.0356 - partial MAP 0.0001
INFO:root:TEST batch 1 / 20 -  partial tp {0: tensor(34576540, device='cuda:0'), 1: tensor(1, device='cuda:0')},fn {0: tensor(9485, device='cuda:0'), 1: tensor(135, device='cuda:0')},fp {0: tensor(135, device='cuda:0'), 1: tensor(9485, device='cuda:0')}
INFO:root:TEST batch 1 / 20 - measures partial microavg - precision 0.9997 - recall 0.9997 - f1 0.9997 
INFO:root:TEST batch 1 / 20 - measures partial for class 0 - precision 1.0000 - recall 0.9997 - f1 0.9999 
INFO:root:TEST batch 1 / 20 - measures partial for class 1 - precision 0.0001 - recall 0.0074 - f1 0.0002 
INFO:root:TEST batch 1 / 20 - Batch time 28 
INFO:root:TEST batch 2 / 20 - partial error 0.0002 - partial loss 0.0043 - partial MRR  0.0384 - partial MAP 0.0001
INFO:root:TEST batch 2 / 20 -  partial tp {0: tensor(34583761, device='cuda:0'), 1: tensor(0, device='cuda:0')},fn {0: tensor(2322, device='cuda:0'), 1: tensor(78, device='cuda:0')},fp {0: tensor(78, device='cuda:0'), 1: tensor(2322, device='cuda:0')}
INFO:root:TEST batch 2 / 20 - measures partial microavg - precision 0.9999 - recall 0.9999 - f1 0.9999 
INFO:root:TEST batch 2 / 20 - measures partial for class 0 - precision 1.0000 - recall 0.9999 - f1 1.0000 
INFO:root:TEST batch 2 / 20 - measures partial for class 1 - precision 0.0000 - recall 0.0000 - f1 0.0000 
INFO:root:TEST batch 2 / 20 - Batch time 19 
INFO:root:TEST batch 3 / 20 - partial error 0.0001 - partial loss 0.0043 - partial MRR  0.0659 - partial MAP 0.0006
INFO:root:TEST batch 3 / 20 -  partial tp {0: tensor(34586083, device='cuda:0'), 1: tensor(0, device='cuda:0')},fn {0: tensor(0, device='cuda:0'), 1: tensor(78, device='cuda:0')},fp {0: tensor(78, device='cuda:0'), 1: tensor(0, device='cuda:0')}
INFO:root:TEST batch 3 / 20 - measures partial microavg - precision 1.0000 - recall 1.0000 - f1 1.0000 
INFO:root:TEST batch 3 / 20 - measures partial for class 0 - precision 1.0000 - recall 1.0000 - f1 1.0000 
INFO:root:TEST batch 3 / 20 - measures partial for class 1 - precision 0.0000 - recall 0.0000 - f1 0.0000 
INFO:root:TEST batch 3 / 20 - Batch time 19 
INFO:root:TEST batch 4 / 20 - partial error 0.0001 - partial loss 0.0043 - partial MRR  0.0653 - partial MAP 0.0005
INFO:root:TEST batch 4 / 20 -  partial tp {0: tensor(34586089, device='cuda:0'), 1: tensor(0, device='cuda:0')},fn {0: tensor(0, device='cuda:0'), 1: tensor(72, device='cuda:0')},fp {0: tensor(72, device='cuda:0'), 1: tensor(0, device='cuda:0')}
INFO:root:TEST batch 4 / 20 - measures partial microavg - precision 1.0000 - recall 1.0000 - f1 1.0000 
INFO:root:TEST batch 4 / 20 - measures partial for class 0 - precision 1.0000 - recall 1.0000 - f1 1.0000 
INFO:root:TEST batch 4 / 20 - measures partial for class 1 - precision 0.0000 - recall 0.0000 - f1 0.0000 
INFO:root:TEST batch 4 / 20 - Batch time 18 
INFO:root:TEST batch 5 / 20 - partial error 0.0001 - partial loss 0.0043 - partial MRR  0.0674 - partial MAP 0.0004
INFO:root:TEST batch 5 / 20 -  partial tp {0: tensor(34586065, device='cuda:0'), 1: tensor(0, device='cuda:0')},fn {0: tensor(0, device='cuda:0'), 1: tensor(96, device='cuda:0')},fp {0: tensor(96, device='cuda:0'), 1: tensor(0, device='cuda:0')}
INFO:root:TEST batch 5 / 20 - measures partial microavg - precision 1.0000 - recall 1.0000 - f1 1.0000 
INFO:root:TEST batch 5 / 20 - measures partial for class 0 - precision 1.0000 - recall 1.0000 - f1 1.0000 
INFO:root:TEST batch 5 / 20 - measures partial for class 1 - precision 0.0000 - recall 0.0000 - f1 0.0000 
INFO:root:TEST batch 5 / 20 - Batch time 18 
INFO:root:TEST batch 6 / 20 - partial error 0.0001 - partial loss 0.0043 - partial MRR  0.0659 - partial MAP 0.0004
INFO:root:TEST batch 6 / 20 -  partial tp {0: tensor(34583964, device='cuda:0'), 1: tensor(1, device='cuda:0')},fn {0: tensor(2015, device='cuda:0'), 1: tensor(181, device='cuda:0')},fp {0: tensor(181, device='cuda:0'), 1: tensor(2015, device='cuda:0')}
INFO:root:TEST batch 6 / 20 - measures partial microavg - precision 0.9999 - recall 0.9999 - f1 0.9999 
INFO:root:TEST batch 6 / 20 - measures partial for class 0 - precision 1.0000 - recall 0.9999 - f1 1.0000 
INFO:root:TEST batch 6 / 20 - measures partial for class 1 - precision 0.0005 - recall 0.0055 - f1 0.0009 
INFO:root:TEST batch 6 / 20 - Batch time 19 
INFO:root:TEST batch 7 / 20 - partial error 0.0001 - partial loss 0.0043 - partial MRR  0.0653 - partial MAP 0.0004
INFO:root:TEST batch 7 / 20 -  partial tp {0: tensor(34581300, device='cuda:0'), 1: tensor(0, device='cuda:0')},fn {0: tensor(4757, device='cuda:0'), 1: tensor(104, device='cuda:0')},fp {0: tensor(104, device='cuda:0'), 1: tensor(4757, device='cuda:0')}
INFO:root:TEST batch 7 / 20 - measures partial microavg - precision 0.9999 - recall 0.9999 - f1 0.9999 
INFO:root:TEST batch 7 / 20 - measures partial for class 0 - precision 1.0000 - recall 0.9999 - f1 0.9999 
INFO:root:TEST batch 7 / 20 - measures partial for class 1 - precision 0.0000 - recall 0.0000 - f1 0.0000 
INFO:root:TEST batch 7 / 20 - Batch time 19 
INFO:root:TEST batch 8 / 20 - partial error 0.0001 - partial loss 0.0043 - partial MRR  0.0609 - partial MAP 0.0003
INFO:root:TEST batch 8 / 20 -  partial tp {0: tensor(34580367, device='cuda:0'), 1: tensor(1, device='cuda:0')},fn {0: tensor(5736, device='cuda:0'), 1: tensor(57, device='cuda:0')},fp {0: tensor(57, device='cuda:0'), 1: tensor(5736, device='cuda:0')}
INFO:root:TEST batch 8 / 20 - measures partial microavg - precision 0.9998 - recall 0.9998 - f1 0.9998 
INFO:root:TEST batch 8 / 20 - measures partial for class 0 - precision 1.0000 - recall 0.9998 - f1 0.9999 
INFO:root:TEST batch 8 / 20 - measures partial for class 1 - precision 0.0002 - recall 0.0172 - f1 0.0003 
INFO:root:TEST batch 8 / 20 - Batch time 19 
INFO:root:TEST batch 9 / 20 - partial error 0.0001 - partial loss 0.0043 - partial MRR  0.0628 - partial MAP 0.0003
INFO:root:TEST batch 9 / 20 -  partial tp {0: tensor(34586121, device='cuda:0'), 1: tensor(0, device='cuda:0')},fn {0: tensor(0, device='cuda:0'), 1: tensor(40, device='cuda:0')},fp {0: tensor(40, device='cuda:0'), 1: tensor(0, device='cuda:0')}
INFO:root:TEST batch 9 / 20 - measures partial microavg - precision 1.0000 - recall 1.0000 - f1 1.0000 
INFO:root:TEST batch 9 / 20 - measures partial for class 0 - precision 1.0000 - recall 1.0000 - f1 1.0000 
INFO:root:TEST batch 9 / 20 - measures partial for class 1 - precision 0.0000 - recall 0.0000 - f1 0.0000 
INFO:root:TEST batch 9 / 20 - Batch time 19 
INFO:root:TEST batch 10 / 20 - partial error 0.0001 - partial loss 0.0042 - partial MRR  0.0634 - partial MAP 0.0003
INFO:root:TEST batch 10 / 20 -  partial tp {0: tensor(34586079, device='cuda:0'), 1: tensor(0, device='cuda:0')},fn {0: tensor(0, device='cuda:0'), 1: tensor(82, device='cuda:0')},fp {0: tensor(82, device='cuda:0'), 1: tensor(0, device='cuda:0')}
INFO:root:TEST batch 10 / 20 - measures partial microavg - precision 1.0000 - recall 1.0000 - f1 1.0000 
INFO:root:TEST batch 10 / 20 - measures partial for class 0 - precision 1.0000 - recall 1.0000 - f1 1.0000 
INFO:root:TEST batch 10 / 20 - measures partial for class 1 - precision 0.0000 - recall 0.0000 - f1 0.0000 
INFO:root:TEST batch 10 / 20 - Batch time 19 
INFO:root:TEST batch 11 / 20 - partial error 0.0001 - partial loss 0.0042 - partial MRR  0.0635 - partial MAP 0.0003
INFO:root:TEST batch 11 / 20 -  partial tp {0: tensor(34586091, device='cuda:0'), 1: tensor(0, device='cuda:0')},fn {0: tensor(0, device='cuda:0'), 1: tensor(70, device='cuda:0')},fp {0: tensor(70, device='cuda:0'), 1: tensor(0, device='cuda:0')}
INFO:root:TEST batch 11 / 20 - measures partial microavg - precision 1.0000 - recall 1.0000 - f1 1.0000 
INFO:root:TEST batch 11 / 20 - measures partial for class 0 - precision 1.0000 - recall 1.0000 - f1 1.0000 
INFO:root:TEST batch 11 / 20 - measures partial for class 1 - precision 0.0000 - recall 0.0000 - f1 0.0000 
INFO:root:TEST batch 11 / 20 - Batch time 18 
INFO:root:TEST batch 12 / 20 - partial error 0.0001 - partial loss 0.0042 - partial MRR  0.0680 - partial MAP 0.0010
INFO:root:TEST batch 12 / 20 -  partial tp {0: tensor(34580197, device='cuda:0'), 1: tensor(5, device='cuda:0')},fn {0: tensor(5886, device='cuda:0'), 1: tensor(73, device='cuda:0')},fp {0: tensor(73, device='cuda:0'), 1: tensor(5886, device='cuda:0')}
INFO:root:TEST batch 12 / 20 - measures partial microavg - precision 0.9998 - recall 0.9998 - f1 0.9998 
INFO:root:TEST batch 12 / 20 - measures partial for class 0 - precision 1.0000 - recall 0.9998 - f1 0.9999 
INFO:root:TEST batch 12 / 20 - measures partial for class 1 - precision 0.0008 - recall 0.0641 - f1 0.0017 
INFO:root:TEST batch 12 / 20 - Batch time 19 
INFO:root:TEST batch 13 / 20 - partial error 0.0001 - partial loss 0.0042 - partial MRR  0.0706 - partial MAP 0.0010
INFO:root:TEST batch 13 / 20 -  partial tp {0: tensor(34580243, device='cuda:0'), 1: tensor(1, device='cuda:0')},fn {0: tensor(5894, device='cuda:0'), 1: tensor(23, device='cuda:0')},fp {0: tensor(23, device='cuda:0'), 1: tensor(5894, device='cuda:0')}
INFO:root:TEST batch 13 / 20 - measures partial microavg - precision 0.9998 - recall 0.9998 - f1 0.9998 
INFO:root:TEST batch 13 / 20 - measures partial for class 0 - precision 1.0000 - recall 0.9998 - f1 0.9999 
INFO:root:TEST batch 13 / 20 - measures partial for class 1 - precision 0.0002 - recall 0.0417 - f1 0.0003 
INFO:root:TEST batch 13 / 20 - Batch time 19 
INFO:root:TEST batch 14 / 20 - partial error 0.0001 - partial loss 0.0042 - partial MRR  0.0723 - partial MAP 0.0014
INFO:root:TEST batch 14 / 20 -  partial tp {0: tensor(34586139, device='cuda:0'), 1: tensor(0, device='cuda:0')},fn {0: tensor(0, device='cuda:0'), 1: tensor(22, device='cuda:0')},fp {0: tensor(22, device='cuda:0'), 1: tensor(0, device='cuda:0')}
INFO:root:TEST batch 14 / 20 - measures partial microavg - precision 1.0000 - recall 1.0000 - f1 1.0000 
INFO:root:TEST batch 14 / 20 - measures partial for class 0 - precision 1.0000 - recall 1.0000 - f1 1.0000 
INFO:root:TEST batch 14 / 20 - measures partial for class 1 - precision 0.0000 - recall 0.0000 - f1 0.0000 
INFO:root:TEST batch 14 / 20 - Batch time 19 
INFO:root:TEST batch 15 / 20 - partial error 0.0001 - partial loss 0.0042 - partial MRR  0.0742 - partial MAP 0.0016
INFO:root:TEST batch 15 / 20 -  partial tp {0: tensor(34586129, device='cuda:0'), 1: tensor(0, device='cuda:0')},fn {0: tensor(0, device='cuda:0'), 1: tensor(32, device='cuda:0')},fp {0: tensor(32, device='cuda:0'), 1: tensor(0, device='cuda:0')}
INFO:root:TEST batch 15 / 20 - measures partial microavg - precision 1.0000 - recall 1.0000 - f1 1.0000 
INFO:root:TEST batch 15 / 20 - measures partial for class 0 - precision 1.0000 - recall 1.0000 - f1 1.0000 
INFO:root:TEST batch 15 / 20 - measures partial for class 1 - precision 0.0000 - recall 0.0000 - f1 0.0000 
INFO:root:TEST batch 15 / 20 - Batch time 19 
INFO:root:TEST batch 16 / 20 - partial error 0.0001 - partial loss 0.0042 - partial MRR  0.0801 - partial MAP 0.0015
INFO:root:TEST batch 16 / 20 -  partial tp {0: tensor(34586141, device='cuda:0'), 1: tensor(0, device='cuda:0')},fn {0: tensor(0, device='cuda:0'), 1: tensor(20, device='cuda:0')},fp {0: tensor(20, device='cuda:0'), 1: tensor(0, device='cuda:0')}
INFO:root:TEST batch 16 / 20 - measures partial microavg - precision 1.0000 - recall 1.0000 - f1 1.0000 
INFO:root:TEST batch 16 / 20 - measures partial for class 0 - precision 1.0000 - recall 1.0000 - f1 1.0000 
INFO:root:TEST batch 16 / 20 - measures partial for class 1 - precision 0.0000 - recall 0.0000 - f1 0.0000 
INFO:root:TEST batch 16 / 20 - Batch time 19 
INFO:root:TEST batch 17 / 20 - partial error 0.0001 - partial loss 0.0042 - partial MRR  0.0784 - partial MAP 0.0014
INFO:root:TEST batch 17 / 20 -  partial tp {0: tensor(34586125, device='cuda:0'), 1: tensor(0, device='cuda:0')},fn {0: tensor(0, device='cuda:0'), 1: tensor(36, device='cuda:0')},fp {0: tensor(36, device='cuda:0'), 1: tensor(0, device='cuda:0')}
INFO:root:TEST batch 17 / 20 - measures partial microavg - precision 1.0000 - recall 1.0000 - f1 1.0000 
INFO:root:TEST batch 17 / 20 - measures partial for class 0 - precision 1.0000 - recall 1.0000 - f1 1.0000 
INFO:root:TEST batch 17 / 20 - measures partial for class 1 - precision 0.0000 - recall 0.0000 - f1 0.0000 
INFO:root:TEST batch 17 / 20 - Batch time 19 
INFO:root:TEST batch 18 / 20 - partial error 0.0001 - partial loss 0.0042 - partial MRR  0.0769 - partial MAP 0.0015
INFO:root:TEST batch 18 / 20 -  partial tp {0: tensor(34586125, device='cuda:0'), 1: tensor(0, device='cuda:0')},fn {0: tensor(0, device='cuda:0'), 1: tensor(36, device='cuda:0')},fp {0: tensor(36, device='cuda:0'), 1: tensor(0, device='cuda:0')}
INFO:root:TEST batch 18 / 20 - measures partial microavg - precision 1.0000 - recall 1.0000 - f1 1.0000 
INFO:root:TEST batch 18 / 20 - measures partial for class 0 - precision 1.0000 - recall 1.0000 - f1 1.0000 
INFO:root:TEST batch 18 / 20 - measures partial for class 1 - precision 0.0000 - recall 0.0000 - f1 0.0000 
INFO:root:TEST batch 18 / 20 - Batch time 19 
INFO:root:TEST batch 19 / 20 - partial error 0.0001 - partial loss 0.0042 - partial MRR  0.0767 - partial MAP 0.0014
INFO:root:TEST batch 19 / 20 -  partial tp {0: tensor(34586115, device='cuda:0'), 1: tensor(0, device='cuda:0')},fn {0: tensor(0, device='cuda:0'), 1: tensor(46, device='cuda:0')},fp {0: tensor(46, device='cuda:0'), 1: tensor(0, device='cuda:0')}
INFO:root:TEST batch 19 / 20 - measures partial microavg - precision 1.0000 - recall 1.0000 - f1 1.0000 
INFO:root:TEST batch 19 / 20 - measures partial for class 0 - precision 1.0000 - recall 1.0000 - f1 1.0000 
INFO:root:TEST batch 19 / 20 - measures partial for class 1 - precision 0.0000 - recall 0.0000 - f1 0.0000 
INFO:root:TEST batch 19 / 20 - Batch time 19 
INFO:root:TEST batch 20 / 20 - partial error 0.0001 - partial loss 0.0042 - partial MRR  0.0831 - partial MAP 0.0017
INFO:root:TEST batch 20 / 20 -  partial tp {0: tensor(34586159, device='cuda:0'), 1: tensor(0, device='cuda:0')},fn {0: tensor(0, device='cuda:0'), 1: tensor(2, device='cuda:0')},fp {0: tensor(2, device='cuda:0'), 1: tensor(0, device='cuda:0')}
INFO:root:TEST batch 20 / 20 - measures partial microavg - precision 1.0000 - recall 1.0000 - f1 1.0000 
INFO:root:TEST batch 20 / 20 - measures partial for class 0 - precision 1.0000 - recall 1.0000 - f1 1.0000 
INFO:root:TEST batch 20 / 20 - measures partial for class 1 - precision 0.0000 - recall 0.0000 - f1 0.0000 
INFO:root:TEST batch 20 / 20 - Batch time 19 
INFO:root:TEST mean losses tensor(0.0042, device='cuda:0')
INFO:root:TEST mean errors 5.4036048823036253e-05
INFO:root:TEST mean MRR 0.08308063447475433 - mean MAP 0.0016999307554215193
INFO:root:TEST tp {0: tensor(691685833, device='cuda:0'), 1: tensor(9, device='cuda:0')},fn {0: tensor(36095, device='cuda:0'), 1: tensor(1283, device='cuda:0')},fp {0: tensor(1283, device='cuda:0'), 1: tensor(36095, device='cuda:0')}
INFO:root:TEST measures microavg - precision 0.9999 - recall 0.9999 - f1 0.9999 
INFO:root:TEST measures for class 0 - precision 1.0000 - recall 0.9999 - f1 1.0000 
INFO:root:TEST measures for class 1 - precision 0.0002 - recall 0.0070 - f1 0.0005 
INFO:root:TEST measures@10 microavg - precision 0.7481 - recall 0.0000 - f1 0.0000 
INFO:root:TEST measures@10 for class 0 - precision 1.0000 - recall 0.0000 - f1 0.0000 
INFO:root:TEST measures@10 for class 1 - precision 0.0286 - recall 0.0015 - f1 0.0029 
INFO:root:TEST measures@100 microavg - precision 0.7461 - recall 0.0000 - f1 0.0000 
INFO:root:TEST measures@100 for class 0 - precision 1.0000 - recall 0.0000 - f1 0.0000 
INFO:root:TEST measures@100 for class 1 - precision 0.0058 - recall 0.0031 - f1 0.0040 
INFO:root:TEST measures@1000 microavg - precision 0.7433 - recall 0.0000 - f1 0.0001 
INFO:root:TEST measures@1000 for class 0 - precision 1.0000 - recall 0.0000 - f1 0.0001 
INFO:root:TEST measures@1000 for class 1 - precision 0.0006 - recall 0.0031 - f1 0.0010 
INFO:root:TEST Total epoch time: 391.113830498005
INFO:root:################ TRAIN epoch 9 ###################
INFO:root:TRAIN mean losses tensor(0.0239, device='cuda:0')
INFO:root:TRAIN mean errors 0.017593607306480408
INFO:root:TRAIN mean MRR 0.0 - mean MAP 0.03288218379020691
INFO:root:TRAIN tp {0: tensor(3867099, device='cuda:0'), 1: tensor(1806, device='cuda:0')},fn {0: tensor(32101, device='cuda:0'), 1: tensor(37186, device='cuda:0')},fp {0: tensor(37186, device='cuda:0'), 1: tensor(32101, device='cuda:0')}
INFO:root:TRAIN measures microavg - precision 0.9824 - recall 0.9824 - f1 0.9824 
INFO:root:TRAIN measures for class 0 - precision 0.9905 - recall 0.9918 - f1 0.9911 
INFO:root:TRAIN measures for class 1 - precision 0.0533 - recall 0.0463 - f1 0.0495 
INFO:root:TRAIN measures@10 microavg - precision 0.6407 - recall 0.0002 - f1 0.0003 
INFO:root:TRAIN measures@10 for class 0 - precision 0.9917 - recall 0.0002 - f1 0.0003 
INFO:root:TRAIN measures@10 for class 1 - precision 0.1169 - recall 0.0012 - f1 0.0024 
INFO:root:TRAIN measures@100 microavg - precision 0.6549 - recall 0.0016 - f1 0.0032 
INFO:root:TRAIN measures@100 for class 0 - precision 0.9953 - recall 0.0015 - f1 0.0031 
INFO:root:TRAIN measures@100 for class 1 - precision 0.0918 - recall 0.0085 - f1 0.0156 
INFO:root:TRAIN measures@1000 microavg - precision 0.7818 - recall 0.0155 - f1 0.0304 
INFO:root:TRAIN measures@1000 for class 0 - precision 0.9956 - recall 0.0153 - f1 0.0302 
INFO:root:TRAIN measures@1000 for class 1 - precision 0.0733 - recall 0.0340 - f1 0.0465 
INFO:root:TRAIN Total epoch time: 8.221952943997167
INFO:root:=> saved epoch checkpoint 'saved_models/EvolveGCN/bitcoinotc-20250514_141926/epoch_10.pkl'
INFO:root:################ VALID epoch 9 ###################
INFO:root:VALID mean losses tensor(0.0040, device='cuda:0')
INFO:root:VALID mean errors 0.0004241638525854796
INFO:root:VALID mean MRR 0.0668487623333931 - mean MAP 0.0004832807753700763
INFO:root:VALID tp {0: tensor(345714764, device='cuda:0'), 1: tensor(144, device='cuda:0')},fn {0: tensor(144500, device='cuda:0'), 1: tensor(2202, device='cuda:0')},fp {0: tensor(2202, device='cuda:0'), 1: tensor(144500, device='cuda:0')}
INFO:root:VALID measures microavg - precision 0.9996 - recall 0.9996 - f1 0.9996 
INFO:root:VALID measures for class 0 - precision 1.0000 - recall 0.9996 - f1 0.9998 
INFO:root:VALID measures for class 1 - precision 0.0010 - recall 0.0614 - f1 0.0020 
INFO:root:VALID measures@10 microavg - precision 0.5236 - recall 0.0000 - f1 0.0000 
INFO:root:VALID measures@10 for class 0 - precision 1.0000 - recall 0.0000 - f1 0.0000 
INFO:root:VALID measures@10 for class 1 - precision 0.0000 - recall 0.0000 - f1 0.0000 
INFO:root:VALID measures@100 microavg - precision 0.5271 - recall 0.0000 - f1 0.0000 
INFO:root:VALID measures@100 for class 0 - precision 1.0000 - recall 0.0000 - f1 0.0000 
INFO:root:VALID measures@100 for class 1 - precision 0.0109 - recall 0.0043 - f1 0.0061 
INFO:root:VALID measures@1000 microavg - precision 0.5300 - recall 0.0000 - f1 0.0001 
INFO:root:VALID measures@1000 for class 0 - precision 1.0000 - recall 0.0000 - f1 0.0001 
INFO:root:VALID measures@1000 for class 1 - precision 0.0037 - recall 0.0141 - f1 0.0059 
INFO:root:VALID Total epoch time: 202.4891020549985
INFO:root:################ TEST epoch 9 ###################
INFO:root:TEST batch 1 / 20 - partial error 0.0000 - partial loss 0.0040 - partial MRR  0.0347 - partial MAP 0.0004
INFO:root:TEST batch 1 / 20 -  partial tp {0: tensor(34585807, device='cuda:0'), 1: tensor(1, device='cuda:0')},fn {0: tensor(218, device='cuda:0'), 1: tensor(135, device='cuda:0')},fp {0: tensor(135, device='cuda:0'), 1: tensor(218, device='cuda:0')}
INFO:root:TEST batch 1 / 20 - measures partial microavg - precision 1.0000 - recall 1.0000 - f1 1.0000 
INFO:root:TEST batch 1 / 20 - measures partial for class 0 - precision 1.0000 - recall 1.0000 - f1 1.0000 
INFO:root:TEST batch 1 / 20 - measures partial for class 1 - precision 0.0046 - recall 0.0074 - f1 0.0056 
INFO:root:TEST batch 1 / 20 - Batch time 28 
INFO:root:TEST batch 2 / 20 - partial error 0.0001 - partial loss 0.0040 - partial MRR  0.0518 - partial MAP 0.0003
INFO:root:TEST batch 2 / 20 -  partial tp {0: tensor(34579003, device='cuda:0'), 1: tensor(2, device='cuda:0')},fn {0: tensor(7080, device='cuda:0'), 1: tensor(76, device='cuda:0')},fp {0: tensor(76, device='cuda:0'), 1: tensor(7080, device='cuda:0')}
INFO:root:TEST batch 2 / 20 - measures partial microavg - precision 0.9998 - recall 0.9998 - f1 0.9998 
INFO:root:TEST batch 2 / 20 - measures partial for class 0 - precision 1.0000 - recall 0.9998 - f1 0.9999 
INFO:root:TEST batch 2 / 20 - measures partial for class 1 - precision 0.0003 - recall 0.0256 - f1 0.0006 
INFO:root:TEST batch 2 / 20 - Batch time 19 
INFO:root:TEST batch 3 / 20 - partial error 0.0001 - partial loss 0.0039 - partial MRR  0.0725 - partial MAP 0.0004
INFO:root:TEST batch 3 / 20 -  partial tp {0: tensor(34586066, device='cuda:0'), 1: tensor(0, device='cuda:0')},fn {0: tensor(17, device='cuda:0'), 1: tensor(78, device='cuda:0')},fp {0: tensor(78, device='cuda:0'), 1: tensor(17, device='cuda:0')}
INFO:root:TEST batch 3 / 20 - measures partial microavg - precision 1.0000 - recall 1.0000 - f1 1.0000 
INFO:root:TEST batch 3 / 20 - measures partial for class 0 - precision 1.0000 - recall 1.0000 - f1 1.0000 
INFO:root:TEST batch 3 / 20 - measures partial for class 1 - precision 0.0000 - recall 0.0000 - f1 0.0000 
INFO:root:TEST batch 3 / 20 - Batch time 19 
INFO:root:TEST batch 4 / 20 - partial error 0.0001 - partial loss 0.0039 - partial MRR  0.0702 - partial MAP 0.0004
INFO:root:TEST batch 4 / 20 -  partial tp {0: tensor(34585832, device='cuda:0'), 1: tensor(0, device='cuda:0')},fn {0: tensor(257, device='cuda:0'), 1: tensor(72, device='cuda:0')},fp {0: tensor(72, device='cuda:0'), 1: tensor(257, device='cuda:0')}
INFO:root:TEST batch 4 / 20 - measures partial microavg - precision 1.0000 - recall 1.0000 - f1 1.0000 
INFO:root:TEST batch 4 / 20 - measures partial for class 0 - precision 1.0000 - recall 1.0000 - f1 1.0000 
INFO:root:TEST batch 4 / 20 - measures partial for class 1 - precision 0.0000 - recall 0.0000 - f1 0.0000 
INFO:root:TEST batch 4 / 20 - Batch time 19 
INFO:root:TEST batch 5 / 20 - partial error 0.0000 - partial loss 0.0039 - partial MRR  0.0669 - partial MAP 0.0003
INFO:root:TEST batch 5 / 20 -  partial tp {0: tensor(34586065, device='cuda:0'), 1: tensor(0, device='cuda:0')},fn {0: tensor(0, device='cuda:0'), 1: tensor(96, device='cuda:0')},fp {0: tensor(96, device='cuda:0'), 1: tensor(0, device='cuda:0')}
INFO:root:TEST batch 5 / 20 - measures partial microavg - precision 1.0000 - recall 1.0000 - f1 1.0000 
INFO:root:TEST batch 5 / 20 - measures partial for class 0 - precision 1.0000 - recall 1.0000 - f1 1.0000 
INFO:root:TEST batch 5 / 20 - measures partial for class 1 - precision 0.0000 - recall 0.0000 - f1 0.0000 
INFO:root:TEST batch 5 / 20 - Batch time 19 
INFO:root:TEST batch 6 / 20 - partial error 0.0000 - partial loss 0.0039 - partial MRR  0.0685 - partial MAP 0.0003
INFO:root:TEST batch 6 / 20 -  partial tp {0: tensor(34585925, device='cuda:0'), 1: tensor(0, device='cuda:0')},fn {0: tensor(54, device='cuda:0'), 1: tensor(182, device='cuda:0')},fp {0: tensor(182, device='cuda:0'), 1: tensor(54, device='cuda:0')}
INFO:root:TEST batch 6 / 20 - measures partial microavg - precision 1.0000 - recall 1.0000 - f1 1.0000 
INFO:root:TEST batch 6 / 20 - measures partial for class 0 - precision 1.0000 - recall 1.0000 - f1 1.0000 
INFO:root:TEST batch 6 / 20 - measures partial for class 1 - precision 0.0000 - recall 0.0000 - f1 0.0000 
INFO:root:TEST batch 6 / 20 - Batch time 19 
INFO:root:TEST batch 7 / 20 - partial error 0.0001 - partial loss 0.0039 - partial MRR  0.0674 - partial MAP 0.0003
INFO:root:TEST batch 7 / 20 -  partial tp {0: tensor(34581287, device='cuda:0'), 1: tensor(0, device='cuda:0')},fn {0: tensor(4770, device='cuda:0'), 1: tensor(104, device='cuda:0')},fp {0: tensor(104, device='cuda:0'), 1: tensor(4770, device='cuda:0')}
INFO:root:TEST batch 7 / 20 - measures partial microavg - precision 0.9999 - recall 0.9999 - f1 0.9999 
INFO:root:TEST batch 7 / 20 - measures partial for class 0 - precision 1.0000 - recall 0.9999 - f1 0.9999 
INFO:root:TEST batch 7 / 20 - measures partial for class 1 - precision 0.0000 - recall 0.0000 - f1 0.0000 
INFO:root:TEST batch 7 / 20 - Batch time 19 
INFO:root:TEST batch 8 / 20 - partial error 0.0000 - partial loss 0.0039 - partial MRR  0.0629 - partial MAP 0.0003
INFO:root:TEST batch 8 / 20 -  partial tp {0: tensor(34586079, device='cuda:0'), 1: tensor(0, device='cuda:0')},fn {0: tensor(24, device='cuda:0'), 1: tensor(58, device='cuda:0')},fp {0: tensor(58, device='cuda:0'), 1: tensor(24, device='cuda:0')}
INFO:root:TEST batch 8 / 20 - measures partial microavg - precision 1.0000 - recall 1.0000 - f1 1.0000 
INFO:root:TEST batch 8 / 20 - measures partial for class 0 - precision 1.0000 - recall 1.0000 - f1 1.0000 
INFO:root:TEST batch 8 / 20 - measures partial for class 1 - precision 0.0000 - recall 0.0000 - f1 0.0000 
INFO:root:TEST batch 8 / 20 - Batch time 19 
INFO:root:TEST batch 9 / 20 - partial error 0.0000 - partial loss 0.0039 - partial MRR  0.0653 - partial MAP 0.0002
INFO:root:TEST batch 9 / 20 -  partial tp {0: tensor(34586121, device='cuda:0'), 1: tensor(0, device='cuda:0')},fn {0: tensor(0, device='cuda:0'), 1: tensor(40, device='cuda:0')},fp {0: tensor(40, device='cuda:0'), 1: tensor(0, device='cuda:0')}
INFO:root:TEST batch 9 / 20 - measures partial microavg - precision 1.0000 - recall 1.0000 - f1 1.0000 
INFO:root:TEST batch 9 / 20 - measures partial for class 0 - precision 1.0000 - recall 1.0000 - f1 1.0000 
INFO:root:TEST batch 9 / 20 - measures partial for class 1 - precision 0.0000 - recall 0.0000 - f1 0.0000 
INFO:root:TEST batch 9 / 20 - Batch time 19 
INFO:root:TEST batch 10 / 20 - partial error 0.0000 - partial loss 0.0039 - partial MRR  0.0617 - partial MAP 0.0002
INFO:root:TEST batch 10 / 20 -  partial tp {0: tensor(34586079, device='cuda:0'), 1: tensor(0, device='cuda:0')},fn {0: tensor(0, device='cuda:0'), 1: tensor(82, device='cuda:0')},fp {0: tensor(82, device='cuda:0'), 1: tensor(0, device='cuda:0')}
INFO:root:TEST batch 10 / 20 - measures partial microavg - precision 1.0000 - recall 1.0000 - f1 1.0000 
INFO:root:TEST batch 10 / 20 - measures partial for class 0 - precision 1.0000 - recall 1.0000 - f1 1.0000 
INFO:root:TEST batch 10 / 20 - measures partial for class 1 - precision 0.0000 - recall 0.0000 - f1 0.0000 
INFO:root:TEST batch 10 / 20 - Batch time 19 
INFO:root:TEST batch 11 / 20 - partial error 0.0000 - partial loss 0.0039 - partial MRR  0.0647 - partial MAP 0.0002
INFO:root:TEST batch 11 / 20 -  partial tp {0: tensor(34586091, device='cuda:0'), 1: tensor(0, device='cuda:0')},fn {0: tensor(0, device='cuda:0'), 1: tensor(70, device='cuda:0')},fp {0: tensor(70, device='cuda:0'), 1: tensor(0, device='cuda:0')}
INFO:root:TEST batch 11 / 20 - measures partial microavg - precision 1.0000 - recall 1.0000 - f1 1.0000 
INFO:root:TEST batch 11 / 20 - measures partial for class 0 - precision 1.0000 - recall 1.0000 - f1 1.0000 
INFO:root:TEST batch 11 / 20 - measures partial for class 1 - precision 0.0000 - recall 0.0000 - f1 0.0000 
INFO:root:TEST batch 11 / 20 - Batch time 19 
INFO:root:TEST batch 12 / 20 - partial error 0.0000 - partial loss 0.0039 - partial MRR  0.0678 - partial MAP 0.0011
INFO:root:TEST batch 12 / 20 -  partial tp {0: tensor(34586041, device='cuda:0'), 1: tensor(4, device='cuda:0')},fn {0: tensor(42, device='cuda:0'), 1: tensor(74, device='cuda:0')},fp {0: tensor(74, device='cuda:0'), 1: tensor(42, device='cuda:0')}
INFO:root:TEST batch 12 / 20 - measures partial microavg - precision 1.0000 - recall 1.0000 - f1 1.0000 
INFO:root:TEST batch 12 / 20 - measures partial for class 0 - precision 1.0000 - recall 1.0000 - f1 1.0000 
INFO:root:TEST batch 12 / 20 - measures partial for class 1 - precision 0.0870 - recall 0.0513 - f1 0.0645 
INFO:root:TEST batch 12 / 20 - Batch time 19 
INFO:root:TEST batch 13 / 20 - partial error 0.0000 - partial loss 0.0039 - partial MRR  0.0698 - partial MAP 0.0011
INFO:root:TEST batch 13 / 20 -  partial tp {0: tensor(34578740, device='cuda:0'), 1: tensor(1, device='cuda:0')},fn {0: tensor(7397, device='cuda:0'), 1: tensor(23, device='cuda:0')},fp {0: tensor(23, device='cuda:0'), 1: tensor(7397, device='cuda:0')}
INFO:root:TEST batch 13 / 20 - measures partial microavg - precision 0.9998 - recall 0.9998 - f1 0.9998 
INFO:root:TEST batch 13 / 20 - measures partial for class 0 - precision 1.0000 - recall 0.9998 - f1 0.9999 
INFO:root:TEST batch 13 / 20 - measures partial for class 1 - precision 0.0001 - recall 0.0417 - f1 0.0003 
INFO:root:TEST batch 13 / 20 - Batch time 19 
INFO:root:TEST batch 14 / 20 - partial error 0.0000 - partial loss 0.0039 - partial MRR  0.0701 - partial MAP 0.0042
INFO:root:TEST batch 14 / 20 -  partial tp {0: tensor(34586139, device='cuda:0'), 1: tensor(0, device='cuda:0')},fn {0: tensor(0, device='cuda:0'), 1: tensor(22, device='cuda:0')},fp {0: tensor(22, device='cuda:0'), 1: tensor(0, device='cuda:0')}
INFO:root:TEST batch 14 / 20 - measures partial microavg - precision 1.0000 - recall 1.0000 - f1 1.0000 
INFO:root:TEST batch 14 / 20 - measures partial for class 0 - precision 1.0000 - recall 1.0000 - f1 1.0000 
INFO:root:TEST batch 14 / 20 - measures partial for class 1 - precision 0.0000 - recall 0.0000 - f1 0.0000 
INFO:root:TEST batch 14 / 20 - Batch time 19 
INFO:root:TEST batch 15 / 20 - partial error 0.0000 - partial loss 0.0039 - partial MRR  0.0711 - partial MAP 0.0040
INFO:root:TEST batch 15 / 20 -  partial tp {0: tensor(34586129, device='cuda:0'), 1: tensor(0, device='cuda:0')},fn {0: tensor(0, device='cuda:0'), 1: tensor(32, device='cuda:0')},fp {0: tensor(32, device='cuda:0'), 1: tensor(0, device='cuda:0')}
INFO:root:TEST batch 15 / 20 - measures partial microavg - precision 1.0000 - recall 1.0000 - f1 1.0000 
INFO:root:TEST batch 15 / 20 - measures partial for class 0 - precision 1.0000 - recall 1.0000 - f1 1.0000 
INFO:root:TEST batch 15 / 20 - measures partial for class 1 - precision 0.0000 - recall 0.0000 - f1 0.0000 
INFO:root:TEST batch 15 / 20 - Batch time 19 
INFO:root:TEST batch 16 / 20 - partial error 0.0000 - partial loss 0.0039 - partial MRR  0.0743 - partial MAP 0.0037
INFO:root:TEST batch 16 / 20 -  partial tp {0: tensor(34586141, device='cuda:0'), 1: tensor(0, device='cuda:0')},fn {0: tensor(0, device='cuda:0'), 1: tensor(20, device='cuda:0')},fp {0: tensor(20, device='cuda:0'), 1: tensor(0, device='cuda:0')}
INFO:root:TEST batch 16 / 20 - measures partial microavg - precision 1.0000 - recall 1.0000 - f1 1.0000 
INFO:root:TEST batch 16 / 20 - measures partial for class 0 - precision 1.0000 - recall 1.0000 - f1 1.0000 
INFO:root:TEST batch 16 / 20 - measures partial for class 1 - precision 0.0000 - recall 0.0000 - f1 0.0000 
INFO:root:TEST batch 16 / 20 - Batch time 19 
INFO:root:TEST batch 17 / 20 - partial error 0.0000 - partial loss 0.0039 - partial MRR  0.0724 - partial MAP 0.0035
INFO:root:TEST batch 17 / 20 -  partial tp {0: tensor(34586125, device='cuda:0'), 1: tensor(0, device='cuda:0')},fn {0: tensor(0, device='cuda:0'), 1: tensor(36, device='cuda:0')},fp {0: tensor(36, device='cuda:0'), 1: tensor(0, device='cuda:0')}
INFO:root:TEST batch 17 / 20 - measures partial microavg - precision 1.0000 - recall 1.0000 - f1 1.0000 
INFO:root:TEST batch 17 / 20 - measures partial for class 0 - precision 1.0000 - recall 1.0000 - f1 1.0000 
INFO:root:TEST batch 17 / 20 - measures partial for class 1 - precision 0.0000 - recall 0.0000 - f1 0.0000 
INFO:root:TEST batch 17 / 20 - Batch time 19 
INFO:root:TEST batch 18 / 20 - partial error 0.0000 - partial loss 0.0039 - partial MRR  0.0703 - partial MAP 0.0033
INFO:root:TEST batch 18 / 20 -  partial tp {0: tensor(34586125, device='cuda:0'), 1: tensor(0, device='cuda:0')},fn {0: tensor(0, device='cuda:0'), 1: tensor(36, device='cuda:0')},fp {0: tensor(36, device='cuda:0'), 1: tensor(0, device='cuda:0')}
INFO:root:TEST batch 18 / 20 - measures partial microavg - precision 1.0000 - recall 1.0000 - f1 1.0000 
INFO:root:TEST batch 18 / 20 - measures partial for class 0 - precision 1.0000 - recall 1.0000 - f1 1.0000 
INFO:root:TEST batch 18 / 20 - measures partial for class 1 - precision 0.0000 - recall 0.0000 - f1 0.0000 
INFO:root:TEST batch 18 / 20 - Batch time 19 
INFO:root:TEST batch 19 / 20 - partial error 0.0000 - partial loss 0.0039 - partial MRR  0.0726 - partial MAP 0.0031
INFO:root:TEST batch 19 / 20 -  partial tp {0: tensor(34586115, device='cuda:0'), 1: tensor(0, device='cuda:0')},fn {0: tensor(0, device='cuda:0'), 1: tensor(46, device='cuda:0')},fp {0: tensor(46, device='cuda:0'), 1: tensor(0, device='cuda:0')}
INFO:root:TEST batch 19 / 20 - measures partial microavg - precision 1.0000 - recall 1.0000 - f1 1.0000 
INFO:root:TEST batch 19 / 20 - measures partial for class 0 - precision 1.0000 - recall 1.0000 - f1 1.0000 
INFO:root:TEST batch 19 / 20 - measures partial for class 1 - precision 0.0000 - recall 0.0000 - f1 0.0000 
INFO:root:TEST batch 19 / 20 - Batch time 19 
INFO:root:TEST batch 20 / 20 - partial error 0.0000 - partial loss 0.0039 - partial MRR  0.0730 - partial MAP 0.0030
INFO:root:TEST batch 20 / 20 -  partial tp {0: tensor(34585702, device='cuda:0'), 1: tensor(0, device='cuda:0')},fn {0: tensor(457, device='cuda:0'), 1: tensor(2, device='cuda:0')},fp {0: tensor(2, device='cuda:0'), 1: tensor(457, device='cuda:0')}
INFO:root:TEST batch 20 / 20 - measures partial microavg - precision 1.0000 - recall 1.0000 - f1 1.0000 
INFO:root:TEST batch 20 / 20 - measures partial for class 0 - precision 1.0000 - recall 1.0000 - f1 1.0000 
INFO:root:TEST batch 20 / 20 - measures partial for class 1 - precision 0.0000 - recall 0.0000 - f1 0.0000 
INFO:root:TEST batch 20 / 20 - Batch time 19 
INFO:root:TEST mean losses tensor(0.0039, device='cuda:0')
INFO:root:TEST mean errors 3.122635462204926e-05
INFO:root:TEST mean MRR 0.07301265001296997 - mean MAP 0.002991980640217662
INFO:root:TEST tp {0: tensor(691701612, device='cuda:0'), 1: tensor(8, device='cuda:0')},fn {0: tensor(20316, device='cuda:0'), 1: tensor(1284, device='cuda:0')},fp {0: tensor(1284, device='cuda:0'), 1: tensor(20316, device='cuda:0')}
INFO:root:TEST measures microavg - precision 1.0000 - recall 1.0000 - f1 1.0000 
INFO:root:TEST measures for class 0 - precision 1.0000 - recall 1.0000 - f1 1.0000 
INFO:root:TEST measures for class 1 - precision 0.0004 - recall 0.0062 - f1 0.0007 
INFO:root:TEST measures@10 microavg - precision 0.7189 - recall 0.0000 - f1 0.0000 
INFO:root:TEST measures@10 for class 0 - precision 1.0000 - recall 0.0000 - f1 0.0000 
INFO:root:TEST measures@10 for class 1 - precision 0.0247 - recall 0.0015 - f1 0.0029 
INFO:root:TEST measures@100 microavg - precision 0.7717 - recall 0.0000 - f1 0.0000 
INFO:root:TEST measures@100 for class 0 - precision 1.0000 - recall 0.0000 - f1 0.0000 
INFO:root:TEST measures@100 for class 1 - precision 0.0084 - recall 0.0039 - f1 0.0053 
INFO:root:TEST measures@1000 microavg - precision 0.8392 - recall 0.0000 - f1 0.0001 
INFO:root:TEST measures@1000 for class 0 - precision 1.0000 - recall 0.0000 - f1 0.0001 
INFO:root:TEST measures@1000 for class 1 - precision 0.0013 - recall 0.0039 - f1 0.0019 
INFO:root:TEST Total epoch time: 394.9570909410031
INFO:root:################ TRAIN epoch 10 ###################
INFO:root:TRAIN mean losses tensor(0.0240, device='cuda:0')
INFO:root:TRAIN mean errors 0.01673356629908085
INFO:root:TRAIN mean MRR 0.0 - mean MAP 0.03183839097619057
INFO:root:TRAIN tp {0: tensor(3870714, device='cuda:0'), 1: tensor(1578, device='cuda:0')},fn {0: tensor(28486, device='cuda:0'), 1: tensor(37414, device='cuda:0')},fp {0: tensor(37414, device='cuda:0'), 1: tensor(28486, device='cuda:0')}
INFO:root:TRAIN measures microavg - precision 0.9833 - recall 0.9833 - f1 0.9833 
INFO:root:TRAIN measures for class 0 - precision 0.9904 - recall 0.9927 - f1 0.9916 
INFO:root:TRAIN measures for class 1 - precision 0.0525 - recall 0.0405 - f1 0.0457 
INFO:root:TRAIN measures@10 microavg - precision 0.6489 - recall 0.0002 - f1 0.0003 
INFO:root:TRAIN measures@10 for class 0 - precision 0.9967 - recall 0.0002 - f1 0.0003 
INFO:root:TRAIN measures@10 for class 1 - precision 0.0955 - recall 0.0009 - f1 0.0018 
INFO:root:TRAIN measures@100 microavg - precision 0.6793 - recall 0.0016 - f1 0.0032 
INFO:root:TRAIN measures@100 for class 0 - precision 0.9938 - recall 0.0015 - f1 0.0031 
INFO:root:TRAIN measures@100 for class 1 - precision 0.0891 - recall 0.0073 - f1 0.0135 
INFO:root:TRAIN measures@1000 microavg - precision 0.7879 - recall 0.0155 - f1 0.0303 
INFO:root:TRAIN measures@1000 for class 0 - precision 0.9951 - recall 0.0153 - f1 0.0302 
INFO:root:TRAIN measures@1000 for class 1 - precision 0.0671 - recall 0.0297 - f1 0.0411 
INFO:root:TRAIN Total epoch time: 8.22697782600153
INFO:root:=> saved epoch checkpoint 'saved_models/EvolveGCN/bitcoinotc-20250514_141926/epoch_11.pkl'
INFO:root:################ VALID epoch 10 ###################
INFO:root:VALID mean losses tensor(0.0038, device='cuda:0')
INFO:root:VALID mean errors 0.0006999735487625003
INFO:root:VALID mean MRR 0.06452979147434235 - mean MAP 0.0012295505730435252
INFO:root:VALID tp {0: tensor(345619265, device='cuda:0'), 1: tensor(251, device='cuda:0')},fn {0: tensor(239999, device='cuda:0'), 1: tensor(2095, device='cuda:0')},fp {0: tensor(2095, device='cuda:0'), 1: tensor(239999, device='cuda:0')}
INFO:root:VALID measures microavg - precision 0.9993 - recall 0.9993 - f1 0.9993 
INFO:root:VALID measures for class 0 - precision 1.0000 - recall 0.9993 - f1 0.9996 
INFO:root:VALID measures for class 1 - precision 0.0010 - recall 0.1070 - f1 0.0021 
INFO:root:VALID measures@10 microavg - precision 0.5100 - recall 0.0000 - f1 0.0000 
INFO:root:VALID measures@10 for class 0 - precision 1.0000 - recall 0.0000 - f1 0.0000 
INFO:root:VALID measures@10 for class 1 - precision 0.0200 - recall 0.0009 - f1 0.0016 
INFO:root:VALID measures@100 microavg - precision 0.5142 - recall 0.0000 - f1 0.0000 
INFO:root:VALID measures@100 for class 0 - precision 1.0000 - recall 0.0000 - f1 0.0000 
INFO:root:VALID measures@100 for class 1 - precision 0.0154 - recall 0.0064 - f1 0.0090 
INFO:root:VALID measures@1000 microavg - precision 0.5264 - recall 0.0000 - f1 0.0001 
INFO:root:VALID measures@1000 for class 0 - precision 1.0000 - recall 0.0000 - f1 0.0001 
INFO:root:VALID measures@1000 for class 1 - precision 0.0095 - recall 0.0371 - f1 0.0151 
INFO:root:VALID Total epoch time: 199.55752068699803
INFO:root:################ TEST epoch 10 ###################
INFO:root:TEST batch 1 / 20 - partial error 0.0009 - partial loss 0.0038 - partial MRR  0.0417 - partial MAP 0.0006
INFO:root:TEST batch 1 / 20 -  partial tp {0: tensor(34556510, device='cuda:0'), 1: tensor(10, device='cuda:0')},fn {0: tensor(29515, device='cuda:0'), 1: tensor(126, device='cuda:0')},fp {0: tensor(126, device='cuda:0'), 1: tensor(29515, device='cuda:0')}
INFO:root:TEST batch 1 / 20 - measures partial microavg - precision 0.9991 - recall 0.9991 - f1 0.9991 
INFO:root:TEST batch 1 / 20 - measures partial for class 0 - precision 1.0000 - recall 0.9991 - f1 0.9996 
INFO:root:TEST batch 1 / 20 - measures partial for class 1 - precision 0.0003 - recall 0.0735 - f1 0.0007 
INFO:root:TEST batch 1 / 20 - Batch time 28 
INFO:root:TEST batch 2 / 20 - partial error 0.0005 - partial loss 0.0037 - partial MRR  0.0537 - partial MAP 0.0003
INFO:root:TEST batch 2 / 20 -  partial tp {0: tensor(34581434, device='cuda:0'), 1: tensor(0, device='cuda:0')},fn {0: tensor(4649, device='cuda:0'), 1: tensor(78, device='cuda:0')},fp {0: tensor(78, device='cuda:0'), 1: tensor(4649, device='cuda:0')}
INFO:root:TEST batch 2 / 20 - measures partial microavg - precision 0.9999 - recall 0.9999 - f1 0.9999 
INFO:root:TEST batch 2 / 20 - measures partial for class 0 - precision 1.0000 - recall 0.9999 - f1 0.9999 
INFO:root:TEST batch 2 / 20 - measures partial for class 1 - precision 0.0000 - recall 0.0000 - f1 0.0000 
INFO:root:TEST batch 2 / 20 - Batch time 18 
INFO:root:TEST batch 3 / 20 - partial error 0.0004 - partial loss 0.0037 - partial MRR  0.0776 - partial MAP 0.0009
INFO:root:TEST batch 3 / 20 -  partial tp {0: tensor(34580121, device='cuda:0'), 1: tensor(6, device='cuda:0')},fn {0: tensor(5962, device='cuda:0'), 1: tensor(72, device='cuda:0')},fp {0: tensor(72, device='cuda:0'), 1: tensor(5962, device='cuda:0')}
INFO:root:TEST batch 3 / 20 - measures partial microavg - precision 0.9998 - recall 0.9998 - f1 0.9998 
INFO:root:TEST batch 3 / 20 - measures partial for class 0 - precision 1.0000 - recall 0.9998 - f1 0.9999 
INFO:root:TEST batch 3 / 20 - measures partial for class 1 - precision 0.0010 - recall 0.0769 - f1 0.0020 
INFO:root:TEST batch 3 / 20 - Batch time 18 
INFO:root:TEST batch 4 / 20 - partial error 0.0003 - partial loss 0.0037 - partial MRR  0.0835 - partial MAP 0.0011
INFO:root:TEST batch 4 / 20 -  partial tp {0: tensor(34580413, device='cuda:0'), 1: tensor(4, device='cuda:0')},fn {0: tensor(5676, device='cuda:0'), 1: tensor(68, device='cuda:0')},fp {0: tensor(68, device='cuda:0'), 1: tensor(5676, device='cuda:0')}
INFO:root:TEST batch 4 / 20 - measures partial microavg - precision 0.9998 - recall 0.9998 - f1 0.9998 
INFO:root:TEST batch 4 / 20 - measures partial for class 0 - precision 1.0000 - recall 0.9998 - f1 0.9999 
INFO:root:TEST batch 4 / 20 - measures partial for class 1 - precision 0.0007 - recall 0.0556 - f1 0.0014 
INFO:root:TEST batch 4 / 20 - Batch time 18 
INFO:root:TEST batch 5 / 20 - partial error 0.0003 - partial loss 0.0037 - partial MRR  0.0799 - partial MAP 0.0009
INFO:root:TEST batch 5 / 20 -  partial tp {0: tensor(34586065, device='cuda:0'), 1: tensor(0, device='cuda:0')},fn {0: tensor(0, device='cuda:0'), 1: tensor(96, device='cuda:0')},fp {0: tensor(96, device='cuda:0'), 1: tensor(0, device='cuda:0')}
INFO:root:TEST batch 5 / 20 - measures partial microavg - precision 1.0000 - recall 1.0000 - f1 1.0000 
INFO:root:TEST batch 5 / 20 - measures partial for class 0 - precision 1.0000 - recall 1.0000 - f1 1.0000 
INFO:root:TEST batch 5 / 20 - measures partial for class 1 - precision 0.0000 - recall 0.0000 - f1 0.0000 
INFO:root:TEST batch 5 / 20 - Batch time 18 
INFO:root:TEST batch 6 / 20 - partial error 0.0003 - partial loss 0.0037 - partial MRR  0.0793 - partial MAP 0.0011
INFO:root:TEST batch 6 / 20 -  partial tp {0: tensor(34580292, device='cuda:0'), 1: tensor(2, device='cuda:0')},fn {0: tensor(5687, device='cuda:0'), 1: tensor(180, device='cuda:0')},fp {0: tensor(180, device='cuda:0'), 1: tensor(5687, device='cuda:0')}
INFO:root:TEST batch 6 / 20 - measures partial microavg - precision 0.9998 - recall 0.9998 - f1 0.9998 
INFO:root:TEST batch 6 / 20 - measures partial for class 0 - precision 1.0000 - recall 0.9998 - f1 0.9999 
INFO:root:TEST batch 6 / 20 - measures partial for class 1 - precision 0.0004 - recall 0.0110 - f1 0.0007 
INFO:root:TEST batch 6 / 20 - Batch time 19 
INFO:root:TEST batch 7 / 20 - partial error 0.0002 - partial loss 0.0037 - partial MRR  0.0777 - partial MAP 0.0013
INFO:root:TEST batch 7 / 20 -  partial tp {0: tensor(34580769, device='cuda:0'), 1: tensor(5, device='cuda:0')},fn {0: tensor(5288, device='cuda:0'), 1: tensor(99, device='cuda:0')},fp {0: tensor(99, device='cuda:0'), 1: tensor(5288, device='cuda:0')}
INFO:root:TEST batch 7 / 20 - measures partial microavg - precision 0.9998 - recall 0.9998 - f1 0.9998 
INFO:root:TEST batch 7 / 20 - measures partial for class 0 - precision 1.0000 - recall 0.9998 - f1 0.9999 
INFO:root:TEST batch 7 / 20 - measures partial for class 1 - precision 0.0009 - recall 0.0481 - f1 0.0019 
INFO:root:TEST batch 7 / 20 - Batch time 18 
INFO:root:TEST batch 8 / 20 - partial error 0.0002 - partial loss 0.0037 - partial MRR  0.0721 - partial MAP 0.0011
INFO:root:TEST batch 8 / 20 -  partial tp {0: tensor(34584394, device='cuda:0'), 1: tensor(0, device='cuda:0')},fn {0: tensor(1709, device='cuda:0'), 1: tensor(58, device='cuda:0')},fp {0: tensor(58, device='cuda:0'), 1: tensor(1709, device='cuda:0')}
INFO:root:TEST batch 8 / 20 - measures partial microavg - precision 0.9999 - recall 0.9999 - f1 0.9999 
INFO:root:TEST batch 8 / 20 - measures partial for class 0 - precision 1.0000 - recall 1.0000 - f1 1.0000 
INFO:root:TEST batch 8 / 20 - measures partial for class 1 - precision 0.0000 - recall 0.0000 - f1 0.0000 
INFO:root:TEST batch 8 / 20 - Batch time 18 
INFO:root:TEST batch 9 / 20 - partial error 0.0002 - partial loss 0.0037 - partial MRR  0.0711 - partial MAP 0.0011
INFO:root:TEST batch 9 / 20 -  partial tp {0: tensor(34586110, device='cuda:0'), 1: tensor(0, device='cuda:0')},fn {0: tensor(11, device='cuda:0'), 1: tensor(40, device='cuda:0')},fp {0: tensor(40, device='cuda:0'), 1: tensor(11, device='cuda:0')}
INFO:root:TEST batch 9 / 20 - measures partial microavg - precision 1.0000 - recall 1.0000 - f1 1.0000 
INFO:root:TEST batch 9 / 20 - measures partial for class 0 - precision 1.0000 - recall 1.0000 - f1 1.0000 
INFO:root:TEST batch 9 / 20 - measures partial for class 1 - precision 0.0000 - recall 0.0000 - f1 0.0000 
INFO:root:TEST batch 9 / 20 - Batch time 18 
INFO:root:TEST batch 10 / 20 - partial error 0.0002 - partial loss 0.0037 - partial MRR  0.0711 - partial MAP 0.0010
INFO:root:TEST batch 10 / 20 -  partial tp {0: tensor(34586079, device='cuda:0'), 1: tensor(0, device='cuda:0')},fn {0: tensor(0, device='cuda:0'), 1: tensor(82, device='cuda:0')},fp {0: tensor(82, device='cuda:0'), 1: tensor(0, device='cuda:0')}
INFO:root:TEST batch 10 / 20 - measures partial microavg - precision 1.0000 - recall 1.0000 - f1 1.0000 
INFO:root:TEST batch 10 / 20 - measures partial for class 0 - precision 1.0000 - recall 1.0000 - f1 1.0000 
INFO:root:TEST batch 10 / 20 - measures partial for class 1 - precision 0.0000 - recall 0.0000 - f1 0.0000 
INFO:root:TEST batch 10 / 20 - Batch time 19 
INFO:root:TEST batch 11 / 20 - partial error 0.0002 - partial loss 0.0037 - partial MRR  0.0675 - partial MAP 0.0009
INFO:root:TEST batch 11 / 20 -  partial tp {0: tensor(34580210, device='cuda:0'), 1: tensor(0, device='cuda:0')},fn {0: tensor(5881, device='cuda:0'), 1: tensor(70, device='cuda:0')},fp {0: tensor(70, device='cuda:0'), 1: tensor(5881, device='cuda:0')}
INFO:root:TEST batch 11 / 20 - measures partial microavg - precision 0.9998 - recall 0.9998 - f1 0.9998 
INFO:root:TEST batch 11 / 20 - measures partial for class 0 - precision 1.0000 - recall 0.9998 - f1 0.9999 
INFO:root:TEST batch 11 / 20 - measures partial for class 1 - precision 0.0000 - recall 0.0000 - f1 0.0000 
INFO:root:TEST batch 11 / 20 - Batch time 18 
INFO:root:TEST batch 12 / 20 - partial error 0.0002 - partial loss 0.0037 - partial MRR  0.0697 - partial MAP 0.0013
INFO:root:TEST batch 12 / 20 -  partial tp {0: tensor(34585998, device='cuda:0'), 1: tensor(4, device='cuda:0')},fn {0: tensor(85, device='cuda:0'), 1: tensor(74, device='cuda:0')},fp {0: tensor(74, device='cuda:0'), 1: tensor(85, device='cuda:0')}
INFO:root:TEST batch 12 / 20 - measures partial microavg - precision 1.0000 - recall 1.0000 - f1 1.0000 
INFO:root:TEST batch 12 / 20 - measures partial for class 0 - precision 1.0000 - recall 1.0000 - f1 1.0000 
INFO:root:TEST batch 12 / 20 - measures partial for class 1 - precision 0.0449 - recall 0.0513 - f1 0.0479 
INFO:root:TEST batch 12 / 20 - Batch time 18 
INFO:root:TEST batch 13 / 20 - partial error 0.0002 - partial loss 0.0037 - partial MRR  0.0708 - partial MAP 0.0012
INFO:root:TEST batch 13 / 20 -  partial tp {0: tensor(34568407, device='cuda:0'), 1: tensor(1, device='cuda:0')},fn {0: tensor(17730, device='cuda:0'), 1: tensor(23, device='cuda:0')},fp {0: tensor(23, device='cuda:0'), 1: tensor(17730, device='cuda:0')}
INFO:root:TEST batch 13 / 20 - measures partial microavg - precision 0.9995 - recall 0.9995 - f1 0.9995 
INFO:root:TEST batch 13 / 20 - measures partial for class 0 - precision 1.0000 - recall 0.9995 - f1 0.9997 
INFO:root:TEST batch 13 / 20 - measures partial for class 1 - precision 0.0001 - recall 0.0417 - f1 0.0001 
INFO:root:TEST batch 13 / 20 - Batch time 18 
INFO:root:TEST batch 14 / 20 - partial error 0.0002 - partial loss 0.0037 - partial MRR  0.0750 - partial MAP 0.0012
INFO:root:TEST batch 14 / 20 -  partial tp {0: tensor(34586139, device='cuda:0'), 1: tensor(0, device='cuda:0')},fn {0: tensor(0, device='cuda:0'), 1: tensor(22, device='cuda:0')},fp {0: tensor(22, device='cuda:0'), 1: tensor(0, device='cuda:0')}
INFO:root:TEST batch 14 / 20 - measures partial microavg - precision 1.0000 - recall 1.0000 - f1 1.0000 
INFO:root:TEST batch 14 / 20 - measures partial for class 0 - precision 1.0000 - recall 1.0000 - f1 1.0000 
INFO:root:TEST batch 14 / 20 - measures partial for class 1 - precision 0.0000 - recall 0.0000 - f1 0.0000 
INFO:root:TEST batch 14 / 20 - Batch time 18 
INFO:root:TEST batch 15 / 20 - partial error 0.0002 - partial loss 0.0036 - partial MRR  0.0769 - partial MAP 0.0011
INFO:root:TEST batch 15 / 20 -  partial tp {0: tensor(34586129, device='cuda:0'), 1: tensor(0, device='cuda:0')},fn {0: tensor(0, device='cuda:0'), 1: tensor(32, device='cuda:0')},fp {0: tensor(32, device='cuda:0'), 1: tensor(0, device='cuda:0')}
INFO:root:TEST batch 15 / 20 - measures partial microavg - precision 1.0000 - recall 1.0000 - f1 1.0000 
INFO:root:TEST batch 15 / 20 - measures partial for class 0 - precision 1.0000 - recall 1.0000 - f1 1.0000 
INFO:root:TEST batch 15 / 20 - measures partial for class 1 - precision 0.0000 - recall 0.0000 - f1 0.0000 
INFO:root:TEST batch 15 / 20 - Batch time 18 
INFO:root:TEST batch 16 / 20 - partial error 0.0002 - partial loss 0.0036 - partial MRR  0.0828 - partial MAP 0.0010
INFO:root:TEST batch 16 / 20 -  partial tp {0: tensor(34586141, device='cuda:0'), 1: tensor(0, device='cuda:0')},fn {0: tensor(0, device='cuda:0'), 1: tensor(20, device='cuda:0')},fp {0: tensor(20, device='cuda:0'), 1: tensor(0, device='cuda:0')}
INFO:root:TEST batch 16 / 20 - measures partial microavg - precision 1.0000 - recall 1.0000 - f1 1.0000 
INFO:root:TEST batch 16 / 20 - measures partial for class 0 - precision 1.0000 - recall 1.0000 - f1 1.0000 
INFO:root:TEST batch 16 / 20 - measures partial for class 1 - precision 0.0000 - recall 0.0000 - f1 0.0000 
INFO:root:TEST batch 16 / 20 - Batch time 18 
INFO:root:TEST batch 17 / 20 - partial error 0.0002 - partial loss 0.0036 - partial MRR  0.0791 - partial MAP 0.0010
INFO:root:TEST batch 17 / 20 -  partial tp {0: tensor(34580383, device='cuda:0'), 1: tensor(0, device='cuda:0')},fn {0: tensor(5742, device='cuda:0'), 1: tensor(36, device='cuda:0')},fp {0: tensor(36, device='cuda:0'), 1: tensor(5742, device='cuda:0')}
INFO:root:TEST batch 17 / 20 - measures partial microavg - precision 0.9998 - recall 0.9998 - f1 0.9998 
INFO:root:TEST batch 17 / 20 - measures partial for class 0 - precision 1.0000 - recall 0.9998 - f1 0.9999 
INFO:root:TEST batch 17 / 20 - measures partial for class 1 - precision 0.0000 - recall 0.0000 - f1 0.0000 
INFO:root:TEST batch 17 / 20 - Batch time 19 
INFO:root:TEST batch 18 / 20 - partial error 0.0001 - partial loss 0.0036 - partial MRR  0.0780 - partial MAP 0.0009
INFO:root:TEST batch 18 / 20 -  partial tp {0: tensor(34586125, device='cuda:0'), 1: tensor(0, device='cuda:0')},fn {0: tensor(0, device='cuda:0'), 1: tensor(36, device='cuda:0')},fp {0: tensor(36, device='cuda:0'), 1: tensor(0, device='cuda:0')}
INFO:root:TEST batch 18 / 20 - measures partial microavg - precision 1.0000 - recall 1.0000 - f1 1.0000 
INFO:root:TEST batch 18 / 20 - measures partial for class 0 - precision 1.0000 - recall 1.0000 - f1 1.0000 
INFO:root:TEST batch 18 / 20 - measures partial for class 1 - precision 0.0000 - recall 0.0000 - f1 0.0000 
INFO:root:TEST batch 18 / 20 - Batch time 19 
INFO:root:TEST batch 19 / 20 - partial error 0.0001 - partial loss 0.0036 - partial MRR  0.0782 - partial MAP 0.0009
INFO:root:TEST batch 19 / 20 -  partial tp {0: tensor(34586115, device='cuda:0'), 1: tensor(0, device='cuda:0')},fn {0: tensor(0, device='cuda:0'), 1: tensor(46, device='cuda:0')},fp {0: tensor(46, device='cuda:0'), 1: tensor(0, device='cuda:0')}
INFO:root:TEST batch 19 / 20 - measures partial microavg - precision 1.0000 - recall 1.0000 - f1 1.0000 
INFO:root:TEST batch 19 / 20 - measures partial for class 0 - precision 1.0000 - recall 1.0000 - f1 1.0000 
INFO:root:TEST batch 19 / 20 - measures partial for class 1 - precision 0.0000 - recall 0.0000 - f1 0.0000 
INFO:root:TEST batch 19 / 20 - Batch time 19 
INFO:root:TEST batch 20 / 20 - partial error 0.0001 - partial loss 0.0036 - partial MRR  0.1005 - partial MAP 0.0015
INFO:root:TEST batch 20 / 20 -  partial tp {0: tensor(34586159, device='cuda:0'), 1: tensor(0, device='cuda:0')},fn {0: tensor(0, device='cuda:0'), 1: tensor(2, device='cuda:0')},fp {0: tensor(2, device='cuda:0'), 1: tensor(0, device='cuda:0')}
INFO:root:TEST batch 20 / 20 - measures partial microavg - precision 1.0000 - recall 1.0000 - f1 1.0000 
INFO:root:TEST batch 20 / 20 - measures partial for class 0 - precision 1.0000 - recall 1.0000 - f1 1.0000 
INFO:root:TEST batch 20 / 20 - measures partial for class 1 - precision 0.0000 - recall 0.0000 - f1 0.0000 
INFO:root:TEST batch 20 / 20 - Batch time 18 
INFO:root:TEST mean losses tensor(0.0036, device='cuda:0')
INFO:root:TEST mean errors 0.00012894604878965765
INFO:root:TEST mean MRR 0.10045599192380905 - mean MAP 0.001512723509222269
INFO:root:TEST tp {0: tensor(691633993, device='cuda:0'), 1: tensor(32, device='cuda:0')},fn {0: tensor(87935, device='cuda:0'), 1: tensor(1260, device='cuda:0')},fp {0: tensor(1260, device='cuda:0'), 1: tensor(87935, device='cuda:0')}
INFO:root:TEST measures microavg - precision 0.9999 - recall 0.9999 - f1 0.9999 
INFO:root:TEST measures for class 0 - precision 1.0000 - recall 0.9999 - f1 0.9999 
INFO:root:TEST measures for class 1 - precision 0.0004 - recall 0.0248 - f1 0.0007 
INFO:root:TEST measures@10 microavg - precision 0.6344 - recall 0.0000 - f1 0.0000 
INFO:root:TEST measures@10 for class 0 - precision 1.0000 - recall 0.0000 - f1 0.0000 
INFO:root:TEST measures@10 for class 1 - precision 0.0250 - recall 0.0023 - f1 0.0042 
INFO:root:TEST measures@100 microavg - precision 0.6501 - recall 0.0000 - f1 0.0000 
INFO:root:TEST measures@100 for class 0 - precision 1.0000 - recall 0.0000 - f1 0.0000 
INFO:root:TEST measures@100 for class 1 - precision 0.0128 - recall 0.0108 - f1 0.0117 
INFO:root:TEST measures@1000 microavg - precision 0.6680 - recall 0.0000 - f1 0.0001 
INFO:root:TEST measures@1000 for class 0 - precision 1.0000 - recall 0.0000 - f1 0.0001 
INFO:root:TEST measures@1000 for class 1 - precision 0.0016 - recall 0.0124 - f1 0.0028 
INFO:root:TEST Total epoch time: 388.11119688000326
INFO:root:################ TRAIN epoch 11 ###################
INFO:root:TRAIN mean losses tensor(0.0243, device='cuda:0')
INFO:root:TRAIN mean errors 0.021374782547354698
INFO:root:TRAIN mean MRR 0.0 - mean MAP 0.028629085049033165
INFO:root:TRAIN tp {0: tensor(3851928, device='cuda:0'), 1: tensor(2086, device='cuda:0')},fn {0: tensor(47272, device='cuda:0'), 1: tensor(36906, device='cuda:0')},fp {0: tensor(36906, device='cuda:0'), 1: tensor(47272, device='cuda:0')}
INFO:root:TRAIN measures microavg - precision 0.9786 - recall 0.9786 - f1 0.9786 
INFO:root:TRAIN measures for class 0 - precision 0.9905 - recall 0.9879 - f1 0.9892 
INFO:root:TRAIN measures for class 1 - precision 0.0423 - recall 0.0535 - f1 0.0472 
INFO:root:TRAIN measures@10 microavg - precision 0.5847 - recall 0.0002 - f1 0.0003 
INFO:root:TRAIN measures@10 for class 0 - precision 0.9950 - recall 0.0002 - f1 0.0003 
INFO:root:TRAIN measures@10 for class 1 - precision 0.0597 - recall 0.0007 - f1 0.0014 
INFO:root:TRAIN measures@100 microavg - precision 0.6115 - recall 0.0016 - f1 0.0032 
INFO:root:TRAIN measures@100 for class 0 - precision 0.9952 - recall 0.0015 - f1 0.0031 
INFO:root:TRAIN measures@100 for class 1 - precision 0.0657 - recall 0.0071 - f1 0.0128 
INFO:root:TRAIN measures@1000 microavg - precision 0.7446 - recall 0.0155 - f1 0.0303 
INFO:root:TRAIN measures@1000 for class 0 - precision 0.9944 - recall 0.0153 - f1 0.0301 
INFO:root:TRAIN measures@1000 for class 1 - precision 0.0582 - recall 0.0326 - f1 0.0418 
INFO:root:TRAIN Total epoch time: 8.113940643001115
INFO:root:=> saved epoch checkpoint 'saved_models/EvolveGCN/bitcoinotc-20250514_141926/epoch_12.pkl'
INFO:root:################ VALID epoch 11 ###################
INFO:root:VALID mean losses tensor(0.0038, device='cuda:0')
INFO:root:VALID mean errors 0.0011593509698286653
INFO:root:VALID mean MRR 0.055135805159807205 - mean MAP 0.001028782338835299
INFO:root:VALID tp {0: tensor(345460462, device='cuda:0'), 1: tensor(173, device='cuda:0')},fn {0: tensor(398802, device='cuda:0'), 1: tensor(2173, device='cuda:0')},fp {0: tensor(2173, device='cuda:0'), 1: tensor(398802, device='cuda:0')}
INFO:root:VALID measures microavg - precision 0.9988 - recall 0.9988 - f1 0.9988 
INFO:root:VALID measures for class 0 - precision 1.0000 - recall 0.9988 - f1 0.9994 
INFO:root:VALID measures for class 1 - precision 0.0004 - recall 0.0737 - f1 0.0009 
INFO:root:VALID measures@10 microavg - precision 0.5200 - recall 0.0000 - f1 0.0000 
INFO:root:VALID measures@10 for class 0 - precision 1.0000 - recall 0.0000 - f1 0.0000 
INFO:root:VALID measures@10 for class 1 - precision 0.0400 - recall 0.0017 - f1 0.0033 
INFO:root:VALID measures@100 microavg - precision 0.5075 - recall 0.0000 - f1 0.0000 
INFO:root:VALID measures@100 for class 0 - precision 1.0000 - recall 0.0000 - f1 0.0000 
INFO:root:VALID measures@100 for class 1 - precision 0.0150 - recall 0.0064 - f1 0.0090 
INFO:root:VALID measures@1000 microavg - precision 0.5017 - recall 0.0000 - f1 0.0001 
INFO:root:VALID measures@1000 for class 0 - precision 1.0000 - recall 0.0000 - f1 0.0001 
INFO:root:VALID measures@1000 for class 1 - precision 0.0034 - recall 0.0145 - f1 0.0055 
INFO:root:VALID Total epoch time: 196.966813523999
INFO:root:################ TRAIN epoch 12 ###################
INFO:root:TRAIN mean losses tensor(0.0239, device='cuda:0')
INFO:root:TRAIN mean errors 0.02062113769352436
INFO:root:TRAIN mean MRR 0.0 - mean MAP 0.03552340716123581
INFO:root:TRAIN tp {0: tensor(3854410, device='cuda:0'), 1: tensor(2572, device='cuda:0')},fn {0: tensor(44790, device='cuda:0'), 1: tensor(36420, device='cuda:0')},fp {0: tensor(36420, device='cuda:0'), 1: tensor(44790, device='cuda:0')}
INFO:root:TRAIN measures microavg - precision 0.9794 - recall 0.9794 - f1 0.9794 
INFO:root:TRAIN measures for class 0 - precision 0.9906 - recall 0.9885 - f1 0.9896 
INFO:root:TRAIN measures for class 1 - precision 0.0543 - recall 0.0660 - f1 0.0596 
INFO:root:TRAIN measures@10 microavg - precision 0.6053 - recall 0.0002 - f1 0.0003 
INFO:root:TRAIN measures@10 for class 0 - precision 0.9950 - recall 0.0002 - f1 0.0003 
INFO:root:TRAIN measures@10 for class 1 - precision 0.1253 - recall 0.0016 - f1 0.0031 
INFO:root:TRAIN measures@100 microavg - precision 0.6173 - recall 0.0016 - f1 0.0033 
INFO:root:TRAIN measures@100 for class 0 - precision 0.9963 - recall 0.0015 - f1 0.0031 
INFO:root:TRAIN measures@100 for class 1 - precision 0.1038 - recall 0.0118 - f1 0.0212 
INFO:root:TRAIN measures@1000 microavg - precision 0.7126 - recall 0.0156 - f1 0.0306 
INFO:root:TRAIN measures@1000 for class 0 - precision 0.9950 - recall 0.0153 - f1 0.0302 
INFO:root:TRAIN measures@1000 for class 1 - precision 0.0707 - recall 0.0478 - f1 0.0570 
INFO:root:TRAIN Total epoch time: 8.23352462299954
INFO:root:=> saved epoch checkpoint 'saved_models/EvolveGCN/bitcoinotc-20250514_141926/epoch_13.pkl'
INFO:root:################ VALID epoch 12 ###################
INFO:root:VALID mean losses tensor(0.0036, device='cuda:0')
INFO:root:VALID mean errors 0.0008059320971369743
INFO:root:VALID mean MRR 0.06670471280813217 - mean MAP 0.0003101543989032507
INFO:root:VALID tp {0: tensor(345582749, device='cuda:0'), 1: tensor(120, device='cuda:0')},fn {0: tensor(276515, device='cuda:0'), 1: tensor(2226, device='cuda:0')},fp {0: tensor(2226, device='cuda:0'), 1: tensor(276515, device='cuda:0')}
INFO:root:VALID measures microavg - precision 0.9992 - recall 0.9992 - f1 0.9992 
INFO:root:VALID measures for class 0 - precision 1.0000 - recall 0.9992 - f1 0.9996 
INFO:root:VALID measures for class 1 - precision 0.0004 - recall 0.0512 - f1 0.0009 
INFO:root:VALID measures@10 microavg - precision 0.5000 - recall 0.0000 - f1 0.0000 
INFO:root:VALID measures@10 for class 0 - precision 1.0000 - recall 0.0000 - f1 0.0000 
INFO:root:VALID measures@10 for class 1 - precision 0.0000 - recall 0.0000 - f1 0.0000 
INFO:root:VALID measures@100 microavg - precision 0.5092 - recall 0.0000 - f1 0.0000 
INFO:root:VALID measures@100 for class 0 - precision 1.0000 - recall 0.0000 - f1 0.0000 
INFO:root:VALID measures@100 for class 1 - precision 0.0000 - recall 0.0000 - f1 0.0000 
INFO:root:VALID measures@1000 microavg - precision 0.5245 - recall 0.0000 - f1 0.0001 
INFO:root:VALID measures@1000 for class 0 - precision 1.0000 - recall 0.0000 - f1 0.0001 
INFO:root:VALID measures@1000 for class 1 - precision 0.0002 - recall 0.0009 - f1 0.0004 
INFO:root:VALID Total epoch time: 201.74834244099475
INFO:root:################ TRAIN epoch 13 ###################
INFO:root:TRAIN mean losses tensor(0.0237, device='cuda:0')
INFO:root:TRAIN mean errors 0.021318158134818077
INFO:root:TRAIN mean MRR 0.0 - mean MAP 0.03829081729054451
INFO:root:TRAIN tp {0: tensor(3851122, device='cuda:0'), 1: tensor(3115, device='cuda:0')},fn {0: tensor(48078, device='cuda:0'), 1: tensor(35877, device='cuda:0')},fp {0: tensor(35877, device='cuda:0'), 1: tensor(48078, device='cuda:0')}
INFO:root:TRAIN measures microavg - precision 0.9787 - recall 0.9787 - f1 0.9787 
INFO:root:TRAIN measures for class 0 - precision 0.9908 - recall 0.9877 - f1 0.9892 
INFO:root:TRAIN measures for class 1 - precision 0.0608 - recall 0.0799 - f1 0.0691 
INFO:root:TRAIN measures@10 microavg - precision 0.6196 - recall 0.0002 - f1 0.0003 
INFO:root:TRAIN measures@10 for class 0 - precision 0.9967 - recall 0.0002 - f1 0.0003 
INFO:root:TRAIN measures@10 for class 1 - precision 0.1511 - recall 0.0019 - f1 0.0037 
INFO:root:TRAIN measures@100 microavg - precision 0.6255 - recall 0.0017 - f1 0.0033 
INFO:root:TRAIN measures@100 for class 0 - precision 0.9935 - recall 0.0015 - f1 0.0031 
INFO:root:TRAIN measures@100 for class 1 - precision 0.1308 - recall 0.0150 - f1 0.0269 
INFO:root:TRAIN measures@1000 microavg - precision 0.7077 - recall 0.0157 - f1 0.0307 
INFO:root:TRAIN measures@1000 for class 0 - precision 0.9947 - recall 0.0153 - f1 0.0301 
INFO:root:TRAIN measures@1000 for class 1 - precision 0.0785 - recall 0.0551 - f1 0.0647 
INFO:root:TRAIN Total epoch time: 8.155087783001363
INFO:root:=> saved epoch checkpoint 'saved_models/EvolveGCN/bitcoinotc-20250514_141926/epoch_14.pkl'
INFO:root:################ VALID epoch 13 ###################
INFO:root:VALID mean losses tensor(0.0044, device='cuda:0')
INFO:root:VALID mean errors 0.00037157346378080547
INFO:root:VALID mean MRR 0.06338712573051453 - mean MAP 0.0010252068750560284
INFO:root:VALID tp {0: tensor(345732968, device='cuda:0'), 1: tensor(129, device='cuda:0')},fn {0: tensor(126296, device='cuda:0'), 1: tensor(2217, device='cuda:0')},fp {0: tensor(2217, device='cuda:0'), 1: tensor(126296, device='cuda:0')}
INFO:root:VALID measures microavg - precision 0.9996 - recall 0.9996 - f1 0.9996 
INFO:root:VALID measures for class 0 - precision 1.0000 - recall 0.9996 - f1 0.9998 
INFO:root:VALID measures for class 1 - precision 0.0010 - recall 0.0550 - f1 0.0020 
INFO:root:VALID measures@10 microavg - precision 0.5050 - recall 0.0000 - f1 0.0000 
INFO:root:VALID measures@10 for class 0 - precision 1.0000 - recall 0.0000 - f1 0.0000 
INFO:root:VALID measures@10 for class 1 - precision 0.0100 - recall 0.0004 - f1 0.0008 
INFO:root:VALID measures@100 microavg - precision 0.5068 - recall 0.0000 - f1 0.0000 
INFO:root:VALID measures@100 for class 0 - precision 1.0000 - recall 0.0000 - f1 0.0000 
INFO:root:VALID measures@100 for class 1 - precision 0.0051 - recall 0.0021 - f1 0.0030 
INFO:root:VALID measures@1000 microavg - precision 0.5218 - recall 0.0000 - f1 0.0001 
INFO:root:VALID measures@1000 for class 0 - precision 1.0000 - recall 0.0000 - f1 0.0001 
INFO:root:VALID measures@1000 for class 1 - precision 0.0011 - recall 0.0043 - f1 0.0017 
INFO:root:VALID Total epoch time: 195.7987726539941
INFO:root:################ TRAIN epoch 14 ###################
INFO:root:TRAIN mean losses tensor(0.0237, device='cuda:0')
INFO:root:TRAIN mean errors 0.019558213651180267
INFO:root:TRAIN mean MRR 0.0 - mean MAP 0.03948327153921127
INFO:root:TRAIN tp {0: tensor(3858145, device='cuda:0'), 1: tensor(3023, device='cuda:0')},fn {0: tensor(41055, device='cuda:0'), 1: tensor(35969, device='cuda:0')},fp {0: tensor(35969, device='cuda:0'), 1: tensor(41055, device='cuda:0')}
INFO:root:TRAIN measures microavg - precision 0.9804 - recall 0.9804 - f1 0.9804 
INFO:root:TRAIN measures for class 0 - precision 0.9908 - recall 0.9895 - f1 0.9901 
INFO:root:TRAIN measures for class 1 - precision 0.0686 - recall 0.0775 - f1 0.0728 
INFO:root:TRAIN measures@10 microavg - precision 0.6332 - recall 0.0002 - f1 0.0003 
INFO:root:TRAIN measures@10 for class 0 - precision 0.9917 - recall 0.0002 - f1 0.0003 
INFO:root:TRAIN measures@10 for class 1 - precision 0.1604 - recall 0.0019 - f1 0.0037 
INFO:root:TRAIN measures@100 microavg - precision 0.6464 - recall 0.0017 - f1 0.0033 
INFO:root:TRAIN measures@100 for class 0 - precision 0.9945 - recall 0.0015 - f1 0.0031 
INFO:root:TRAIN measures@100 for class 1 - precision 0.1461 - recall 0.0156 - f1 0.0283 
INFO:root:TRAIN measures@1000 microavg - precision 0.7324 - recall 0.0157 - f1 0.0307 
INFO:root:TRAIN measures@1000 for class 0 - precision 0.9951 - recall 0.0153 - f1 0.0302 
INFO:root:TRAIN measures@1000 for class 1 - precision 0.0866 - recall 0.0542 - f1 0.0667 
INFO:root:TRAIN Total epoch time: 8.255247517998214
INFO:root:=> saved epoch checkpoint 'saved_models/EvolveGCN/bitcoinotc-20250514_141926/epoch_15.pkl'
INFO:root:################ VALID epoch 14 ###################
INFO:root:VALID mean losses tensor(0.0047, device='cuda:0')
INFO:root:VALID mean errors 0.0006692850147373974
INFO:root:VALID mean MRR 0.07105548679828644 - mean MAP 0.000517898763064295
INFO:root:VALID tp {0: tensor(345629934, device='cuda:0'), 1: tensor(196, device='cuda:0')},fn {0: tensor(229330, device='cuda:0'), 1: tensor(2150, device='cuda:0')},fp {0: tensor(2150, device='cuda:0'), 1: tensor(229330, device='cuda:0')}
INFO:root:VALID measures microavg - precision 0.9993 - recall 0.9993 - f1 0.9993 
INFO:root:VALID measures for class 0 - precision 1.0000 - recall 0.9993 - f1 0.9997 
INFO:root:VALID measures for class 1 - precision 0.0009 - recall 0.0835 - f1 0.0017 
INFO:root:VALID measures@10 microavg - precision 0.5050 - recall 0.0000 - f1 0.0000 
INFO:root:VALID measures@10 for class 0 - precision 1.0000 - recall 0.0000 - f1 0.0000 
INFO:root:VALID measures@10 for class 1 - precision 0.0100 - recall 0.0004 - f1 0.0008 
INFO:root:VALID measures@100 microavg - precision 0.5010 - recall 0.0000 - f1 0.0000 
INFO:root:VALID measures@100 for class 0 - precision 1.0000 - recall 0.0000 - f1 0.0000 
INFO:root:VALID measures@100 for class 1 - precision 0.0020 - recall 0.0009 - f1 0.0012 
INFO:root:VALID measures@1000 microavg - precision 0.5005 - recall 0.0000 - f1 0.0001 
INFO:root:VALID measures@1000 for class 0 - precision 1.0000 - recall 0.0000 - f1 0.0001 
INFO:root:VALID measures@1000 for class 1 - precision 0.0010 - recall 0.0043 - f1 0.0016 
INFO:root:VALID Total epoch time: 201.43700599399745
INFO:root:################ TRAIN epoch 15 ###################
INFO:root:TRAIN mean losses tensor(0.0236, device='cuda:0')
INFO:root:TRAIN mean errors 0.021517489105463028
INFO:root:TRAIN mean MRR 0.0 - mean MAP 0.043196309357881546
INFO:root:TRAIN tp {0: tensor(3849782, device='cuda:0'), 1: tensor(3670, device='cuda:0')},fn {0: tensor(49418, device='cuda:0'), 1: tensor(35322, device='cuda:0')},fp {0: tensor(35322, device='cuda:0'), 1: tensor(49418, device='cuda:0')}
INFO:root:TRAIN measures microavg - precision 0.9785 - recall 0.9785 - f1 0.9785 
INFO:root:TRAIN measures for class 0 - precision 0.9909 - recall 0.9873 - f1 0.9891 
INFO:root:TRAIN measures for class 1 - precision 0.0691 - recall 0.0941 - f1 0.0797 
INFO:root:TRAIN measures@10 microavg - precision 0.6209 - recall 0.0002 - f1 0.0003 
INFO:root:TRAIN measures@10 for class 0 - precision 0.9967 - recall 0.0002 - f1 0.0003 
INFO:root:TRAIN measures@10 for class 1 - precision 0.1772 - recall 0.0023 - f1 0.0046 
INFO:root:TRAIN measures@100 microavg - precision 0.6238 - recall 0.0017 - f1 0.0034 
INFO:root:TRAIN measures@100 for class 0 - precision 0.9948 - recall 0.0015 - f1 0.0031 
INFO:root:TRAIN measures@100 for class 1 - precision 0.1489 - recall 0.0179 - f1 0.0320 
INFO:root:TRAIN measures@1000 microavg - precision 0.7116 - recall 0.0158 - f1 0.0308 
INFO:root:TRAIN measures@1000 for class 0 - precision 0.9948 - recall 0.0153 - f1 0.0302 
INFO:root:TRAIN measures@1000 for class 1 - precision 0.0878 - recall 0.0613 - f1 0.0722 
INFO:root:TRAIN Total epoch time: 8.096288070999435
INFO:root:=> saved epoch checkpoint 'saved_models/EvolveGCN/bitcoinotc-20250514_141926/epoch_16.pkl'
INFO:root:################ VALID epoch 15 ###################
INFO:root:VALID mean losses tensor(0.0046, device='cuda:0')
INFO:root:VALID mean errors 0.0007494297460652888
INFO:root:VALID mean MRR 0.06748029589653015 - mean MAP 0.0008648126968182623
INFO:root:VALID tp {0: tensor(345602182, device='cuda:0'), 1: tensor(229, device='cuda:0')},fn {0: tensor(257082, device='cuda:0'), 1: tensor(2117, device='cuda:0')},fp {0: tensor(2117, device='cuda:0'), 1: tensor(257082, device='cuda:0')}
INFO:root:VALID measures microavg - precision 0.9993 - recall 0.9993 - f1 0.9993 
INFO:root:VALID measures for class 0 - precision 1.0000 - recall 0.9993 - f1 0.9996 
INFO:root:VALID measures for class 1 - precision 0.0009 - recall 0.0976 - f1 0.0018 
INFO:root:VALID measures@10 microavg - precision 0.5050 - recall 0.0000 - f1 0.0000 
INFO:root:VALID measures@10 for class 0 - precision 1.0000 - recall 0.0000 - f1 0.0000 
INFO:root:VALID measures@10 for class 1 - precision 0.0100 - recall 0.0004 - f1 0.0008 
INFO:root:VALID measures@100 microavg - precision 0.5040 - recall 0.0000 - f1 0.0000 
INFO:root:VALID measures@100 for class 0 - precision 1.0000 - recall 0.0000 - f1 0.0000 
INFO:root:VALID measures@100 for class 1 - precision 0.0080 - recall 0.0034 - f1 0.0048 
INFO:root:VALID measures@1000 microavg - precision 0.5010 - recall 0.0000 - f1 0.0001 
INFO:root:VALID measures@1000 for class 0 - precision 1.0000 - recall 0.0000 - f1 0.0001 
INFO:root:VALID measures@1000 for class 1 - precision 0.0020 - recall 0.0085 - f1 0.0032 
INFO:root:VALID Total epoch time: 202.41619995400106
INFO:root:################ TRAIN epoch 16 ###################
INFO:root:TRAIN mean losses tensor(0.0236, device='cuda:0')
INFO:root:TRAIN mean errors 0.021778013557195663
INFO:root:TRAIN mean MRR 0.0 - mean MAP 0.04350055754184723
INFO:root:TRAIN tp {0: tensor(3848951, device='cuda:0'), 1: tensor(3475, device='cuda:0')},fn {0: tensor(50249, device='cuda:0'), 1: tensor(35517, device='cuda:0')},fp {0: tensor(35517, device='cuda:0'), 1: tensor(50249, device='cuda:0')}
INFO:root:TRAIN measures microavg - precision 0.9782 - recall 0.9782 - f1 0.9782 
INFO:root:TRAIN measures for class 0 - precision 0.9909 - recall 0.9871 - f1 0.9890 
INFO:root:TRAIN measures for class 1 - precision 0.0647 - recall 0.0891 - f1 0.0750 
INFO:root:TRAIN measures@10 microavg - precision 0.6014 - recall 0.0002 - f1 0.0003 
INFO:root:TRAIN measures@10 for class 0 - precision 0.9983 - recall 0.0002 - f1 0.0003 
INFO:root:TRAIN measures@10 for class 1 - precision 0.1426 - recall 0.0019 - f1 0.0037 
INFO:root:TRAIN measures@100 microavg - precision 0.6123 - recall 0.0017 - f1 0.0034 
INFO:root:TRAIN measures@100 for class 0 - precision 0.9968 - recall 0.0015 - f1 0.0031 
INFO:root:TRAIN measures@100 for class 1 - precision 0.1431 - recall 0.0181 - f1 0.0321 
INFO:root:TRAIN measures@1000 microavg - precision 0.6969 - recall 0.0158 - f1 0.0309 
INFO:root:TRAIN measures@1000 for class 0 - precision 0.9961 - recall 0.0153 - f1 0.0302 
INFO:root:TRAIN measures@1000 for class 1 - precision 0.0861 - recall 0.0649 - f1 0.0740 
INFO:root:TRAIN Total epoch time: 8.139314843996544
INFO:root:=> saved epoch checkpoint 'saved_models/EvolveGCN/bitcoinotc-20250514_141926/epoch_17.pkl'
INFO:root:################ VALID epoch 16 ###################
INFO:root:VALID mean losses tensor(0.0048, device='cuda:0')
INFO:root:VALID mean errors 0.0005491935880854726
INFO:root:VALID mean MRR 0.07218905538320541 - mean MAP 0.00059017154853791
INFO:root:VALID tp {0: tensor(345671477, device='cuda:0'), 1: tensor(188, device='cuda:0')},fn {0: tensor(187787, device='cuda:0'), 1: tensor(2158, device='cuda:0')},fp {0: tensor(2158, device='cuda:0'), 1: tensor(187787, device='cuda:0')}
INFO:root:VALID measures microavg - precision 0.9995 - recall 0.9995 - f1 0.9995 
INFO:root:VALID measures for class 0 - precision 1.0000 - recall 0.9995 - f1 0.9997 
INFO:root:VALID measures for class 1 - precision 0.0010 - recall 0.0801 - f1 0.0020 
INFO:root:VALID measures@10 microavg - precision 0.5000 - recall 0.0000 - f1 0.0000 
INFO:root:VALID measures@10 for class 0 - precision 1.0000 - recall 0.0000 - f1 0.0000 
INFO:root:VALID measures@10 for class 1 - precision 0.0000 - recall 0.0000 - f1 0.0000 
INFO:root:VALID measures@100 microavg - precision 0.5030 - recall 0.0000 - f1 0.0000 
INFO:root:VALID measures@100 for class 0 - precision 1.0000 - recall 0.0000 - f1 0.0000 
INFO:root:VALID measures@100 for class 1 - precision 0.0060 - recall 0.0026 - f1 0.0036 
INFO:root:VALID measures@1000 microavg - precision 0.5007 - recall 0.0000 - f1 0.0001 
INFO:root:VALID measures@1000 for class 0 - precision 1.0000 - recall 0.0000 - f1 0.0001 
INFO:root:VALID measures@1000 for class 1 - precision 0.0014 - recall 0.0060 - f1 0.0023 
INFO:root:VALID Total epoch time: 199.74319912699866
INFO:root:################ TRAIN epoch 17 ###################
INFO:root:TRAIN mean losses tensor(0.0235, device='cuda:0')
INFO:root:TRAIN mean errors 0.022339439019560814
INFO:root:TRAIN mean MRR 0.0 - mean MAP 0.04235563799738884
INFO:root:TRAIN tp {0: tensor(3846416, device='cuda:0'), 1: tensor(3799, device='cuda:0')},fn {0: tensor(52784, device='cuda:0'), 1: tensor(35193, device='cuda:0')},fp {0: tensor(35193, device='cuda:0'), 1: tensor(52784, device='cuda:0')}
INFO:root:TRAIN measures microavg - precision 0.9777 - recall 0.9777 - f1 0.9777 
INFO:root:TRAIN measures for class 0 - precision 0.9909 - recall 0.9865 - f1 0.9887 
INFO:root:TRAIN measures for class 1 - precision 0.0671 - recall 0.0974 - f1 0.0795 
INFO:root:TRAIN measures@10 microavg - precision 0.5867 - recall 0.0002 - f1 0.0003 
INFO:root:TRAIN measures@10 for class 0 - precision 0.9850 - recall 0.0002 - f1 0.0003 
INFO:root:TRAIN measures@10 for class 1 - precision 0.1592 - recall 0.0023 - f1 0.0045 
INFO:root:TRAIN measures@100 microavg - precision 0.6132 - recall 0.0017 - f1 0.0034 
INFO:root:TRAIN measures@100 for class 0 - precision 0.9935 - recall 0.0015 - f1 0.0031 
INFO:root:TRAIN measures@100 for class 1 - precision 0.1486 - recall 0.0187 - f1 0.0333 
INFO:root:TRAIN measures@1000 microavg - precision 0.6908 - recall 0.0158 - f1 0.0308 
INFO:root:TRAIN measures@1000 for class 0 - precision 0.9941 - recall 0.0153 - f1 0.0301 
INFO:root:TRAIN measures@1000 for class 1 - precision 0.0817 - recall 0.0626 - f1 0.0709 
INFO:root:TRAIN Total epoch time: 8.112642430998676
INFO:root:=> saved epoch checkpoint 'saved_models/EvolveGCN/bitcoinotc-20250514_141926/epoch_18.pkl'
INFO:root:################ VALID epoch 17 ###################
INFO:root:VALID mean losses tensor(0.0049, device='cuda:0')
INFO:root:VALID mean errors 0.0008116367389447987
INFO:root:VALID mean MRR 0.06763055920600891 - mean MAP 0.0009917339775711298
INFO:root:VALID tp {0: tensor(345580666, device='cuda:0'), 1: tensor(230, device='cuda:0')},fn {0: tensor(278598, device='cuda:0'), 1: tensor(2116, device='cuda:0')},fp {0: tensor(2116, device='cuda:0'), 1: tensor(278598, device='cuda:0')}
INFO:root:VALID measures microavg - precision 0.9992 - recall 0.9992 - f1 0.9992 
INFO:root:VALID measures for class 0 - precision 1.0000 - recall 0.9992 - f1 0.9996 
INFO:root:VALID measures for class 1 - precision 0.0008 - recall 0.0980 - f1 0.0016 
INFO:root:VALID measures@10 microavg - precision 0.5150 - recall 0.0000 - f1 0.0000 
INFO:root:VALID measures@10 for class 0 - precision 1.0000 - recall 0.0000 - f1 0.0000 
INFO:root:VALID measures@10 for class 1 - precision 0.0300 - recall 0.0013 - f1 0.0025 
INFO:root:VALID measures@100 microavg - precision 0.5065 - recall 0.0000 - f1 0.0000 
INFO:root:VALID measures@100 for class 0 - precision 1.0000 - recall 0.0000 - f1 0.0000 
INFO:root:VALID measures@100 for class 1 - precision 0.0130 - recall 0.0055 - f1 0.0078 
INFO:root:VALID measures@1000 microavg - precision 0.5016 - recall 0.0000 - f1 0.0001 
INFO:root:VALID measures@1000 for class 0 - precision 1.0000 - recall 0.0000 - f1 0.0001 
INFO:root:VALID measures@1000 for class 1 - precision 0.0025 - recall 0.0107 - f1 0.0041 
INFO:root:VALID Total epoch time: 196.58088648899866
INFO:root:################ TRAIN epoch 18 ###################
INFO:root:TRAIN mean losses tensor(0.0234, device='cuda:0')
INFO:root:TRAIN mean errors 0.021174944937229156
INFO:root:TRAIN mean MRR 0.0 - mean MAP 0.043464295566082
INFO:root:TRAIN tp {0: tensor(3851279, device='cuda:0'), 1: tensor(3522, device='cuda:0')},fn {0: tensor(47921, device='cuda:0'), 1: tensor(35470, device='cuda:0')},fp {0: tensor(35470, device='cuda:0'), 1: tensor(47921, device='cuda:0')}
INFO:root:TRAIN measures microavg - precision 0.9788 - recall 0.9788 - f1 0.9788 
INFO:root:TRAIN measures for class 0 - precision 0.9909 - recall 0.9877 - f1 0.9893 
INFO:root:TRAIN measures for class 1 - precision 0.0685 - recall 0.0903 - f1 0.0779 
INFO:root:TRAIN measures@10 microavg - precision 0.5848 - recall 0.0002 - f1 0.0003 
INFO:root:TRAIN measures@10 for class 0 - precision 0.9933 - recall 0.0002 - f1 0.0003 
INFO:root:TRAIN measures@10 for class 1 - precision 0.1571 - recall 0.0023 - f1 0.0045 
INFO:root:TRAIN measures@100 microavg - precision 0.6027 - recall 0.0017 - f1 0.0034 
INFO:root:TRAIN measures@100 for class 0 - precision 0.9958 - recall 0.0015 - f1 0.0031 
INFO:root:TRAIN measures@100 for class 1 - precision 0.1469 - recall 0.0195 - f1 0.0344 
INFO:root:TRAIN measures@1000 microavg - precision 0.6953 - recall 0.0158 - f1 0.0309 
INFO:root:TRAIN measures@1000 for class 0 - precision 0.9956 - recall 0.0153 - f1 0.0302 
INFO:root:TRAIN measures@1000 for class 1 - precision 0.0864 - recall 0.0656 - f1 0.0746 
INFO:root:TRAIN Total epoch time: 8.152511719999893
INFO:root:=> saved epoch checkpoint 'saved_models/EvolveGCN/bitcoinotc-20250514_141926/epoch_19.pkl'
INFO:root:################ VALID epoch 18 ###################
INFO:root:VALID mean losses tensor(0.0049, device='cuda:0')
INFO:root:VALID mean errors 0.0007917790790088475
INFO:root:VALID mean MRR 0.07305596768856049 - mean MAP 0.0005921842530369759
INFO:root:VALID tp {0: tensor(345587525, device='cuda:0'), 1: tensor(239, device='cuda:0')},fn {0: tensor(271739, device='cuda:0'), 1: tensor(2107, device='cuda:0')},fp {0: tensor(2107, device='cuda:0'), 1: tensor(271739, device='cuda:0')}
INFO:root:VALID measures microavg - precision 0.9992 - recall 0.9992 - f1 0.9992 
INFO:root:VALID measures for class 0 - precision 1.0000 - recall 0.9992 - f1 0.9996 
INFO:root:VALID measures for class 1 - precision 0.0009 - recall 0.1019 - f1 0.0017 
INFO:root:VALID measures@10 microavg - precision 0.5000 - recall 0.0000 - f1 0.0000 
INFO:root:VALID measures@10 for class 0 - precision 1.0000 - recall 0.0000 - f1 0.0000 
INFO:root:VALID measures@10 for class 1 - precision 0.0000 - recall 0.0000 - f1 0.0000 
INFO:root:VALID measures@100 microavg - precision 0.5063 - recall 0.0000 - f1 0.0000 
INFO:root:VALID measures@100 for class 0 - precision 1.0000 - recall 0.0000 - f1 0.0000 
INFO:root:VALID measures@100 for class 1 - precision 0.0091 - recall 0.0038 - f1 0.0054 
INFO:root:VALID measures@1000 microavg - precision 0.5164 - recall 0.0000 - f1 0.0001 
INFO:root:VALID measures@1000 for class 0 - precision 1.0000 - recall 0.0000 - f1 0.0001 
INFO:root:VALID measures@1000 for class 1 - precision 0.0011 - recall 0.0043 - f1 0.0017 
INFO:root:VALID Total epoch time: 197.04415928500384
INFO:root:################ TRAIN epoch 19 ###################
INFO:root:TRAIN mean losses tensor(0.0234, device='cuda:0')
INFO:root:TRAIN mean errors 0.022274434566497803
INFO:root:TRAIN mean MRR 0.0 - mean MAP 0.04473201185464859
INFO:root:TRAIN tp {0: tensor(3846440, device='cuda:0'), 1: tensor(4031, device='cuda:0')},fn {0: tensor(52760, device='cuda:0'), 1: tensor(34961, device='cuda:0')},fp {0: tensor(34961, device='cuda:0'), 1: tensor(52760, device='cuda:0')}
INFO:root:TRAIN measures microavg - precision 0.9777 - recall 0.9777 - f1 0.9777 
INFO:root:TRAIN measures for class 0 - precision 0.9910 - recall 0.9865 - f1 0.9887 
INFO:root:TRAIN measures for class 1 - precision 0.0710 - recall 0.1034 - f1 0.0842 
INFO:root:TRAIN measures@10 microavg - precision 0.5875 - recall 0.0002 - f1 0.0004 
INFO:root:TRAIN measures@10 for class 0 - precision 0.9933 - recall 0.0002 - f1 0.0003 
INFO:root:TRAIN measures@10 for class 1 - precision 0.1735 - recall 0.0026 - f1 0.0052 
INFO:root:TRAIN measures@100 microavg - precision 0.5938 - recall 0.0017 - f1 0.0035 
INFO:root:TRAIN measures@100 for class 0 - precision 0.9957 - recall 0.0015 - f1 0.0031 
INFO:root:TRAIN measures@100 for class 1 - precision 0.1549 - recall 0.0218 - f1 0.0383 
INFO:root:TRAIN measures@1000 microavg - precision 0.6743 - recall 0.0159 - f1 0.0311 
INFO:root:TRAIN measures@1000 for class 0 - precision 0.9951 - recall 0.0153 - f1 0.0302 
INFO:root:TRAIN measures@1000 for class 1 - precision 0.0907 - recall 0.0767 - f1 0.0831 
INFO:root:TRAIN Total epoch time: 8.141097018000437
INFO:root:=> saved epoch checkpoint 'saved_models/EvolveGCN/bitcoinotc-20250514_141926/epoch_20.pkl'
INFO:root:################ VALID epoch 19 ###################
INFO:root:VALID mean losses tensor(0.0050, device='cuda:0')
INFO:root:VALID mean errors 0.0008948809700086713
INFO:root:VALID mean MRR 0.0677199587225914 - mean MAP 0.0006721746176481247
INFO:root:VALID tp {0: tensor(345551873, device='cuda:0'), 1: tensor(232, device='cuda:0')},fn {0: tensor(307391, device='cuda:0'), 1: tensor(2114, device='cuda:0')},fp {0: tensor(2114, device='cuda:0'), 1: tensor(307391, device='cuda:0')}
INFO:root:VALID measures microavg - precision 0.9991 - recall 0.9991 - f1 0.9991 
INFO:root:VALID measures for class 0 - precision 1.0000 - recall 0.9991 - f1 0.9996 
INFO:root:VALID measures for class 1 - precision 0.0008 - recall 0.0989 - f1 0.0015 
INFO:root:VALID measures@10 microavg - precision 0.5050 - recall 0.0000 - f1 0.0000 
INFO:root:VALID measures@10 for class 0 - precision 1.0000 - recall 0.0000 - f1 0.0000 
INFO:root:VALID measures@10 for class 1 - precision 0.0100 - recall 0.0004 - f1 0.0008 
INFO:root:VALID measures@100 microavg - precision 0.5050 - recall 0.0000 - f1 0.0000 
INFO:root:VALID measures@100 for class 0 - precision 1.0000 - recall 0.0000 - f1 0.0000 
INFO:root:VALID measures@100 for class 1 - precision 0.0100 - recall 0.0043 - f1 0.0060 
INFO:root:VALID measures@1000 microavg - precision 0.5009 - recall 0.0000 - f1 0.0001 
INFO:root:VALID measures@1000 for class 0 - precision 1.0000 - recall 0.0000 - f1 0.0001 
INFO:root:VALID measures@1000 for class 1 - precision 0.0018 - recall 0.0077 - f1 0.0029 
INFO:root:VALID Total epoch time: 197.2445329320035
INFO:root:################ TRAIN epoch 20 ###################
INFO:root:TRAIN mean losses tensor(0.0234, device='cuda:0')
INFO:root:TRAIN mean errors 0.022762984037399292
INFO:root:TRAIN mean MRR 0.0 - mean MAP 0.04436902701854706
INFO:root:TRAIN tp {0: tensor(3844699, device='cuda:0'), 1: tensor(3848, device='cuda:0')},fn {0: tensor(54501, device='cuda:0'), 1: tensor(35144, device='cuda:0')},fp {0: tensor(35144, device='cuda:0'), 1: tensor(54501, device='cuda:0')}
INFO:root:TRAIN measures microavg - precision 0.9772 - recall 0.9772 - f1 0.9772 
INFO:root:TRAIN measures for class 0 - precision 0.9909 - recall 0.9860 - f1 0.9885 
INFO:root:TRAIN measures for class 1 - precision 0.0659 - recall 0.0987 - f1 0.0791 
INFO:root:TRAIN measures@10 microavg - precision 0.5839 - recall 0.0002 - f1 0.0003 
INFO:root:TRAIN measures@10 for class 0 - precision 0.9967 - recall 0.0002 - f1 0.0003 
INFO:root:TRAIN measures@10 for class 1 - precision 0.1569 - recall 0.0023 - f1 0.0046 
INFO:root:TRAIN measures@100 microavg - precision 0.5906 - recall 0.0017 - f1 0.0034 
INFO:root:TRAIN measures@100 for class 0 - precision 0.9957 - recall 0.0015 - f1 0.0031 
INFO:root:TRAIN measures@100 for class 1 - precision 0.1486 - recall 0.0210 - f1 0.0367 
INFO:root:TRAIN measures@1000 microavg - precision 0.6800 - recall 0.0159 - f1 0.0310 
INFO:root:TRAIN measures@1000 for class 0 - precision 0.9954 - recall 0.0153 - f1 0.0302 
INFO:root:TRAIN measures@1000 for class 1 - precision 0.0882 - recall 0.0723 - f1 0.0795 
INFO:root:TRAIN Total epoch time: 8.169415891003155
INFO:root:=> saved epoch checkpoint 'saved_models/EvolveGCN/bitcoinotc-20250514_141926/epoch_21.pkl'
INFO:root:################ VALID epoch 20 ###################
INFO:root:VALID mean losses tensor(0.0048, device='cuda:0')
INFO:root:VALID mean errors 0.0010486245155334473
INFO:root:VALID mean MRR 0.07401219010353088 - mean MAP 0.0006542650517076254
INFO:root:VALID tp {0: tensor(345498645, device='cuda:0'), 1: tensor(286, device='cuda:0')},fn {0: tensor(360619, device='cuda:0'), 1: tensor(2060, device='cuda:0')},fp {0: tensor(2060, device='cuda:0'), 1: tensor(360619, device='cuda:0')}
INFO:root:VALID measures microavg - precision 0.9990 - recall 0.9990 - f1 0.9990 
INFO:root:VALID measures for class 0 - precision 1.0000 - recall 0.9990 - f1 0.9995 
INFO:root:VALID measures for class 1 - precision 0.0008 - recall 0.1219 - f1 0.0016 
INFO:root:VALID measures@10 microavg - precision 0.5100 - recall 0.0000 - f1 0.0000 
INFO:root:VALID measures@10 for class 0 - precision 1.0000 - recall 0.0000 - f1 0.0000 
INFO:root:VALID measures@10 for class 1 - precision 0.0200 - recall 0.0009 - f1 0.0016 
INFO:root:VALID measures@100 microavg - precision 0.5040 - recall 0.0000 - f1 0.0000 
INFO:root:VALID measures@100 for class 0 - precision 1.0000 - recall 0.0000 - f1 0.0000 
INFO:root:VALID measures@100 for class 1 - precision 0.0080 - recall 0.0034 - f1 0.0048 
INFO:root:VALID measures@1000 microavg - precision 0.5008 - recall 0.0000 - f1 0.0001 
INFO:root:VALID measures@1000 for class 0 - precision 1.0000 - recall 0.0000 - f1 0.0001 
INFO:root:VALID measures@1000 for class 1 - precision 0.0015 - recall 0.0064 - f1 0.0024 
INFO:root:VALID Total epoch time: 196.8434645870002
INFO:root:################ TRAIN epoch 21 ###################
INFO:root:TRAIN mean losses tensor(0.0234, device='cuda:0')
INFO:root:TRAIN mean errors 0.022818593308329582
INFO:root:TRAIN mean MRR 0.0 - mean MAP 0.044693995267152786
INFO:root:TRAIN tp {0: tensor(3844431, device='cuda:0'), 1: tensor(3897, device='cuda:0')},fn {0: tensor(54769, device='cuda:0'), 1: tensor(35095, device='cuda:0')},fp {0: tensor(35095, device='cuda:0'), 1: tensor(54769, device='cuda:0')}
INFO:root:TRAIN measures microavg - precision 0.9772 - recall 0.9772 - f1 0.9772 
INFO:root:TRAIN measures for class 0 - precision 0.9910 - recall 0.9860 - f1 0.9884 
INFO:root:TRAIN measures for class 1 - precision 0.0664 - recall 0.0999 - f1 0.0798 
INFO:root:TRAIN measures@10 microavg - precision 0.5940 - recall 0.0002 - f1 0.0004 
INFO:root:TRAIN measures@10 for class 0 - precision 0.9983 - recall 0.0002 - f1 0.0003 
INFO:root:TRAIN measures@10 for class 1 - precision 0.1684 - recall 0.0025 - f1 0.0049 
INFO:root:TRAIN measures@100 microavg - precision 0.5933 - recall 0.0017 - f1 0.0034 
INFO:root:TRAIN measures@100 for class 0 - precision 0.9957 - recall 0.0015 - f1 0.0031 
INFO:root:TRAIN measures@100 for class 1 - precision 0.1489 - recall 0.0207 - f1 0.0364 
INFO:root:TRAIN measures@1000 microavg - precision 0.6795 - recall 0.0159 - f1 0.0311 
INFO:root:TRAIN measures@1000 for class 0 - precision 0.9950 - recall 0.0153 - f1 0.0302 
INFO:root:TRAIN measures@1000 for class 1 - precision 0.0906 - recall 0.0747 - f1 0.0819 
INFO:root:TRAIN Total epoch time: 8.099212654997245
INFO:root:=> saved epoch checkpoint 'saved_models/EvolveGCN/bitcoinotc-20250514_141926/epoch_22.pkl'
INFO:root:################ VALID epoch 21 ###################
INFO:root:VALID mean losses tensor(0.0046, device='cuda:0')
INFO:root:VALID mean errors 0.0007901368080638349
INFO:root:VALID mean MRR 0.0719040259718895 - mean MAP 0.0007307358901016414
INFO:root:VALID tp {0: tensor(345588090, device='cuda:0'), 1: tensor(242, device='cuda:0')},fn {0: tensor(271174, device='cuda:0'), 1: tensor(2104, device='cuda:0')},fp {0: tensor(2104, device='cuda:0'), 1: tensor(271174, device='cuda:0')}
INFO:root:VALID measures microavg - precision 0.9992 - recall 0.9992 - f1 0.9992 
INFO:root:VALID measures for class 0 - precision 1.0000 - recall 0.9992 - f1 0.9996 
INFO:root:VALID measures for class 1 - precision 0.0009 - recall 0.1032 - f1 0.0018 
INFO:root:VALID measures@10 microavg - precision 0.5100 - recall 0.0000 - f1 0.0000 
INFO:root:VALID measures@10 for class 0 - precision 1.0000 - recall 0.0000 - f1 0.0000 
INFO:root:VALID measures@10 for class 1 - precision 0.0200 - recall 0.0009 - f1 0.0016 
INFO:root:VALID measures@100 microavg - precision 0.5045 - recall 0.0000 - f1 0.0000 
INFO:root:VALID measures@100 for class 0 - precision 1.0000 - recall 0.0000 - f1 0.0000 
INFO:root:VALID measures@100 for class 1 - precision 0.0090 - recall 0.0038 - f1 0.0054 
INFO:root:VALID measures@1000 microavg - precision 0.5148 - recall 0.0000 - f1 0.0001 
INFO:root:VALID measures@1000 for class 0 - precision 1.0000 - recall 0.0000 - f1 0.0001 
INFO:root:VALID measures@1000 for class 1 - precision 0.0017 - recall 0.0068 - f1 0.0027 
INFO:root:VALID Total epoch time: 205.33908308199898
INFO:root:################ TRAIN epoch 22 ###################
INFO:root:TRAIN mean losses tensor(0.0234, device='cuda:0')
INFO:root:TRAIN mean errors 0.022877756506204605
INFO:root:TRAIN mean MRR 0.0 - mean MAP 0.04411178454756737
INFO:root:TRAIN tp {0: tensor(3844304, device='cuda:0'), 1: tensor(3791, device='cuda:0')},fn {0: tensor(54896, device='cuda:0'), 1: tensor(35201, device='cuda:0')},fp {0: tensor(35201, device='cuda:0'), 1: tensor(54896, device='cuda:0')}
INFO:root:TRAIN measures microavg - precision 0.9771 - recall 0.9771 - f1 0.9771 
INFO:root:TRAIN measures for class 0 - precision 0.9909 - recall 0.9859 - f1 0.9884 
INFO:root:TRAIN measures for class 1 - precision 0.0646 - recall 0.0972 - f1 0.0776 
INFO:root:TRAIN measures@10 microavg - precision 0.5783 - recall 0.0002 - f1 0.0003 
INFO:root:TRAIN measures@10 for class 0 - precision 0.9933 - recall 0.0002 - f1 0.0003 
INFO:root:TRAIN measures@10 for class 1 - precision 0.1497 - recall 0.0022 - f1 0.0044 
INFO:root:TRAIN measures@100 microavg - precision 0.5872 - recall 0.0017 - f1 0.0034 
INFO:root:TRAIN measures@100 for class 0 - precision 0.9957 - recall 0.0015 - f1 0.0031 
INFO:root:TRAIN measures@100 for class 1 - precision 0.1482 - recall 0.0212 - f1 0.0371 
INFO:root:TRAIN measures@1000 microavg - precision 0.6736 - recall 0.0159 - f1 0.0310 
INFO:root:TRAIN measures@1000 for class 0 - precision 0.9953 - recall 0.0153 - f1 0.0302 
INFO:root:TRAIN measures@1000 for class 1 - precision 0.0868 - recall 0.0732 - f1 0.0794 
INFO:root:TRAIN Total epoch time: 8.185029069994926
INFO:root:=> saved epoch checkpoint 'saved_models/EvolveGCN/bitcoinotc-20250514_141926/epoch_23.pkl'
INFO:root:################ VALID epoch 22 ###################
INFO:root:VALID mean losses tensor(0.0050, device='cuda:0')
INFO:root:VALID mean errors 0.0009093376575037837
INFO:root:VALID mean MRR 0.07619393616914749 - mean MAP 0.0019149472936987877
INFO:root:VALID tp {0: tensor(345546869, device='cuda:0'), 1: tensor(236, device='cuda:0')},fn {0: tensor(312395, device='cuda:0'), 1: tensor(2110, device='cuda:0')},fp {0: tensor(2110, device='cuda:0'), 1: tensor(312395, device='cuda:0')}
INFO:root:VALID measures microavg - precision 0.9991 - recall 0.9991 - f1 0.9991 
INFO:root:VALID measures for class 0 - precision 1.0000 - recall 0.9991 - f1 0.9995 
INFO:root:VALID measures for class 1 - precision 0.0008 - recall 0.1006 - f1 0.0015 
INFO:root:VALID measures@10 microavg - precision 0.5100 - recall 0.0000 - f1 0.0000 
INFO:root:VALID measures@10 for class 0 - precision 1.0000 - recall 0.0000 - f1 0.0000 
INFO:root:VALID measures@10 for class 1 - precision 0.0200 - recall 0.0009 - f1 0.0016 
INFO:root:VALID measures@100 microavg - precision 0.5075 - recall 0.0000 - f1 0.0000 
INFO:root:VALID measures@100 for class 0 - precision 1.0000 - recall 0.0000 - f1 0.0000 
INFO:root:VALID measures@100 for class 1 - precision 0.0150 - recall 0.0064 - f1 0.0090 
INFO:root:VALID measures@1000 microavg - precision 0.5013 - recall 0.0000 - f1 0.0001 
INFO:root:VALID measures@1000 for class 0 - precision 1.0000 - recall 0.0000 - f1 0.0001 
INFO:root:VALID measures@1000 for class 1 - precision 0.0027 - recall 0.0115 - f1 0.0044 
INFO:root:VALID Total epoch time: 200.72324517599918
INFO:root:################ TRAIN epoch 23 ###################
INFO:root:TRAIN mean losses tensor(0.0234, device='cuda:0')
INFO:root:TRAIN mean errors 0.02142759971320629
INFO:root:TRAIN mean MRR 0.0 - mean MAP 0.04511484503746033
INFO:root:TRAIN tp {0: tensor(3850202, device='cuda:0'), 1: tensor(3604, device='cuda:0')},fn {0: tensor(48998, device='cuda:0'), 1: tensor(35388, device='cuda:0')},fp {0: tensor(35388, device='cuda:0'), 1: tensor(48998, device='cuda:0')}
INFO:root:TRAIN measures microavg - precision 0.9786 - recall 0.9786 - f1 0.9786 
INFO:root:TRAIN measures for class 0 - precision 0.9909 - recall 0.9874 - f1 0.9892 
INFO:root:TRAIN measures for class 1 - precision 0.0685 - recall 0.0924 - f1 0.0787 
INFO:root:TRAIN measures@10 microavg - precision 0.5762 - recall 0.0002 - f1 0.0003 
INFO:root:TRAIN measures@10 for class 0 - precision 0.9867 - recall 0.0002 - f1 0.0003 
INFO:root:TRAIN measures@10 for class 1 - precision 0.1567 - recall 0.0024 - f1 0.0046 
INFO:root:TRAIN measures@100 microavg - precision 0.5932 - recall 0.0017 - f1 0.0034 
INFO:root:TRAIN measures@100 for class 0 - precision 0.9938 - recall 0.0015 - f1 0.0031 
INFO:root:TRAIN measures@100 for class 1 - precision 0.1543 - recall 0.0217 - f1 0.0380 
INFO:root:TRAIN measures@1000 microavg - precision 0.6778 - recall 0.0159 - f1 0.0311 
INFO:root:TRAIN measures@1000 for class 0 - precision 0.9951 - recall 0.0153 - f1 0.0302 
INFO:root:TRAIN measures@1000 for class 1 - precision 0.0917 - recall 0.0764 - f1 0.0834 
INFO:root:TRAIN Total epoch time: 8.294077394995838
INFO:root:=> saved epoch checkpoint 'saved_models/EvolveGCN/bitcoinotc-20250514_141926/epoch_24.pkl'
INFO:root:################ VALID epoch 23 ###################
INFO:root:VALID mean losses tensor(0.0047, device='cuda:0')
INFO:root:VALID mean errors 0.001122104818932712
INFO:root:VALID mean MRR 0.06729203462600708 - mean MAP 0.00033259528572671115
INFO:root:VALID tp {0: tensor(345473237, device='cuda:0'), 1: tensor(280, device='cuda:0')},fn {0: tensor(386027, device='cuda:0'), 1: tensor(2066, device='cuda:0')},fp {0: tensor(2066, device='cuda:0'), 1: tensor(386027, device='cuda:0')}
INFO:root:VALID measures microavg - precision 0.9989 - recall 0.9989 - f1 0.9989 
INFO:root:VALID measures for class 0 - precision 1.0000 - recall 0.9989 - f1 0.9994 
INFO:root:VALID measures for class 1 - precision 0.0007 - recall 0.1194 - f1 0.0014 
INFO:root:VALID measures@10 microavg - precision 0.5000 - recall 0.0000 - f1 0.0000 
INFO:root:VALID measures@10 for class 0 - precision 1.0000 - recall 0.0000 - f1 0.0000 
INFO:root:VALID measures@10 for class 1 - precision 0.0000 - recall 0.0000 - f1 0.0000 
INFO:root:VALID measures@100 microavg - precision 0.5035 - recall 0.0000 - f1 0.0000 
INFO:root:VALID measures@100 for class 0 - precision 1.0000 - recall 0.0000 - f1 0.0000 
INFO:root:VALID measures@100 for class 1 - precision 0.0070 - recall 0.0030 - f1 0.0042 
INFO:root:VALID measures@1000 microavg - precision 0.5007 - recall 0.0000 - f1 0.0001 
INFO:root:VALID measures@1000 for class 0 - precision 1.0000 - recall 0.0000 - f1 0.0001 
INFO:root:VALID measures@1000 for class 1 - precision 0.0013 - recall 0.0055 - f1 0.0021 
INFO:root:VALID Total epoch time: 196.30721088999417
INFO:root:################ TRAIN epoch 24 ###################
INFO:root:TRAIN mean losses tensor(0.0233, device='cuda:0')
INFO:root:TRAIN mean errors 0.022794216871261597
INFO:root:TRAIN mean MRR 0.0 - mean MAP 0.04371597617864609
INFO:root:TRAIN tp {0: tensor(3844597, device='cuda:0'), 1: tensor(3827, device='cuda:0')},fn {0: tensor(54603, device='cuda:0'), 1: tensor(35165, device='cuda:0')},fp {0: tensor(35165, device='cuda:0'), 1: tensor(54603, device='cuda:0')}
INFO:root:TRAIN measures microavg - precision 0.9772 - recall 0.9772 - f1 0.9772 
INFO:root:TRAIN measures for class 0 - precision 0.9909 - recall 0.9860 - f1 0.9885 
INFO:root:TRAIN measures for class 1 - precision 0.0655 - recall 0.0981 - f1 0.0786 
INFO:root:TRAIN measures@10 microavg - precision 0.5807 - recall 0.0002 - f1 0.0004 
INFO:root:TRAIN measures@10 for class 0 - precision 0.9917 - recall 0.0002 - f1 0.0003 
INFO:root:TRAIN measures@10 for class 1 - precision 0.1627 - recall 0.0025 - f1 0.0049 
INFO:root:TRAIN measures@100 microavg - precision 0.5800 - recall 0.0017 - f1 0.0034 
INFO:root:TRAIN measures@100 for class 0 - precision 0.9958 - recall 0.0015 - f1 0.0031 
INFO:root:TRAIN measures@100 for class 1 - precision 0.1378 - recall 0.0200 - f1 0.0349 
INFO:root:TRAIN measures@1000 microavg - precision 0.6633 - recall 0.0160 - f1 0.0312 
INFO:root:TRAIN measures@1000 for class 0 - precision 0.9952 - recall 0.0153 - f1 0.0302 
INFO:root:TRAIN measures@1000 for class 1 - precision 0.0897 - recall 0.0798 - f1 0.0845 
INFO:root:TRAIN Total epoch time: 8.16716115300369
INFO:root:=> saved epoch checkpoint 'saved_models/EvolveGCN/bitcoinotc-20250514_141926/epoch_25.pkl'
INFO:root:################ VALID epoch 24 ###################
INFO:root:VALID mean losses tensor(0.0050, device='cuda:0')
INFO:root:VALID mean errors 0.0008072071941569448
INFO:root:VALID mean MRR 0.0762808695435524 - mean MAP 0.0010068092960864305
INFO:root:VALID tp {0: tensor(345582173, device='cuda:0'), 1: tensor(255, device='cuda:0')},fn {0: tensor(277091, device='cuda:0'), 1: tensor(2091, device='cuda:0')},fp {0: tensor(2091, device='cuda:0'), 1: tensor(277091, device='cuda:0')}
INFO:root:VALID measures microavg - precision 0.9992 - recall 0.9992 - f1 0.9992 
INFO:root:VALID measures for class 0 - precision 1.0000 - recall 0.9992 - f1 0.9996 
INFO:root:VALID measures for class 1 - precision 0.0009 - recall 0.1087 - f1 0.0018 
INFO:root:VALID measures@10 microavg - precision 0.5100 - recall 0.0000 - f1 0.0000 
INFO:root:VALID measures@10 for class 0 - precision 1.0000 - recall 0.0000 - f1 0.0000 
INFO:root:VALID measures@10 for class 1 - precision 0.0200 - recall 0.0009 - f1 0.0016 
INFO:root:VALID measures@100 microavg - precision 0.5020 - recall 0.0000 - f1 0.0000 
INFO:root:VALID measures@100 for class 0 - precision 1.0000 - recall 0.0000 - f1 0.0000 
INFO:root:VALID measures@100 for class 1 - precision 0.0040 - recall 0.0017 - f1 0.0024 
INFO:root:VALID measures@1000 microavg - precision 0.5007 - recall 0.0000 - f1 0.0001 
INFO:root:VALID measures@1000 for class 0 - precision 1.0000 - recall 0.0000 - f1 0.0001 
INFO:root:VALID measures@1000 for class 1 - precision 0.0014 - recall 0.0060 - f1 0.0023 
INFO:root:VALID Total epoch time: 200.4621983879988
INFO:root:################ TRAIN epoch 25 ###################
INFO:root:TRAIN mean losses tensor(0.0233, device='cuda:0')
INFO:root:TRAIN mean errors 0.022318871691823006
INFO:root:TRAIN mean MRR 0.0 - mean MAP 0.044606927782297134
INFO:root:TRAIN tp {0: tensor(3846568, device='cuda:0'), 1: tensor(3728, device='cuda:0')},fn {0: tensor(52632, device='cuda:0'), 1: tensor(35264, device='cuda:0')},fp {0: tensor(35264, device='cuda:0'), 1: tensor(52632, device='cuda:0')}
INFO:root:TRAIN measures microavg - precision 0.9777 - recall 0.9777 - f1 0.9777 
INFO:root:TRAIN measures for class 0 - precision 0.9909 - recall 0.9865 - f1 0.9887 
INFO:root:TRAIN measures for class 1 - precision 0.0661 - recall 0.0956 - f1 0.0782 
INFO:root:TRAIN measures@10 microavg - precision 0.5909 - recall 0.0002 - f1 0.0004 
INFO:root:TRAIN measures@10 for class 0 - precision 0.9967 - recall 0.0002 - f1 0.0003 
INFO:root:TRAIN measures@10 for class 1 - precision 0.1769 - recall 0.0027 - f1 0.0053 
INFO:root:TRAIN measures@100 microavg - precision 0.5886 - recall 0.0017 - f1 0.0034 
INFO:root:TRAIN measures@100 for class 0 - precision 0.9970 - recall 0.0015 - f1 0.0031 
INFO:root:TRAIN measures@100 for class 1 - precision 0.1431 - recall 0.0202 - f1 0.0354 
INFO:root:TRAIN measures@1000 microavg - precision 0.6600 - recall 0.0160 - f1 0.0312 
INFO:root:TRAIN measures@1000 for class 0 - precision 0.9957 - recall 0.0153 - f1 0.0302 
INFO:root:TRAIN measures@1000 for class 1 - precision 0.0898 - recall 0.0813 - f1 0.0853 
INFO:root:TRAIN Total epoch time: 8.1218885230046
INFO:root:=> saved epoch checkpoint 'saved_models/EvolveGCN/bitcoinotc-20250514_141926/epoch_26.pkl'
INFO:root:################ VALID epoch 25 ###################
INFO:root:VALID mean losses tensor(0.0048, device='cuda:0')
INFO:root:VALID mean errors 0.0008334171143360436
INFO:root:VALID mean MRR 0.07891428470611572 - mean MAP 0.0010572206228971481
INFO:root:VALID tp {0: tensor(345573114, device='cuda:0'), 1: tensor(249, device='cuda:0')},fn {0: tensor(286150, device='cuda:0'), 1: tensor(2097, device='cuda:0')},fp {0: tensor(2097, device='cuda:0'), 1: tensor(286150, device='cuda:0')}
INFO:root:VALID measures microavg - precision 0.9992 - recall 0.9992 - f1 0.9992 
INFO:root:VALID measures for class 0 - precision 1.0000 - recall 0.9992 - f1 0.9996 
INFO:root:VALID measures for class 1 - precision 0.0009 - recall 0.1061 - f1 0.0017 
INFO:root:VALID measures@10 microavg - precision 0.5100 - recall 0.0000 - f1 0.0000 
INFO:root:VALID measures@10 for class 0 - precision 1.0000 - recall 0.0000 - f1 0.0000 
INFO:root:VALID measures@10 for class 1 - precision 0.0200 - recall 0.0009 - f1 0.0016 
INFO:root:VALID measures@100 microavg - precision 0.5050 - recall 0.0000 - f1 0.0000 
INFO:root:VALID measures@100 for class 0 - precision 1.0000 - recall 0.0000 - f1 0.0000 
INFO:root:VALID measures@100 for class 1 - precision 0.0100 - recall 0.0043 - f1 0.0060 
INFO:root:VALID measures@1000 microavg - precision 0.5009 - recall 0.0000 - f1 0.0001 
INFO:root:VALID measures@1000 for class 0 - precision 1.0000 - recall 0.0000 - f1 0.0001 
INFO:root:VALID measures@1000 for class 1 - precision 0.0017 - recall 0.0072 - f1 0.0028 
INFO:root:VALID Total epoch time: 202.4344526690038
INFO:root:################ TRAIN epoch 26 ###################
INFO:root:TRAIN mean losses tensor(0.0233, device='cuda:0')
INFO:root:TRAIN mean errors 0.022411299869418144
INFO:root:TRAIN mean MRR 0.0 - mean MAP 0.04431324079632759
INFO:root:TRAIN tp {0: tensor(3846109, device='cuda:0'), 1: tensor(3823, device='cuda:0')},fn {0: tensor(53091, device='cuda:0'), 1: tensor(35169, device='cuda:0')},fp {0: tensor(35169, device='cuda:0'), 1: tensor(53091, device='cuda:0')}
INFO:root:TRAIN measures microavg - precision 0.9776 - recall 0.9776 - f1 0.9776 
INFO:root:TRAIN measures for class 0 - precision 0.9909 - recall 0.9864 - f1 0.9887 
INFO:root:TRAIN measures for class 1 - precision 0.0672 - recall 0.0980 - f1 0.0797 
INFO:root:TRAIN measures@10 microavg - precision 0.5763 - recall 0.0002 - f1 0.0003 
INFO:root:TRAIN measures@10 for class 0 - precision 0.9983 - recall 0.0002 - f1 0.0003 
INFO:root:TRAIN measures@10 for class 1 - precision 0.1486 - recall 0.0023 - f1 0.0044 
INFO:root:TRAIN measures@100 microavg - precision 0.5857 - recall 0.0017 - f1 0.0034 
INFO:root:TRAIN measures@100 for class 0 - precision 0.9967 - recall 0.0015 - f1 0.0031 
INFO:root:TRAIN measures@100 for class 1 - precision 0.1458 - recall 0.0210 - f1 0.0366 
INFO:root:TRAIN measures@1000 microavg - precision 0.6575 - recall 0.0160 - f1 0.0312 
INFO:root:TRAIN measures@1000 for class 0 - precision 0.9956 - recall 0.0153 - f1 0.0302 
INFO:root:TRAIN measures@1000 for class 1 - precision 0.0888 - recall 0.0813 - f1 0.0849 
INFO:root:TRAIN Total epoch time: 8.140949341999658
INFO:root:=> saved epoch checkpoint 'saved_models/EvolveGCN/bitcoinotc-20250514_141926/epoch_27.pkl'
INFO:root:################ VALID epoch 26 ###################
INFO:root:VALID mean losses tensor(0.0049, device='cuda:0')
INFO:root:VALID mean errors 0.000989057356491685
INFO:root:VALID mean MRR 0.07031697779893875 - mean MAP 0.0006315581267699599
INFO:root:VALID tp {0: tensor(345519280, device='cuda:0'), 1: tensor(253, device='cuda:0')},fn {0: tensor(339984, device='cuda:0'), 1: tensor(2093, device='cuda:0')},fp {0: tensor(2093, device='cuda:0'), 1: tensor(339984, device='cuda:0')}
INFO:root:VALID measures microavg - precision 0.9990 - recall 0.9990 - f1 0.9990 
INFO:root:VALID measures for class 0 - precision 1.0000 - recall 0.9990 - f1 0.9995 
INFO:root:VALID measures for class 1 - precision 0.0007 - recall 0.1078 - f1 0.0015 
INFO:root:VALID measures@10 microavg - precision 0.5100 - recall 0.0000 - f1 0.0000 
INFO:root:VALID measures@10 for class 0 - precision 1.0000 - recall 0.0000 - f1 0.0000 
INFO:root:VALID measures@10 for class 1 - precision 0.0200 - recall 0.0009 - f1 0.0016 
INFO:root:VALID measures@100 microavg - precision 0.5040 - recall 0.0000 - f1 0.0000 
INFO:root:VALID measures@100 for class 0 - precision 1.0000 - recall 0.0000 - f1 0.0000 
INFO:root:VALID measures@100 for class 1 - precision 0.0080 - recall 0.0034 - f1 0.0048 
INFO:root:VALID measures@1000 microavg - precision 0.5008 - recall 0.0000 - f1 0.0001 
INFO:root:VALID measures@1000 for class 0 - precision 0.9999 - recall 0.0000 - f1 0.0001 
INFO:root:VALID measures@1000 for class 1 - precision 0.0016 - recall 0.0068 - f1 0.0026 
INFO:root:VALID Total epoch time: 202.8148588010008
INFO:root:################ TRAIN epoch 27 ###################
INFO:root:TRAIN mean losses tensor(0.0233, device='cuda:0')
INFO:root:TRAIN mean errors 0.022357720881700516
INFO:root:TRAIN mean MRR 0.0 - mean MAP 0.044674668461084366
INFO:root:TRAIN tp {0: tensor(3846426, device='cuda:0'), 1: tensor(3717, device='cuda:0')},fn {0: tensor(52774, device='cuda:0'), 1: tensor(35275, device='cuda:0')},fp {0: tensor(35275, device='cuda:0'), 1: tensor(52774, device='cuda:0')}
INFO:root:TRAIN measures microavg - precision 0.9776 - recall 0.9776 - f1 0.9776 
INFO:root:TRAIN measures for class 0 - precision 0.9909 - recall 0.9865 - f1 0.9887 
INFO:root:TRAIN measures for class 1 - precision 0.0658 - recall 0.0953 - f1 0.0779 
INFO:root:TRAIN measures@10 microavg - precision 0.5824 - recall 0.0002 - f1 0.0004 
INFO:root:TRAIN measures@10 for class 0 - precision 0.9983 - recall 0.0002 - f1 0.0003 
INFO:root:TRAIN measures@10 for class 1 - precision 0.1593 - recall 0.0024 - f1 0.0047 
INFO:root:TRAIN measures@100 microavg - precision 0.5821 - recall 0.0017 - f1 0.0034 
INFO:root:TRAIN measures@100 for class 0 - precision 0.9952 - recall 0.0015 - f1 0.0031 
INFO:root:TRAIN measures@100 for class 1 - precision 0.1447 - recall 0.0210 - f1 0.0367 
INFO:root:TRAIN measures@1000 microavg - precision 0.6684 - recall 0.0159 - f1 0.0312 
INFO:root:TRAIN measures@1000 for class 0 - precision 0.9949 - recall 0.0153 - f1 0.0302 
INFO:root:TRAIN measures@1000 for class 1 - precision 0.0917 - recall 0.0799 - f1 0.0854 
INFO:root:TRAIN Total epoch time: 8.095117308999761
INFO:root:=> saved epoch checkpoint 'saved_models/EvolveGCN/bitcoinotc-20250514_141926/epoch_28.pkl'
INFO:root:################ VALID epoch 27 ###################
INFO:root:VALID mean losses tensor(0.0045, device='cuda:0')
INFO:root:VALID mean errors 0.0007898621261119843
INFO:root:VALID mean MRR 0.07855471223592758 - mean MAP 0.0003365112643223256
INFO:root:VALID tp {0: tensor(345588179, device='cuda:0'), 1: tensor(248, device='cuda:0')},fn {0: tensor(271085, device='cuda:0'), 1: tensor(2098, device='cuda:0')},fp {0: tensor(2098, device='cuda:0'), 1: tensor(271085, device='cuda:0')}
INFO:root:VALID measures microavg - precision 0.9992 - recall 0.9992 - f1 0.9992 
INFO:root:VALID measures for class 0 - precision 1.0000 - recall 0.9992 - f1 0.9996 
INFO:root:VALID measures for class 1 - precision 0.0009 - recall 0.1057 - f1 0.0018 
INFO:root:VALID measures@10 microavg - precision 0.5000 - recall 0.0000 - f1 0.0000 
INFO:root:VALID measures@10 for class 0 - precision 1.0000 - recall 0.0000 - f1 0.0000 
INFO:root:VALID measures@10 for class 1 - precision 0.0000 - recall 0.0000 - f1 0.0000 
INFO:root:VALID measures@100 microavg - precision 0.5010 - recall 0.0000 - f1 0.0000 
INFO:root:VALID measures@100 for class 0 - precision 1.0000 - recall 0.0000 - f1 0.0000 
INFO:root:VALID measures@100 for class 1 - precision 0.0020 - recall 0.0009 - f1 0.0012 
INFO:root:VALID measures@1000 microavg - precision 0.5004 - recall 0.0000 - f1 0.0001 
INFO:root:VALID measures@1000 for class 0 - precision 1.0000 - recall 0.0000 - f1 0.0001 
INFO:root:VALID measures@1000 for class 1 - precision 0.0008 - recall 0.0034 - f1 0.0013 
INFO:root:VALID Total epoch time: 200.36839751400112
INFO:root:################ TRAIN epoch 28 ###################
INFO:root:TRAIN mean losses tensor(0.0233, device='cuda:0')
INFO:root:TRAIN mean errors 0.02228611521422863
INFO:root:TRAIN mean MRR 0.0 - mean MAP 0.045529402792453766
INFO:root:TRAIN tp {0: tensor(3846554, device='cuda:0'), 1: tensor(3871, device='cuda:0')},fn {0: tensor(52646, device='cuda:0'), 1: tensor(35121, device='cuda:0')},fp {0: tensor(35121, device='cuda:0'), 1: tensor(52646, device='cuda:0')}
INFO:root:TRAIN measures microavg - precision 0.9777 - recall 0.9777 - f1 0.9777 
INFO:root:TRAIN measures for class 0 - precision 0.9910 - recall 0.9865 - f1 0.9887 
INFO:root:TRAIN measures for class 1 - precision 0.0685 - recall 0.0993 - f1 0.0811 
INFO:root:TRAIN measures@10 microavg - precision 0.5950 - recall 0.0002 - f1 0.0004 
INFO:root:TRAIN measures@10 for class 0 - precision 0.9933 - recall 0.0002 - f1 0.0003 
INFO:root:TRAIN measures@10 for class 1 - precision 0.1898 - recall 0.0029 - f1 0.0057 
INFO:root:TRAIN measures@100 microavg - precision 0.5852 - recall 0.0017 - f1 0.0035 
INFO:root:TRAIN measures@100 for class 0 - precision 0.9955 - recall 0.0015 - f1 0.0031 
INFO:root:TRAIN measures@100 for class 1 - precision 0.1523 - recall 0.0222 - f1 0.0388 
INFO:root:TRAIN measures@1000 microavg - precision 0.6617 - recall 0.0160 - f1 0.0312 
INFO:root:TRAIN measures@1000 for class 0 - precision 0.9957 - recall 0.0153 - f1 0.0302 
INFO:root:TRAIN measures@1000 for class 1 - precision 0.0920 - recall 0.0830 - f1 0.0873 
INFO:root:TRAIN Total epoch time: 8.097262376999424
INFO:root:=> saved epoch checkpoint 'saved_models/EvolveGCN/bitcoinotc-20250514_141926/epoch_29.pkl'
INFO:root:################ VALID epoch 28 ###################
INFO:root:VALID mean losses tensor(0.0046, device='cuda:0')
INFO:root:VALID mean errors 0.0009457539417780936
INFO:root:VALID mean MRR 0.0749443843960762 - mean MAP 0.0003455726837273687
INFO:root:VALID tp {0: tensor(345534258, device='cuda:0'), 1: tensor(252, device='cuda:0')},fn {0: tensor(325006, device='cuda:0'), 1: tensor(2094, device='cuda:0')},fp {0: tensor(2094, device='cuda:0'), 1: tensor(325006, device='cuda:0')}
INFO:root:VALID measures microavg - precision 0.9991 - recall 0.9991 - f1 0.9991 
INFO:root:VALID measures for class 0 - precision 1.0000 - recall 0.9991 - f1 0.9995 
INFO:root:VALID measures for class 1 - precision 0.0008 - recall 0.1074 - f1 0.0015 
INFO:root:VALID measures@10 microavg - precision 0.5050 - recall 0.0000 - f1 0.0000 
INFO:root:VALID measures@10 for class 0 - precision 1.0000 - recall 0.0000 - f1 0.0000 
INFO:root:VALID measures@10 for class 1 - precision 0.0100 - recall 0.0004 - f1 0.0008 
INFO:root:VALID measures@100 microavg - precision 0.5020 - recall 0.0000 - f1 0.0000 
INFO:root:VALID measures@100 for class 0 - precision 1.0000 - recall 0.0000 - f1 0.0000 
INFO:root:VALID measures@100 for class 1 - precision 0.0040 - recall 0.0017 - f1 0.0024 
INFO:root:VALID measures@1000 microavg - precision 0.5005 - recall 0.0000 - f1 0.0001 
INFO:root:VALID measures@1000 for class 0 - precision 1.0000 - recall 0.0000 - f1 0.0001 
INFO:root:VALID measures@1000 for class 1 - precision 0.0010 - recall 0.0043 - f1 0.0016 
INFO:root:VALID Total epoch time: 203.63011835199723
INFO:root:################ TRAIN epoch 29 ###################
INFO:root:TRAIN mean losses tensor(0.0233, device='cuda:0')
INFO:root:TRAIN mean errors 0.022727180272340775
INFO:root:TRAIN mean MRR 0.0 - mean MAP 0.045439574867486954
INFO:root:TRAIN tp {0: tensor(3844860, device='cuda:0'), 1: tensor(3828, device='cuda:0')},fn {0: tensor(54340, device='cuda:0'), 1: tensor(35164, device='cuda:0')},fp {0: tensor(35164, device='cuda:0'), 1: tensor(54340, device='cuda:0')}
INFO:root:TRAIN measures microavg - precision 0.9773 - recall 0.9773 - f1 0.9773 
INFO:root:TRAIN measures for class 0 - precision 0.9909 - recall 0.9861 - f1 0.9885 
INFO:root:TRAIN measures for class 1 - precision 0.0658 - recall 0.0982 - f1 0.0788 
INFO:root:TRAIN measures@10 microavg - precision 0.5983 - recall 0.0002 - f1 0.0004 
INFO:root:TRAIN measures@10 for class 0 - precision 0.9917 - recall 0.0002 - f1 0.0003 
INFO:root:TRAIN measures@10 for class 1 - precision 0.1983 - recall 0.0030 - f1 0.0059 
INFO:root:TRAIN measures@100 microavg - precision 0.5814 - recall 0.0017 - f1 0.0034 
INFO:root:TRAIN measures@100 for class 0 - precision 0.9955 - recall 0.0015 - f1 0.0031 
INFO:root:TRAIN measures@100 for class 1 - precision 0.1457 - recall 0.0213 - f1 0.0372 
INFO:root:TRAIN measures@1000 microavg - precision 0.6607 - recall 0.0160 - f1 0.0312 
INFO:root:TRAIN measures@1000 for class 0 - precision 0.9953 - recall 0.0153 - f1 0.0302 
INFO:root:TRAIN measures@1000 for class 1 - precision 0.0905 - recall 0.0817 - f1 0.0858 
INFO:root:TRAIN Total epoch time: 8.220749911000894
INFO:root:=> saved epoch checkpoint 'saved_models/EvolveGCN/bitcoinotc-20250514_141926/epoch_30.pkl'
INFO:root:################ VALID epoch 29 ###################
INFO:root:VALID mean losses tensor(0.0048, device='cuda:0')
INFO:root:VALID mean errors 0.0008154879906214774
INFO:root:VALID mean MRR 0.07215666770935059 - mean MAP 0.0004121268284507096
INFO:root:VALID tp {0: tensor(345579326, device='cuda:0'), 1: tensor(238, device='cuda:0')},fn {0: tensor(279938, device='cuda:0'), 1: tensor(2108, device='cuda:0')},fp {0: tensor(2108, device='cuda:0'), 1: tensor(279938, device='cuda:0')}
INFO:root:VALID measures microavg - precision 0.9992 - recall 0.9992 - f1 0.9992 
INFO:root:VALID measures for class 0 - precision 1.0000 - recall 0.9992 - f1 0.9996 
INFO:root:VALID measures for class 1 - precision 0.0008 - recall 0.1014 - f1 0.0017 
INFO:root:VALID measures@10 microavg - precision 0.5000 - recall 0.0000 - f1 0.0000 
INFO:root:VALID measures@10 for class 0 - precision 1.0000 - recall 0.0000 - f1 0.0000 
INFO:root:VALID measures@10 for class 1 - precision 0.0000 - recall 0.0000 - f1 0.0000 
INFO:root:VALID measures@100 microavg - precision 0.5048 - recall 0.0000 - f1 0.0000 
INFO:root:VALID measures@100 for class 0 - precision 1.0000 - recall 0.0000 - f1 0.0000 
INFO:root:VALID measures@100 for class 1 - precision 0.0020 - recall 0.0009 - f1 0.0012 
INFO:root:VALID measures@1000 microavg - precision 0.5241 - recall 0.0000 - f1 0.0001 
INFO:root:VALID measures@1000 for class 0 - precision 1.0000 - recall 0.0000 - f1 0.0001 
INFO:root:VALID measures@1000 for class 1 - precision 0.0008 - recall 0.0030 - f1 0.0012 
INFO:root:VALID Total epoch time: 198.09139008499915
INFO:root:################ TRAIN epoch 30 ###################
INFO:root:TRAIN mean losses tensor(0.0233, device='cuda:0')
INFO:root:TRAIN mean errors 0.02314133010804653
INFO:root:TRAIN mean MRR 0.0 - mean MAP 0.044150955975055695
INFO:root:TRAIN tp {0: tensor(3843176, device='cuda:0'), 1: tensor(3881, device='cuda:0')},fn {0: tensor(56024, device='cuda:0'), 1: tensor(35111, device='cuda:0')},fp {0: tensor(35111, device='cuda:0'), 1: tensor(56024, device='cuda:0')}
INFO:root:TRAIN measures microavg - precision 0.9769 - recall 0.9769 - f1 0.9769 
INFO:root:TRAIN measures for class 0 - precision 0.9909 - recall 0.9856 - f1 0.9883 
INFO:root:TRAIN measures for class 1 - precision 0.0648 - recall 0.0995 - f1 0.0785 
INFO:root:TRAIN measures@10 microavg - precision 0.5783 - recall 0.0002 - f1 0.0004 
INFO:root:TRAIN measures@10 for class 0 - precision 0.9933 - recall 0.0002 - f1 0.0003 
INFO:root:TRAIN measures@10 for class 1 - precision 0.1633 - recall 0.0025 - f1 0.0050 
INFO:root:TRAIN measures@100 microavg - precision 0.5756 - recall 0.0017 - f1 0.0034 
INFO:root:TRAIN measures@100 for class 0 - precision 0.9953 - recall 0.0015 - f1 0.0031 
INFO:root:TRAIN measures@100 for class 1 - precision 0.1361 - recall 0.0200 - f1 0.0349 
INFO:root:TRAIN measures@1000 microavg - precision 0.6561 - recall 0.0160 - f1 0.0312 
INFO:root:TRAIN measures@1000 for class 0 - precision 0.9952 - recall 0.0153 - f1 0.0302 
INFO:root:TRAIN measures@1000 for class 1 - precision 0.0892 - recall 0.0821 - f1 0.0855 
INFO:root:TRAIN Total epoch time: 8.088010828003462
INFO:root:=> saved epoch checkpoint 'saved_models/EvolveGCN/bitcoinotc-20250514_141926/epoch_31.pkl'
INFO:root:################ VALID epoch 30 ###################
INFO:root:VALID mean losses tensor(0.0048, device='cuda:0')
INFO:root:VALID mean errors 0.0009651749860495329
INFO:root:VALID mean MRR 0.07413327693939209 - mean MAP 0.0003448892675805837
INFO:root:VALID tp {0: tensor(345527522, device='cuda:0'), 1: tensor(271, device='cuda:0')},fn {0: tensor(331742, device='cuda:0'), 1: tensor(2075, device='cuda:0')},fp {0: tensor(2075, device='cuda:0'), 1: tensor(331742, device='cuda:0')}
INFO:root:VALID measures microavg - precision 0.9990 - recall 0.9990 - f1 0.9990 
INFO:root:VALID measures for class 0 - precision 1.0000 - recall 0.9990 - f1 0.9995 
INFO:root:VALID measures for class 1 - precision 0.0008 - recall 0.1155 - f1 0.0016 
INFO:root:VALID measures@10 microavg - precision 0.5050 - recall 0.0000 - f1 0.0000 
INFO:root:VALID measures@10 for class 0 - precision 1.0000 - recall 0.0000 - f1 0.0000 
INFO:root:VALID measures@10 for class 1 - precision 0.0100 - recall 0.0004 - f1 0.0008 
INFO:root:VALID measures@100 microavg - precision 0.5020 - recall 0.0000 - f1 0.0000 
INFO:root:VALID measures@100 for class 0 - precision 1.0000 - recall 0.0000 - f1 0.0000 
INFO:root:VALID measures@100 for class 1 - precision 0.0040 - recall 0.0017 - f1 0.0024 
INFO:root:VALID measures@1000 microavg - precision 0.5004 - recall 0.0000 - f1 0.0001 
INFO:root:VALID measures@1000 for class 0 - precision 1.0000 - recall 0.0000 - f1 0.0001 
INFO:root:VALID measures@1000 for class 1 - precision 0.0008 - recall 0.0034 - f1 0.0013 
INFO:root:VALID Total epoch time: 202.51596601100027
INFO:root:################ TRAIN epoch 31 ###################
INFO:root:TRAIN mean losses tensor(0.0233, device='cuda:0')
INFO:root:TRAIN mean errors 0.02176607958972454
INFO:root:TRAIN mean MRR 0.0 - mean MAP 0.04488607123494148
INFO:root:TRAIN tp {0: tensor(3848700, device='cuda:0'), 1: tensor(3773, device='cuda:0')},fn {0: tensor(50500, device='cuda:0'), 1: tensor(35219, device='cuda:0')},fp {0: tensor(35219, device='cuda:0'), 1: tensor(50500, device='cuda:0')}
INFO:root:TRAIN measures microavg - precision 0.9782 - recall 0.9782 - f1 0.9782 
INFO:root:TRAIN measures for class 0 - precision 0.9909 - recall 0.9870 - f1 0.9890 
INFO:root:TRAIN measures for class 1 - precision 0.0695 - recall 0.0968 - f1 0.0809 
INFO:root:TRAIN measures@10 microavg - precision 0.5924 - recall 0.0002 - f1 0.0004 
INFO:root:TRAIN measures@10 for class 0 - precision 1.0000 - recall 0.0002 - f1 0.0003 
INFO:root:TRAIN measures@10 for class 1 - precision 0.1780 - recall 0.0027 - f1 0.0053 
INFO:root:TRAIN measures@100 microavg - precision 0.5833 - recall 0.0017 - f1 0.0034 
INFO:root:TRAIN measures@100 for class 0 - precision 0.9973 - recall 0.0015 - f1 0.0031 
INFO:root:TRAIN measures@100 for class 1 - precision 0.1442 - recall 0.0209 - f1 0.0366 
INFO:root:TRAIN measures@1000 microavg - precision 0.6648 - recall 0.0160 - f1 0.0313 
INFO:root:TRAIN measures@1000 for class 0 - precision 0.9956 - recall 0.0153 - f1 0.0302 
INFO:root:TRAIN measures@1000 for class 1 - precision 0.0947 - recall 0.0846 - f1 0.0894 
INFO:root:TRAIN Total epoch time: 8.063310584002465
INFO:root:=> saved epoch checkpoint 'saved_models/EvolveGCN/bitcoinotc-20250514_141926/epoch_32.pkl'
INFO:root:################ VALID epoch 31 ###################
INFO:root:VALID mean losses tensor(0.0046, device='cuda:0')
INFO:root:VALID mean errors 0.0010042281355708838
INFO:root:VALID mean MRR 0.07577066868543625 - mean MAP 0.00033196969889104366
INFO:root:VALID tp {0: tensor(345514030, device='cuda:0'), 1: tensor(256, device='cuda:0')},fn {0: tensor(345234, device='cuda:0'), 1: tensor(2090, device='cuda:0')},fp {0: tensor(2090, device='cuda:0'), 1: tensor(345234, device='cuda:0')}
INFO:root:VALID measures microavg - precision 0.9990 - recall 0.9990 - f1 0.9990 
INFO:root:VALID measures for class 0 - precision 1.0000 - recall 0.9990 - f1 0.9995 
INFO:root:VALID measures for class 1 - precision 0.0007 - recall 0.1091 - f1 0.0015 
INFO:root:VALID measures@10 microavg - precision 0.5000 - recall 0.0000 - f1 0.0000 
INFO:root:VALID measures@10 for class 0 - precision 1.0000 - recall 0.0000 - f1 0.0000 
INFO:root:VALID measures@10 for class 1 - precision 0.0000 - recall 0.0000 - f1 0.0000 
INFO:root:VALID measures@100 microavg - precision 0.5000 - recall 0.0000 - f1 0.0000 
INFO:root:VALID measures@100 for class 0 - precision 1.0000 - recall 0.0000 - f1 0.0000 
INFO:root:VALID measures@100 for class 1 - precision 0.0000 - recall 0.0000 - f1 0.0000 
INFO:root:VALID measures@1000 microavg - precision 0.5001 - recall 0.0000 - f1 0.0001 
INFO:root:VALID measures@1000 for class 0 - precision 0.9999 - recall 0.0000 - f1 0.0001 
INFO:root:VALID measures@1000 for class 1 - precision 0.0004 - recall 0.0017 - f1 0.0006 
INFO:root:VALID Total epoch time: 202.8275106289948
INFO:root:################ TRAIN epoch 32 ###################
INFO:root:TRAIN mean losses tensor(0.0232, device='cuda:0')
INFO:root:TRAIN mean errors 0.022897308692336082
INFO:root:TRAIN mean MRR 0.0 - mean MAP 0.044784221798181534
INFO:root:TRAIN tp {0: tensor(3843899, device='cuda:0'), 1: tensor(4119, device='cuda:0')},fn {0: tensor(55301, device='cuda:0'), 1: tensor(34873, device='cuda:0')},fp {0: tensor(34873, device='cuda:0'), 1: tensor(55301, device='cuda:0')}
INFO:root:TRAIN measures microavg - precision 0.9771 - recall 0.9771 - f1 0.9771 
INFO:root:TRAIN measures for class 0 - precision 0.9910 - recall 0.9858 - f1 0.9884 
INFO:root:TRAIN measures for class 1 - precision 0.0693 - recall 0.1056 - f1 0.0837 
INFO:root:TRAIN measures@10 microavg - precision 0.5924 - recall 0.0002 - f1 0.0004 
INFO:root:TRAIN measures@10 for class 0 - precision 0.9967 - recall 0.0002 - f1 0.0003 
INFO:root:TRAIN measures@10 for class 1 - precision 0.1814 - recall 0.0027 - f1 0.0054 
INFO:root:TRAIN measures@100 microavg - precision 0.5789 - recall 0.0017 - f1 0.0034 
INFO:root:TRAIN measures@100 for class 0 - precision 0.9948 - recall 0.0015 - f1 0.0031 
INFO:root:TRAIN measures@100 for class 1 - precision 0.1379 - recall 0.0200 - f1 0.0349 
INFO:root:TRAIN measures@1000 microavg - precision 0.6555 - recall 0.0160 - f1 0.0313 
INFO:root:TRAIN measures@1000 for class 0 - precision 0.9952 - recall 0.0153 - f1 0.0302 
INFO:root:TRAIN measures@1000 for class 1 - precision 0.0930 - recall 0.0864 - f1 0.0896 
INFO:root:TRAIN Total epoch time: 8.101862306997646
INFO:root:=> saved epoch checkpoint 'saved_models/EvolveGCN/bitcoinotc-20250514_141926/epoch_33.pkl'
INFO:root:################ VALID epoch 32 ###################
INFO:root:VALID mean losses tensor(0.0048, device='cuda:0')
INFO:root:VALID mean errors 0.0009026384213939309
INFO:root:VALID mean MRR 0.07514278590679169 - mean MAP 0.00042842200491577387
INFO:root:VALID tp {0: tensor(345549180, device='cuda:0'), 1: tensor(242, device='cuda:0')},fn {0: tensor(310084, device='cuda:0'), 1: tensor(2104, device='cuda:0')},fp {0: tensor(2104, device='cuda:0'), 1: tensor(310084, device='cuda:0')}
INFO:root:VALID measures microavg - precision 0.9991 - recall 0.9991 - f1 0.9991 
INFO:root:VALID measures for class 0 - precision 1.0000 - recall 0.9991 - f1 0.9995 
INFO:root:VALID measures for class 1 - precision 0.0008 - recall 0.1032 - f1 0.0015 
INFO:root:VALID measures@10 microavg - precision 0.5050 - recall 0.0000 - f1 0.0000 
INFO:root:VALID measures@10 for class 0 - precision 1.0000 - recall 0.0000 - f1 0.0000 
INFO:root:VALID measures@10 for class 1 - precision 0.0100 - recall 0.0004 - f1 0.0008 
INFO:root:VALID measures@100 microavg - precision 0.5020 - recall 0.0000 - f1 0.0000 
INFO:root:VALID measures@100 for class 0 - precision 1.0000 - recall 0.0000 - f1 0.0000 
INFO:root:VALID measures@100 for class 1 - precision 0.0040 - recall 0.0017 - f1 0.0024 
INFO:root:VALID measures@1000 microavg - precision 0.5004 - recall 0.0000 - f1 0.0001 
INFO:root:VALID measures@1000 for class 0 - precision 0.9999 - recall 0.0000 - f1 0.0001 
INFO:root:VALID measures@1000 for class 1 - precision 0.0009 - recall 0.0038 - f1 0.0015 
INFO:root:VALID Total epoch time: 203.4324380570033
INFO:root:################ TRAIN epoch 33 ###################
INFO:root:TRAIN mean losses tensor(0.0233, device='cuda:0')
INFO:root:TRAIN mean errors 0.02275942824780941
INFO:root:TRAIN mean MRR 0.0 - mean MAP 0.04474306479096413
INFO:root:TRAIN tp {0: tensor(3844416, device='cuda:0'), 1: tensor(4145, device='cuda:0')},fn {0: tensor(54784, device='cuda:0'), 1: tensor(34847, device='cuda:0')},fp {0: tensor(34847, device='cuda:0'), 1: tensor(54784, device='cuda:0')}
INFO:root:TRAIN measures microavg - precision 0.9772 - recall 0.9772 - f1 0.9772 
INFO:root:TRAIN measures for class 0 - precision 0.9910 - recall 0.9859 - f1 0.9885 
INFO:root:TRAIN measures for class 1 - precision 0.0703 - recall 0.1063 - f1 0.0847 
INFO:root:TRAIN measures@10 microavg - precision 0.5756 - recall 0.0002 - f1 0.0003 
INFO:root:TRAIN measures@10 for class 0 - precision 0.9950 - recall 0.0002 - f1 0.0003 
INFO:root:TRAIN measures@10 for class 1 - precision 0.1492 - recall 0.0023 - f1 0.0044 
INFO:root:TRAIN measures@100 microavg - precision 0.5811 - recall 0.0017 - f1 0.0035 
INFO:root:TRAIN measures@100 for class 0 - precision 0.9960 - recall 0.0015 - f1 0.0031 
INFO:root:TRAIN measures@100 for class 1 - precision 0.1485 - recall 0.0219 - f1 0.0382 
INFO:root:TRAIN measures@1000 microavg - precision 0.6456 - recall 0.0160 - f1 0.0313 
INFO:root:TRAIN measures@1000 for class 0 - precision 0.9955 - recall 0.0153 - f1 0.0302 
INFO:root:TRAIN measures@1000 for class 1 - precision 0.0916 - recall 0.0890 - f1 0.0902 
INFO:root:TRAIN Total epoch time: 8.154212116998679
INFO:root:=> saved epoch checkpoint 'saved_models/EvolveGCN/bitcoinotc-20250514_141926/epoch_34.pkl'
INFO:root:################ VALID epoch 33 ###################
INFO:root:VALID mean losses tensor(0.0048, device='cuda:0')
INFO:root:VALID mean errors 0.0006605792441405356
INFO:root:VALID mean MRR 0.07198463380336761 - mean MAP 0.00034576337202452123
INFO:root:VALID tp {0: tensor(345632924, device='cuda:0'), 1: tensor(217, device='cuda:0')},fn {0: tensor(226340, device='cuda:0'), 1: tensor(2129, device='cuda:0')},fp {0: tensor(2129, device='cuda:0'), 1: tensor(226340, device='cuda:0')}
INFO:root:VALID measures microavg - precision 0.9993 - recall 0.9993 - f1 0.9993 
INFO:root:VALID measures for class 0 - precision 1.0000 - recall 0.9993 - f1 0.9997 
INFO:root:VALID measures for class 1 - precision 0.0010 - recall 0.0925 - f1 0.0019 
INFO:root:VALID measures@10 microavg - precision 0.5000 - recall 0.0000 - f1 0.0000 
INFO:root:VALID measures@10 for class 0 - precision 1.0000 - recall 0.0000 - f1 0.0000 
INFO:root:VALID measures@10 for class 1 - precision 0.0000 - recall 0.0000 - f1 0.0000 
INFO:root:VALID measures@100 microavg - precision 0.5005 - recall 0.0000 - f1 0.0000 
INFO:root:VALID measures@100 for class 0 - precision 1.0000 - recall 0.0000 - f1 0.0000 
INFO:root:VALID measures@100 for class 1 - precision 0.0010 - recall 0.0004 - f1 0.0006 
INFO:root:VALID measures@1000 microavg - precision 0.5003 - recall 0.0000 - f1 0.0001 
INFO:root:VALID measures@1000 for class 0 - precision 1.0000 - recall 0.0000 - f1 0.0001 
INFO:root:VALID measures@1000 for class 1 - precision 0.0006 - recall 0.0026 - f1 0.0010 
INFO:root:VALID Total epoch time: 205.2995854719993
INFO:root:################ TRAIN epoch 34 ###################
INFO:root:TRAIN mean losses tensor(0.0233, device='cuda:0')
INFO:root:TRAIN mean errors 0.021871203556656837
INFO:root:TRAIN mean MRR 0.0 - mean MAP 0.044211287051439285
INFO:root:TRAIN tp {0: tensor(3848290, device='cuda:0'), 1: tensor(3769, device='cuda:0')},fn {0: tensor(50910, device='cuda:0'), 1: tensor(35223, device='cuda:0')},fp {0: tensor(35223, device='cuda:0'), 1: tensor(50910, device='cuda:0')}
INFO:root:TRAIN measures microavg - precision 0.9781 - recall 0.9781 - f1 0.9781 
INFO:root:TRAIN measures for class 0 - precision 0.9909 - recall 0.9869 - f1 0.9889 
INFO:root:TRAIN measures for class 1 - precision 0.0689 - recall 0.0967 - f1 0.0805 
INFO:root:TRAIN measures@10 microavg - precision 0.5807 - recall 0.0002 - f1 0.0004 
INFO:root:TRAIN measures@10 for class 0 - precision 0.9883 - recall 0.0002 - f1 0.0003 
INFO:root:TRAIN measures@10 for class 1 - precision 0.1661 - recall 0.0025 - f1 0.0050 
INFO:root:TRAIN measures@100 microavg - precision 0.5822 - recall 0.0017 - f1 0.0034 
INFO:root:TRAIN measures@100 for class 0 - precision 0.9950 - recall 0.0015 - f1 0.0031 
INFO:root:TRAIN measures@100 for class 1 - precision 0.1400 - recall 0.0201 - f1 0.0352 
INFO:root:TRAIN measures@1000 microavg - precision 0.6620 - recall 0.0160 - f1 0.0312 
INFO:root:TRAIN measures@1000 for class 0 - precision 0.9955 - recall 0.0153 - f1 0.0302 
INFO:root:TRAIN measures@1000 for class 1 - precision 0.0932 - recall 0.0841 - f1 0.0884 
INFO:root:TRAIN Total epoch time: 8.115991282997129
INFO:root:=> saved epoch checkpoint 'saved_models/EvolveGCN/bitcoinotc-20250514_141926/epoch_35.pkl'
INFO:root:################ VALID epoch 34 ###################
INFO:root:VALID mean losses tensor(0.0046, device='cuda:0')
INFO:root:VALID mean errors 0.0007458791951648891
INFO:root:VALID mean MRR 0.07674331218004227 - mean MAP 0.00035667591146193445
INFO:root:VALID tp {0: tensor(345603416, device='cuda:0'), 1: tensor(223, device='cuda:0')},fn {0: tensor(255848, device='cuda:0'), 1: tensor(2123, device='cuda:0')},fp {0: tensor(2123, device='cuda:0'), 1: tensor(255848, device='cuda:0')}
INFO:root:VALID measures microavg - precision 0.9993 - recall 0.9993 - f1 0.9993 
INFO:root:VALID measures for class 0 - precision 1.0000 - recall 0.9993 - f1 0.9996 
INFO:root:VALID measures for class 1 - precision 0.0009 - recall 0.0951 - f1 0.0017 
INFO:root:VALID measures@10 microavg - precision 0.5076 - recall 0.0000 - f1 0.0000 
INFO:root:VALID measures@10 for class 0 - precision 1.0000 - recall 0.0000 - f1 0.0000 
INFO:root:VALID measures@10 for class 1 - precision 0.0000 - recall 0.0000 - f1 0.0000 
INFO:root:VALID measures@100 microavg - precision 0.5040 - recall 0.0000 - f1 0.0000 
INFO:root:VALID measures@100 for class 0 - precision 1.0000 - recall 0.0000 - f1 0.0000 
INFO:root:VALID measures@100 for class 1 - precision 0.0000 - recall 0.0000 - f1 0.0000 
INFO:root:VALID measures@1000 microavg - precision 0.5008 - recall 0.0000 - f1 0.0001 
INFO:root:VALID measures@1000 for class 0 - precision 1.0000 - recall 0.0000 - f1 0.0001 
INFO:root:VALID measures@1000 for class 1 - precision 0.0003 - recall 0.0013 - f1 0.0005 
INFO:root:VALID Total epoch time: 201.47937431099854
INFO:root:################ TRAIN epoch 35 ###################
INFO:root:TRAIN mean losses tensor(0.0232, device='cuda:0')
INFO:root:TRAIN mean errors 0.022048188373446465
INFO:root:TRAIN mean MRR 0.0 - mean MAP 0.04559163376688957
INFO:root:TRAIN tp {0: tensor(3847472, device='cuda:0'), 1: tensor(3890, device='cuda:0')},fn {0: tensor(51728, device='cuda:0'), 1: tensor(35102, device='cuda:0')},fp {0: tensor(35102, device='cuda:0'), 1: tensor(51728, device='cuda:0')}
INFO:root:TRAIN measures microavg - precision 0.9780 - recall 0.9780 - f1 0.9780 
INFO:root:TRAIN measures for class 0 - precision 0.9910 - recall 0.9867 - f1 0.9888 
INFO:root:TRAIN measures for class 1 - precision 0.0699 - recall 0.0998 - f1 0.0822 
INFO:root:TRAIN measures@10 microavg - precision 0.5983 - recall 0.0002 - f1 0.0004 
INFO:root:TRAIN measures@10 for class 0 - precision 0.9933 - recall 0.0002 - f1 0.0003 
INFO:root:TRAIN measures@10 for class 1 - precision 0.1966 - recall 0.0030 - f1 0.0059 
INFO:root:TRAIN measures@100 microavg - precision 0.5835 - recall 0.0017 - f1 0.0035 
INFO:root:TRAIN measures@100 for class 0 - precision 0.9952 - recall 0.0015 - f1 0.0031 
INFO:root:TRAIN measures@100 for class 1 - precision 0.1515 - recall 0.0222 - f1 0.0387 
INFO:root:TRAIN measures@1000 microavg - precision 0.6644 - recall 0.0160 - f1 0.0312 
INFO:root:TRAIN measures@1000 for class 0 - precision 0.9950 - recall 0.0153 - f1 0.0302 
INFO:root:TRAIN measures@1000 for class 1 - precision 0.0938 - recall 0.0836 - f1 0.0884 
INFO:root:TRAIN Total epoch time: 8.058185597001284
INFO:root:=> saved epoch checkpoint 'saved_models/EvolveGCN/bitcoinotc-20250514_141926/epoch_36.pkl'
INFO:root:################ VALID epoch 35 ###################
INFO:root:VALID mean losses tensor(0.0047, device='cuda:0')
INFO:root:VALID mean errors 0.0008521037525497377
INFO:root:VALID mean MRR 0.07454216480255127 - mean MAP 0.0003598165640141815
INFO:root:VALID tp {0: tensor(345566672, device='cuda:0'), 1: tensor(228, device='cuda:0')},fn {0: tensor(292592, device='cuda:0'), 1: tensor(2118, device='cuda:0')},fp {0: tensor(2118, device='cuda:0'), 1: tensor(292592, device='cuda:0')}
INFO:root:VALID measures microavg - precision 0.9991 - recall 0.9991 - f1 0.9991 
INFO:root:VALID measures for class 0 - precision 1.0000 - recall 0.9992 - f1 0.9996 
INFO:root:VALID measures for class 1 - precision 0.0008 - recall 0.0972 - f1 0.0015 
INFO:root:VALID measures@10 microavg - precision 0.5000 - recall 0.0000 - f1 0.0000 
INFO:root:VALID measures@10 for class 0 - precision 1.0000 - recall 0.0000 - f1 0.0000 
INFO:root:VALID measures@10 for class 1 - precision 0.0000 - recall 0.0000 - f1 0.0000 
INFO:root:VALID measures@100 microavg - precision 0.5025 - recall 0.0000 - f1 0.0000 
INFO:root:VALID measures@100 for class 0 - precision 1.0000 - recall 0.0000 - f1 0.0000 
INFO:root:VALID measures@100 for class 1 - precision 0.0050 - recall 0.0021 - f1 0.0030 
INFO:root:VALID measures@1000 microavg - precision 0.5006 - recall 0.0000 - f1 0.0001 
INFO:root:VALID measures@1000 for class 0 - precision 1.0000 - recall 0.0000 - f1 0.0001 
INFO:root:VALID measures@1000 for class 1 - precision 0.0011 - recall 0.0047 - f1 0.0018 
INFO:root:VALID Total epoch time: 204.57747437099897
INFO:root:################ TRAIN epoch 36 ###################
INFO:root:TRAIN mean losses tensor(0.0233, device='cuda:0')
INFO:root:TRAIN mean errors 0.02244202420115471
INFO:root:TRAIN mean MRR 0.0 - mean MAP 0.045539740473032
INFO:root:TRAIN tp {0: tensor(3845949, device='cuda:0'), 1: tensor(3862, device='cuda:0')},fn {0: tensor(53251, device='cuda:0'), 1: tensor(35130, device='cuda:0')},fp {0: tensor(35130, device='cuda:0'), 1: tensor(53251, device='cuda:0')}
INFO:root:TRAIN measures microavg - precision 0.9776 - recall 0.9776 - f1 0.9776 
INFO:root:TRAIN measures for class 0 - precision 0.9909 - recall 0.9863 - f1 0.9886 
INFO:root:TRAIN measures for class 1 - precision 0.0676 - recall 0.0990 - f1 0.0804 
INFO:root:TRAIN measures@10 microavg - precision 0.5924 - recall 0.0002 - f1 0.0004 
INFO:root:TRAIN measures@10 for class 0 - precision 0.9967 - recall 0.0002 - f1 0.0003 
INFO:root:TRAIN measures@10 for class 1 - precision 0.1814 - recall 0.0027 - f1 0.0054 
INFO:root:TRAIN measures@100 microavg - precision 0.5832 - recall 0.0017 - f1 0.0035 
INFO:root:TRAIN measures@100 for class 0 - precision 0.9962 - recall 0.0015 - f1 0.0031 
INFO:root:TRAIN measures@100 for class 1 - precision 0.1512 - recall 0.0222 - f1 0.0388 
INFO:root:TRAIN measures@1000 microavg - precision 0.6631 - recall 0.0160 - f1 0.0313 
INFO:root:TRAIN measures@1000 for class 0 - precision 0.9954 - recall 0.0153 - f1 0.0302 
INFO:root:TRAIN measures@1000 for class 1 - precision 0.0940 - recall 0.0845 - f1 0.0890 
INFO:root:TRAIN Total epoch time: 8.083791634999216
INFO:root:=> saved epoch checkpoint 'saved_models/EvolveGCN/bitcoinotc-20250514_141926/epoch_37.pkl'
INFO:root:################ VALID epoch 36 ###################
INFO:root:VALID mean losses tensor(0.0046, device='cuda:0')
INFO:root:VALID mean errors 0.0008070308249443769
INFO:root:VALID mean MRR 0.07496722042560577 - mean MAP 0.0003523245395626873
INFO:root:VALID tp {0: tensor(345582259, device='cuda:0'), 1: tensor(230, device='cuda:0')},fn {0: tensor(277005, device='cuda:0'), 1: tensor(2116, device='cuda:0')},fp {0: tensor(2116, device='cuda:0'), 1: tensor(277005, device='cuda:0')}
INFO:root:VALID measures microavg - precision 0.9992 - recall 0.9992 - f1 0.9992 
INFO:root:VALID measures for class 0 - precision 1.0000 - recall 0.9992 - f1 0.9996 
INFO:root:VALID measures for class 1 - precision 0.0008 - recall 0.0980 - f1 0.0016 
INFO:root:VALID measures@10 microavg - precision 0.5000 - recall 0.0000 - f1 0.0000 
INFO:root:VALID measures@10 for class 0 - precision 1.0000 - recall 0.0000 - f1 0.0000 
INFO:root:VALID measures@10 for class 1 - precision 0.0000 - recall 0.0000 - f1 0.0000 
INFO:root:VALID measures@100 microavg - precision 0.5015 - recall 0.0000 - f1 0.0000 
INFO:root:VALID measures@100 for class 0 - precision 1.0000 - recall 0.0000 - f1 0.0000 
INFO:root:VALID measures@100 for class 1 - precision 0.0030 - recall 0.0013 - f1 0.0018 
INFO:root:VALID measures@1000 microavg - precision 0.5004 - recall 0.0000 - f1 0.0001 
INFO:root:VALID measures@1000 for class 0 - precision 1.0000 - recall 0.0000 - f1 0.0001 
INFO:root:VALID measures@1000 for class 1 - precision 0.0009 - recall 0.0038 - f1 0.0015 
INFO:root:VALID Total epoch time: 205.22260054800427
INFO:root:################ TRAIN epoch 37 ###################
INFO:root:TRAIN mean losses tensor(0.0233, device='cuda:0')
INFO:root:TRAIN mean errors 0.022108877077698708
INFO:root:TRAIN mean MRR 0.0 - mean MAP 0.04466191306710243
INFO:root:TRAIN tp {0: tensor(3847219, device='cuda:0'), 1: tensor(3904, device='cuda:0')},fn {0: tensor(51981, device='cuda:0'), 1: tensor(35088, device='cuda:0')},fp {0: tensor(35088, device='cuda:0'), 1: tensor(51981, device='cuda:0')}
INFO:root:TRAIN measures microavg - precision 0.9779 - recall 0.9779 - f1 0.9779 
INFO:root:TRAIN measures for class 0 - precision 0.9910 - recall 0.9867 - f1 0.9888 
INFO:root:TRAIN measures for class 1 - precision 0.0699 - recall 0.1001 - f1 0.0823 
INFO:root:TRAIN measures@10 microavg - precision 0.5706 - recall 0.0002 - f1 0.0003 
INFO:root:TRAIN measures@10 for class 0 - precision 0.9950 - recall 0.0002 - f1 0.0003 
INFO:root:TRAIN measures@10 for class 1 - precision 0.1390 - recall 0.0021 - f1 0.0041 
INFO:root:TRAIN measures@100 microavg - precision 0.5777 - recall 0.0017 - f1 0.0034 
INFO:root:TRAIN measures@100 for class 0 - precision 0.9952 - recall 0.0015 - f1 0.0031 
INFO:root:TRAIN measures@100 for class 1 - precision 0.1414 - recall 0.0208 - f1 0.0363 
INFO:root:TRAIN measures@1000 microavg - precision 0.6613 - recall 0.0160 - f1 0.0312 
INFO:root:TRAIN measures@1000 for class 0 - precision 0.9949 - recall 0.0153 - f1 0.0302 
INFO:root:TRAIN measures@1000 for class 1 - precision 0.0930 - recall 0.0840 - f1 0.0883 
INFO:root:TRAIN Total epoch time: 8.169254510998144
INFO:root:=> saved epoch checkpoint 'saved_models/EvolveGCN/bitcoinotc-20250514_141926/epoch_38.pkl'
INFO:root:################ VALID epoch 37 ###################
INFO:root:VALID mean losses tensor(0.0049, device='cuda:0')
INFO:root:VALID mean errors 0.0009161930647678673
INFO:root:VALID mean MRR 0.07445218414068222 - mean MAP 0.0003922669275198132
INFO:root:VALID tp {0: tensor(345544500, device='cuda:0'), 1: tensor(234, device='cuda:0')},fn {0: tensor(314764, device='cuda:0'), 1: tensor(2112, device='cuda:0')},fp {0: tensor(2112, device='cuda:0'), 1: tensor(314764, device='cuda:0')}
INFO:root:VALID measures microavg - precision 0.9991 - recall 0.9991 - f1 0.9991 
INFO:root:VALID measures for class 0 - precision 1.0000 - recall 0.9991 - f1 0.9995 
INFO:root:VALID measures for class 1 - precision 0.0007 - recall 0.0997 - f1 0.0015 
INFO:root:VALID measures@10 microavg - precision 0.5050 - recall 0.0000 - f1 0.0000 
INFO:root:VALID measures@10 for class 0 - precision 1.0000 - recall 0.0000 - f1 0.0000 
INFO:root:VALID measures@10 for class 1 - precision 0.0100 - recall 0.0004 - f1 0.0008 
INFO:root:VALID measures@100 microavg - precision 0.5030 - recall 0.0000 - f1 0.0000 
INFO:root:VALID measures@100 for class 0 - precision 1.0000 - recall 0.0000 - f1 0.0000 
INFO:root:VALID measures@100 for class 1 - precision 0.0060 - recall 0.0026 - f1 0.0036 
INFO:root:VALID measures@1000 microavg - precision 0.5004 - recall 0.0000 - f1 0.0001 
INFO:root:VALID measures@1000 for class 0 - precision 1.0000 - recall 0.0000 - f1 0.0001 
INFO:root:VALID measures@1000 for class 1 - precision 0.0009 - recall 0.0038 - f1 0.0015 
INFO:root:VALID Total epoch time: 202.9466359440048
INFO:root:################ TRAIN epoch 38 ###################
INFO:root:TRAIN mean losses tensor(0.0232, device='cuda:0')
INFO:root:TRAIN mean errors 0.022625356912612915
INFO:root:TRAIN mean MRR 0.0 - mean MAP 0.04483047127723694
INFO:root:TRAIN tp {0: tensor(3844947, device='cuda:0'), 1: tensor(4142, device='cuda:0')},fn {0: tensor(54253, device='cuda:0'), 1: tensor(34850, device='cuda:0')},fp {0: tensor(34850, device='cuda:0'), 1: tensor(54253, device='cuda:0')}
INFO:root:TRAIN measures microavg - precision 0.9774 - recall 0.9774 - f1 0.9774 
INFO:root:TRAIN measures for class 0 - precision 0.9910 - recall 0.9861 - f1 0.9885 
INFO:root:TRAIN measures for class 1 - precision 0.0709 - recall 0.1062 - f1 0.0851 
INFO:root:TRAIN measures@10 microavg - precision 0.5800 - recall 0.0002 - f1 0.0004 
INFO:root:TRAIN measures@10 for class 0 - precision 0.9933 - recall 0.0002 - f1 0.0003 
INFO:root:TRAIN measures@10 for class 1 - precision 0.1667 - recall 0.0026 - f1 0.0051 
INFO:root:TRAIN measures@100 microavg - precision 0.5775 - recall 0.0017 - f1 0.0035 
INFO:root:TRAIN measures@100 for class 0 - precision 0.9950 - recall 0.0015 - f1 0.0031 
INFO:root:TRAIN measures@100 for class 1 - precision 0.1475 - recall 0.0220 - f1 0.0383 
INFO:root:TRAIN measures@1000 microavg - precision 0.6453 - recall 0.0161 - f1 0.0313 
INFO:root:TRAIN measures@1000 for class 0 - precision 0.9954 - recall 0.0153 - f1 0.0302 
INFO:root:TRAIN measures@1000 for class 1 - precision 0.0919 - recall 0.0895 - f1 0.0907 
INFO:root:TRAIN Total epoch time: 8.095279581000796
INFO:root:=> saved epoch checkpoint 'saved_models/EvolveGCN/bitcoinotc-20250514_141926/epoch_39.pkl'
INFO:root:################ VALID epoch 38 ###################
INFO:root:VALID mean losses tensor(0.0046, device='cuda:0')
INFO:root:VALID mean errors 0.0007726558251306415
INFO:root:VALID mean MRR 0.07494812458753586 - mean MAP 0.00043663496035151184
INFO:root:VALID tp {0: tensor(345594160, device='cuda:0'), 1: tensor(218, device='cuda:0')},fn {0: tensor(265104, device='cuda:0'), 1: tensor(2128, device='cuda:0')},fp {0: tensor(2128, device='cuda:0'), 1: tensor(265104, device='cuda:0')}
INFO:root:VALID measures microavg - precision 0.9992 - recall 0.9992 - f1 0.9992 
INFO:root:VALID measures for class 0 - precision 1.0000 - recall 0.9992 - f1 0.9996 
INFO:root:VALID measures for class 1 - precision 0.0008 - recall 0.0929 - f1 0.0016 
INFO:root:VALID measures@10 microavg - precision 0.5100 - recall 0.0000 - f1 0.0000 
INFO:root:VALID measures@10 for class 0 - precision 1.0000 - recall 0.0000 - f1 0.0000 
INFO:root:VALID measures@10 for class 1 - precision 0.0200 - recall 0.0009 - f1 0.0016 
INFO:root:VALID measures@100 microavg - precision 0.5030 - recall 0.0000 - f1 0.0000 
INFO:root:VALID measures@100 for class 0 - precision 1.0000 - recall 0.0000 - f1 0.0000 
INFO:root:VALID measures@100 for class 1 - precision 0.0060 - recall 0.0026 - f1 0.0036 
INFO:root:VALID measures@1000 microavg - precision 0.5006 - recall 0.0000 - f1 0.0001 
INFO:root:VALID measures@1000 for class 0 - precision 0.9998 - recall 0.0000 - f1 0.0001 
INFO:root:VALID measures@1000 for class 1 - precision 0.0013 - recall 0.0055 - f1 0.0021 
INFO:root:VALID Total epoch time: 203.60222112499468
INFO:root:################ TRAIN epoch 39 ###################
INFO:root:TRAIN mean losses tensor(0.0232, device='cuda:0')
INFO:root:TRAIN mean errors 0.02276831679046154
INFO:root:TRAIN mean MRR 0.0 - mean MAP 0.04537908360362053
INFO:root:TRAIN tp {0: tensor(3844356, device='cuda:0'), 1: tensor(4170, device='cuda:0')},fn {0: tensor(54844, device='cuda:0'), 1: tensor(34822, device='cuda:0')},fp {0: tensor(34822, device='cuda:0'), 1: tensor(54844, device='cuda:0')}
INFO:root:TRAIN measures microavg - precision 0.9772 - recall 0.9772 - f1 0.9772 
INFO:root:TRAIN measures for class 0 - precision 0.9910 - recall 0.9859 - f1 0.9885 
INFO:root:TRAIN measures for class 1 - precision 0.0707 - recall 0.1069 - f1 0.0851 
INFO:root:TRAIN measures@10 microavg - precision 0.5807 - recall 0.0002 - f1 0.0004 
INFO:root:TRAIN measures@10 for class 0 - precision 0.9967 - recall 0.0002 - f1 0.0003 
INFO:root:TRAIN measures@10 for class 1 - precision 0.1576 - recall 0.0024 - f1 0.0047 
INFO:root:TRAIN measures@100 microavg - precision 0.5808 - recall 0.0017 - f1 0.0034 
INFO:root:TRAIN measures@100 for class 0 - precision 0.9955 - recall 0.0015 - f1 0.0031 
INFO:root:TRAIN measures@100 for class 1 - precision 0.1416 - recall 0.0206 - f1 0.0359 
INFO:root:TRAIN measures@1000 microavg - precision 0.6524 - recall 0.0160 - f1 0.0313 
INFO:root:TRAIN measures@1000 for class 0 - precision 0.9953 - recall 0.0153 - f1 0.0302 
INFO:root:TRAIN measures@1000 for class 1 - precision 0.0921 - recall 0.0868 - f1 0.0894 
INFO:root:TRAIN Total epoch time: 8.142625312000746
INFO:root:=> saved epoch checkpoint 'saved_models/EvolveGCN/bitcoinotc-20250514_141926/epoch_40.pkl'
INFO:root:################ VALID epoch 39 ###################
INFO:root:VALID mean losses tensor(0.0046, device='cuda:0')
INFO:root:VALID mean errors 0.000761116505600512
INFO:root:VALID mean MRR 0.07164715230464935 - mean MAP 0.00034540341584943235
INFO:root:VALID tp {0: tensor(345598170, device='cuda:0'), 1: tensor(199, device='cuda:0')},fn {0: tensor(261094, device='cuda:0'), 1: tensor(2147, device='cuda:0')},fp {0: tensor(2147, device='cuda:0'), 1: tensor(261094, device='cuda:0')}
INFO:root:VALID measures microavg - precision 0.9992 - recall 0.9992 - f1 0.9992 
INFO:root:VALID measures for class 0 - precision 1.0000 - recall 0.9992 - f1 0.9996 
INFO:root:VALID measures for class 1 - precision 0.0008 - recall 0.0848 - f1 0.0015 
INFO:root:VALID measures@10 microavg - precision 0.5050 - recall 0.0000 - f1 0.0000 
INFO:root:VALID measures@10 for class 0 - precision 1.0000 - recall 0.0000 - f1 0.0000 
INFO:root:VALID measures@10 for class 1 - precision 0.0100 - recall 0.0004 - f1 0.0008 
INFO:root:VALID measures@100 microavg - precision 0.5010 - recall 0.0000 - f1 0.0000 
INFO:root:VALID measures@100 for class 0 - precision 1.0000 - recall 0.0000 - f1 0.0000 
INFO:root:VALID measures@100 for class 1 - precision 0.0020 - recall 0.0009 - f1 0.0012 
INFO:root:VALID measures@1000 microavg - precision 0.5001 - recall 0.0000 - f1 0.0001 
INFO:root:VALID measures@1000 for class 0 - precision 0.9999 - recall 0.0000 - f1 0.0001 
INFO:root:VALID measures@1000 for class 1 - precision 0.0003 - recall 0.0013 - f1 0.0005 
INFO:root:VALID Total epoch time: 200.25830334200145
INFO:root:################ TRAIN epoch 40 ###################
INFO:root:TRAIN mean losses tensor(0.0232, device='cuda:0')
INFO:root:TRAIN mean errors 0.023103496059775352
INFO:root:TRAIN mean MRR 0.0 - mean MAP 0.04498620331287384
INFO:root:TRAIN tp {0: tensor(3842987, device='cuda:0'), 1: tensor(4219, device='cuda:0')},fn {0: tensor(56213, device='cuda:0'), 1: tensor(34773, device='cuda:0')},fp {0: tensor(34773, device='cuda:0'), 1: tensor(56213, device='cuda:0')}
INFO:root:TRAIN measures microavg - precision 0.9769 - recall 0.9769 - f1 0.9769 
INFO:root:TRAIN measures for class 0 - precision 0.9910 - recall 0.9856 - f1 0.9883 
INFO:root:TRAIN measures for class 1 - precision 0.0698 - recall 0.1082 - f1 0.0849 
INFO:root:TRAIN measures@10 microavg - precision 0.5842 - recall 0.0002 - f1 0.0004 
INFO:root:TRAIN measures@10 for class 0 - precision 1.0000 - recall 0.0002 - f1 0.0003 
INFO:root:TRAIN measures@10 for class 1 - precision 0.1683 - recall 0.0026 - f1 0.0051 
INFO:root:TRAIN measures@100 microavg - precision 0.5744 - recall 0.0017 - f1 0.0034 
INFO:root:TRAIN measures@100 for class 0 - precision 0.9963 - recall 0.0015 - f1 0.0031 
INFO:root:TRAIN measures@100 for class 1 - precision 0.1396 - recall 0.0209 - f1 0.0363 
INFO:root:TRAIN measures@1000 microavg - precision 0.6473 - recall 0.0160 - f1 0.0313 
INFO:root:TRAIN measures@1000 for class 0 - precision 0.9952 - recall 0.0153 - f1 0.0302 
INFO:root:TRAIN measures@1000 for class 1 - precision 0.0918 - recall 0.0885 - f1 0.0901 
INFO:root:TRAIN Total epoch time: 8.133040326996706
INFO:root:=> saved epoch checkpoint 'saved_models/EvolveGCN/bitcoinotc-20250514_141926/epoch_41.pkl'
INFO:root:################ VALID epoch 40 ###################
INFO:root:VALID mean losses tensor(0.0047, device='cuda:0')
INFO:root:VALID mean errors 0.0007320442236959934
INFO:root:VALID mean MRR 0.07685165107250214 - mean MAP 0.0003514660056680441
INFO:root:VALID tp {0: tensor(345608205, device='cuda:0'), 1: tensor(219, device='cuda:0')},fn {0: tensor(251059, device='cuda:0'), 1: tensor(2127, device='cuda:0')},fp {0: tensor(2127, device='cuda:0'), 1: tensor(251059, device='cuda:0')}
INFO:root:VALID measures microavg - precision 0.9993 - recall 0.9993 - f1 0.9993 
INFO:root:VALID measures for class 0 - precision 1.0000 - recall 0.9993 - f1 0.9996 
INFO:root:VALID measures for class 1 - precision 0.0009 - recall 0.0934 - f1 0.0017 
INFO:root:VALID measures@10 microavg - precision 0.5000 - recall 0.0000 - f1 0.0000 
INFO:root:VALID measures@10 for class 0 - precision 1.0000 - recall 0.0000 - f1 0.0000 
INFO:root:VALID measures@10 for class 1 - precision 0.0000 - recall 0.0000 - f1 0.0000 
INFO:root:VALID measures@100 microavg - precision 0.5000 - recall 0.0000 - f1 0.0000 
INFO:root:VALID measures@100 for class 0 - precision 1.0000 - recall 0.0000 - f1 0.0000 
INFO:root:VALID measures@100 for class 1 - precision 0.0000 - recall 0.0000 - f1 0.0000 
INFO:root:VALID measures@1000 microavg - precision 0.5001 - recall 0.0000 - f1 0.0001 
INFO:root:VALID measures@1000 for class 0 - precision 1.0000 - recall 0.0000 - f1 0.0001 
INFO:root:VALID measures@1000 for class 1 - precision 0.0003 - recall 0.0013 - f1 0.0005 
INFO:root:VALID Total epoch time: 204.17308473100275
INFO:root:################ TRAIN epoch 41 ###################
INFO:root:TRAIN mean losses tensor(0.0232, device='cuda:0')
INFO:root:TRAIN mean errors 0.022082215175032616
INFO:root:TRAIN mean MRR 0.0 - mean MAP 0.04565564915537834
INFO:root:TRAIN tp {0: tensor(3847396, device='cuda:0'), 1: tensor(3832, device='cuda:0')},fn {0: tensor(51804, device='cuda:0'), 1: tensor(35160, device='cuda:0')},fp {0: tensor(35160, device='cuda:0'), 1: tensor(51804, device='cuda:0')}
INFO:root:TRAIN measures microavg - precision 0.9779 - recall 0.9779 - f1 0.9779 
INFO:root:TRAIN measures for class 0 - precision 0.9909 - recall 0.9867 - f1 0.9888 
INFO:root:TRAIN measures for class 1 - precision 0.0689 - recall 0.0983 - f1 0.0810 
INFO:root:TRAIN measures@10 microavg - precision 0.5824 - recall 0.0002 - f1 0.0004 
INFO:root:TRAIN measures@10 for class 0 - precision 0.9967 - recall 0.0002 - f1 0.0003 
INFO:root:TRAIN measures@10 for class 1 - precision 0.1610 - recall 0.0024 - f1 0.0048 
INFO:root:TRAIN measures@100 microavg - precision 0.5836 - recall 0.0017 - f1 0.0035 
INFO:root:TRAIN measures@100 for class 0 - precision 0.9965 - recall 0.0015 - f1 0.0031 
INFO:root:TRAIN measures@100 for class 1 - precision 0.1475 - recall 0.0215 - f1 0.0375 
INFO:root:TRAIN measures@1000 microavg - precision 0.6675 - recall 0.0160 - f1 0.0312 
INFO:root:TRAIN measures@1000 for class 0 - precision 0.9951 - recall 0.0153 - f1 0.0302 
INFO:root:TRAIN measures@1000 for class 1 - precision 0.0942 - recall 0.0829 - f1 0.0882 
INFO:root:TRAIN Total epoch time: 8.095160058001056
INFO:root:=> saved epoch checkpoint 'saved_models/EvolveGCN/bitcoinotc-20250514_141926/epoch_42.pkl'
INFO:root:################ VALID epoch 41 ###################
INFO:root:VALID mean losses tensor(0.0045, device='cuda:0')
INFO:root:VALID mean errors 0.0008334200247190893
INFO:root:VALID mean MRR 0.07465548813343048 - mean MAP 0.0006428253254853189
INFO:root:VALID tp {0: tensor(345573123, device='cuda:0'), 1: tensor(239, device='cuda:0')},fn {0: tensor(286141, device='cuda:0'), 1: tensor(2107, device='cuda:0')},fp {0: tensor(2107, device='cuda:0'), 1: tensor(286141, device='cuda:0')}
INFO:root:VALID measures microavg - precision 0.9992 - recall 0.9992 - f1 0.9992 
INFO:root:VALID measures for class 0 - precision 1.0000 - recall 0.9992 - f1 0.9996 
INFO:root:VALID measures for class 1 - precision 0.0008 - recall 0.1019 - f1 0.0017 
INFO:root:VALID measures@10 microavg - precision 0.5100 - recall 0.0000 - f1 0.0000 
INFO:root:VALID measures@10 for class 0 - precision 1.0000 - recall 0.0000 - f1 0.0000 
INFO:root:VALID measures@10 for class 1 - precision 0.0200 - recall 0.0009 - f1 0.0016 
INFO:root:VALID measures@100 microavg - precision 0.5035 - recall 0.0000 - f1 0.0000 
INFO:root:VALID measures@100 for class 0 - precision 1.0000 - recall 0.0000 - f1 0.0000 
INFO:root:VALID measures@100 for class 1 - precision 0.0070 - recall 0.0030 - f1 0.0042 
INFO:root:VALID measures@1000 microavg - precision 0.5007 - recall 0.0000 - f1 0.0001 
INFO:root:VALID measures@1000 for class 0 - precision 1.0000 - recall 0.0000 - f1 0.0001 
INFO:root:VALID measures@1000 for class 1 - precision 0.0014 - recall 0.0060 - f1 0.0023 
INFO:root:VALID Total epoch time: 203.99762722499872
INFO:root:################ TRAIN epoch 42 ###################
INFO:root:TRAIN mean losses tensor(0.0232, device='cuda:0')
INFO:root:TRAIN mean errors 0.023859933018684387
INFO:root:TRAIN mean MRR 0.0 - mean MAP 0.04597654938697815
INFO:root:TRAIN tp {0: tensor(3839606, device='cuda:0'), 1: tensor(4621, device='cuda:0')},fn {0: tensor(59594, device='cuda:0'), 1: tensor(34371, device='cuda:0')},fp {0: tensor(34371, device='cuda:0'), 1: tensor(59594, device='cuda:0')}
INFO:root:TRAIN measures microavg - precision 0.9761 - recall 0.9761 - f1 0.9761 
INFO:root:TRAIN measures for class 0 - precision 0.9911 - recall 0.9847 - f1 0.9879 
INFO:root:TRAIN measures for class 1 - precision 0.0720 - recall 0.1185 - f1 0.0895 
INFO:root:TRAIN measures@10 microavg - precision 0.5876 - recall 0.0002 - f1 0.0004 
INFO:root:TRAIN measures@10 for class 0 - precision 0.9983 - recall 0.0002 - f1 0.0003 
INFO:root:TRAIN measures@10 for class 1 - precision 0.1756 - recall 0.0027 - f1 0.0053 
INFO:root:TRAIN measures@100 microavg - precision 0.5838 - recall 0.0017 - f1 0.0035 
INFO:root:TRAIN measures@100 for class 0 - precision 0.9965 - recall 0.0015 - f1 0.0031 
INFO:root:TRAIN measures@100 for class 1 - precision 0.1532 - recall 0.0226 - f1 0.0394 
INFO:root:TRAIN measures@1000 microavg - precision 0.6402 - recall 0.0161 - f1 0.0314 
INFO:root:TRAIN measures@1000 for class 0 - precision 0.9952 - recall 0.0153 - f1 0.0302 
INFO:root:TRAIN measures@1000 for class 1 - precision 0.0920 - recall 0.0917 - f1 0.0918 
INFO:root:TRAIN Total epoch time: 8.190316359999997
INFO:root:=> saved epoch checkpoint 'saved_models/EvolveGCN/bitcoinotc-20250514_141926/epoch_43.pkl'
INFO:root:################ VALID epoch 42 ###################
INFO:root:VALID mean losses tensor(0.0047, device='cuda:0')
INFO:root:VALID mean errors 0.0006941909086890519
INFO:root:VALID mean MRR 0.0728653147816658 - mean MAP 0.0003442422894295305
INFO:root:VALID tp {0: tensor(345621306, device='cuda:0'), 1: tensor(210, device='cuda:0')},fn {0: tensor(237958, device='cuda:0'), 1: tensor(2136, device='cuda:0')},fp {0: tensor(2136, device='cuda:0'), 1: tensor(237958, device='cuda:0')}
INFO:root:VALID measures microavg - precision 0.9993 - recall 0.9993 - f1 0.9993 
INFO:root:VALID measures for class 0 - precision 1.0000 - recall 0.9993 - f1 0.9997 
INFO:root:VALID measures for class 1 - precision 0.0009 - recall 0.0895 - f1 0.0017 
INFO:root:VALID measures@10 microavg - precision 0.5050 - recall 0.0000 - f1 0.0000 
INFO:root:VALID measures@10 for class 0 - precision 1.0000 - recall 0.0000 - f1 0.0000 
INFO:root:VALID measures@10 for class 1 - precision 0.0100 - recall 0.0004 - f1 0.0008 
INFO:root:VALID measures@100 microavg - precision 0.5015 - recall 0.0000 - f1 0.0000 
INFO:root:VALID measures@100 for class 0 - precision 1.0000 - recall 0.0000 - f1 0.0000 
INFO:root:VALID measures@100 for class 1 - precision 0.0030 - recall 0.0013 - f1 0.0018 
INFO:root:VALID measures@1000 microavg - precision 0.5002 - recall 0.0000 - f1 0.0001 
INFO:root:VALID measures@1000 for class 0 - precision 1.0000 - recall 0.0000 - f1 0.0001 
INFO:root:VALID measures@1000 for class 1 - precision 0.0005 - recall 0.0021 - f1 0.0008 
INFO:root:VALID Total epoch time: 201.79566355899442
INFO:root:################ TRAIN epoch 43 ###################
INFO:root:TRAIN mean losses tensor(0.0232, device='cuda:0')
INFO:root:TRAIN mean errors 0.02293362095952034
INFO:root:TRAIN mean MRR 0.0 - mean MAP 0.045486945658922195
INFO:root:TRAIN tp {0: tensor(3843529, device='cuda:0'), 1: tensor(4346, device='cuda:0')},fn {0: tensor(55671, device='cuda:0'), 1: tensor(34646, device='cuda:0')},fp {0: tensor(34646, device='cuda:0'), 1: tensor(55671, device='cuda:0')}
INFO:root:TRAIN measures microavg - precision 0.9771 - recall 0.9771 - f1 0.9771 
INFO:root:TRAIN measures for class 0 - precision 0.9911 - recall 0.9857 - f1 0.9884 
INFO:root:TRAIN measures for class 1 - precision 0.0724 - recall 0.1115 - f1 0.0878 
INFO:root:TRAIN measures@10 microavg - precision 0.5807 - recall 0.0002 - f1 0.0004 
INFO:root:TRAIN measures@10 for class 0 - precision 0.9967 - recall 0.0002 - f1 0.0003 
INFO:root:TRAIN measures@10 for class 1 - precision 0.1576 - recall 0.0024 - f1 0.0047 
INFO:root:TRAIN measures@100 microavg - precision 0.5822 - recall 0.0017 - f1 0.0035 
INFO:root:TRAIN measures@100 for class 0 - precision 0.9963 - recall 0.0015 - f1 0.0031 
INFO:root:TRAIN measures@100 for class 1 - precision 0.1488 - recall 0.0219 - f1 0.0381 
INFO:root:TRAIN measures@1000 microavg - precision 0.6428 - recall 0.0161 - f1 0.0314 
INFO:root:TRAIN measures@1000 for class 0 - precision 0.9954 - recall 0.0153 - f1 0.0302 
INFO:root:TRAIN measures@1000 for class 1 - precision 0.0930 - recall 0.0917 - f1 0.0923 
INFO:root:TRAIN Total epoch time: 8.110521574999439
INFO:root:=> saved epoch checkpoint 'saved_models/EvolveGCN/bitcoinotc-20250514_141926/epoch_44.pkl'
INFO:root:################ VALID epoch 43 ###################
INFO:root:VALID mean losses tensor(0.0047, device='cuda:0')
INFO:root:VALID mean errors 0.0006985712680034339
INFO:root:VALID mean MRR 0.0782136619091034 - mean MAP 0.0005052370252087712
INFO:root:VALID tp {0: tensor(345619794, device='cuda:0'), 1: tensor(207, device='cuda:0')},fn {0: tensor(239470, device='cuda:0'), 1: tensor(2139, device='cuda:0')},fp {0: tensor(2139, device='cuda:0'), 1: tensor(239470, device='cuda:0')}
INFO:root:VALID measures microavg - precision 0.9993 - recall 0.9993 - f1 0.9993 
INFO:root:VALID measures for class 0 - precision 1.0000 - recall 0.9993 - f1 0.9997 
INFO:root:VALID measures for class 1 - precision 0.0009 - recall 0.0882 - f1 0.0017 
INFO:root:VALID measures@10 microavg - precision 0.5050 - recall 0.0000 - f1 0.0000 
INFO:root:VALID measures@10 for class 0 - precision 1.0000 - recall 0.0000 - f1 0.0000 
INFO:root:VALID measures@10 for class 1 - precision 0.0100 - recall 0.0004 - f1 0.0008 
INFO:root:VALID measures@100 microavg - precision 0.5025 - recall 0.0000 - f1 0.0000 
INFO:root:VALID measures@100 for class 0 - precision 1.0000 - recall 0.0000 - f1 0.0000 
INFO:root:VALID measures@100 for class 1 - precision 0.0050 - recall 0.0021 - f1 0.0030 
INFO:root:VALID measures@1000 microavg - precision 0.5004 - recall 0.0000 - f1 0.0001 
INFO:root:VALID measures@1000 for class 0 - precision 1.0000 - recall 0.0000 - f1 0.0001 
INFO:root:VALID measures@1000 for class 1 - precision 0.0008 - recall 0.0034 - f1 0.0013 
INFO:root:VALID Total epoch time: 202.826604889
INFO:root:################ TRAIN epoch 44 ###################
INFO:root:TRAIN mean losses tensor(0.0232, device='cuda:0')
INFO:root:TRAIN mean errors 0.02297145500779152
INFO:root:TRAIN mean MRR 0.0 - mean MAP 0.0452960766851902
INFO:root:TRAIN tp {0: tensor(3843606, device='cuda:0'), 1: tensor(4120, device='cuda:0')},fn {0: tensor(55594, device='cuda:0'), 1: tensor(34872, device='cuda:0')},fp {0: tensor(34872, device='cuda:0'), 1: tensor(55594, device='cuda:0')}
INFO:root:TRAIN measures microavg - precision 0.9770 - recall 0.9770 - f1 0.9770 
INFO:root:TRAIN measures for class 0 - precision 0.9910 - recall 0.9857 - f1 0.9884 
INFO:root:TRAIN measures for class 1 - precision 0.0690 - recall 0.1057 - f1 0.0835 
INFO:root:TRAIN measures@10 microavg - precision 0.5841 - recall 0.0002 - f1 0.0004 
INFO:root:TRAIN measures@10 for class 0 - precision 0.9967 - recall 0.0002 - f1 0.0003 
INFO:root:TRAIN measures@10 for class 1 - precision 0.1681 - recall 0.0026 - f1 0.0051 
INFO:root:TRAIN measures@100 microavg - precision 0.5838 - recall 0.0017 - f1 0.0034 
INFO:root:TRAIN measures@100 for class 0 - precision 0.9940 - recall 0.0015 - f1 0.0031 
INFO:root:TRAIN measures@100 for class 1 - precision 0.1485 - recall 0.0215 - f1 0.0376 
INFO:root:TRAIN measures@1000 microavg - precision 0.6527 - recall 0.0160 - f1 0.0313 
INFO:root:TRAIN measures@1000 for class 0 - precision 0.9949 - recall 0.0153 - f1 0.0302 
INFO:root:TRAIN measures@1000 for class 1 - precision 0.0926 - recall 0.0871 - f1 0.0898 
INFO:root:TRAIN Total epoch time: 8.165755490001175
INFO:root:=> saved epoch checkpoint 'saved_models/EvolveGCN/bitcoinotc-20250514_141926/epoch_45.pkl'
INFO:root:################ VALID epoch 44 ###################
INFO:root:VALID mean losses tensor(0.0046, device='cuda:0')
INFO:root:VALID mean errors 0.0006492336397059262
INFO:root:VALID mean MRR 0.07079340517520905 - mean MAP 0.0014980731066316366
INFO:root:VALID tp {0: tensor(345636871, device='cuda:0'), 1: tensor(194, device='cuda:0')},fn {0: tensor(222393, device='cuda:0'), 1: tensor(2152, device='cuda:0')},fp {0: tensor(2152, device='cuda:0'), 1: tensor(222393, device='cuda:0')}
INFO:root:VALID measures microavg - precision 0.9994 - recall 0.9994 - f1 0.9994 
INFO:root:VALID measures for class 0 - precision 1.0000 - recall 0.9994 - f1 0.9997 
INFO:root:VALID measures for class 1 - precision 0.0009 - recall 0.0827 - f1 0.0017 
INFO:root:VALID measures@10 microavg - precision 0.5200 - recall 0.0000 - f1 0.0000 
INFO:root:VALID measures@10 for class 0 - precision 1.0000 - recall 0.0000 - f1 0.0000 
INFO:root:VALID measures@10 for class 1 - precision 0.0400 - recall 0.0017 - f1 0.0033 
INFO:root:VALID measures@100 microavg - precision 0.5159 - recall 0.0000 - f1 0.0000 
INFO:root:VALID measures@100 for class 0 - precision 1.0000 - recall 0.0000 - f1 0.0000 
INFO:root:VALID measures@100 for class 1 - precision 0.0042 - recall 0.0017 - f1 0.0024 
INFO:root:VALID measures@1000 microavg - precision 0.5027 - recall 0.0000 - f1 0.0001 
INFO:root:VALID measures@1000 for class 0 - precision 1.0000 - recall 0.0000 - f1 0.0001 
INFO:root:VALID measures@1000 for class 1 - precision 0.0010 - recall 0.0043 - f1 0.0016 
INFO:root:VALID Total epoch time: 202.18159584500245
INFO:root:################ TRAIN epoch 45 ###################
INFO:root:TRAIN mean losses tensor(0.0232, device='cuda:0')
INFO:root:TRAIN mean errors 0.02347727119922638
INFO:root:TRAIN mean MRR 0.0 - mean MAP 0.04577326029539108
INFO:root:TRAIN tp {0: tensor(3841352, device='cuda:0'), 1: tensor(4382, device='cuda:0')},fn {0: tensor(57848, device='cuda:0'), 1: tensor(34610, device='cuda:0')},fp {0: tensor(34610, device='cuda:0'), 1: tensor(57848, device='cuda:0')}
INFO:root:TRAIN measures microavg - precision 0.9765 - recall 0.9765 - f1 0.9765 
INFO:root:TRAIN measures for class 0 - precision 0.9911 - recall 0.9852 - f1 0.9881 
INFO:root:TRAIN measures for class 1 - precision 0.0704 - recall 0.1124 - f1 0.0866 
INFO:root:TRAIN measures@10 microavg - precision 0.5948 - recall 0.0002 - f1 0.0004 
INFO:root:TRAIN measures@10 for class 0 - precision 0.9967 - recall 0.0002 - f1 0.0003 
INFO:root:TRAIN measures@10 for class 1 - precision 0.1910 - recall 0.0029 - f1 0.0058 
INFO:root:TRAIN measures@100 microavg - precision 0.5828 - recall 0.0017 - f1 0.0035 
INFO:root:TRAIN measures@100 for class 0 - precision 0.9965 - recall 0.0015 - f1 0.0031 
INFO:root:TRAIN measures@100 for class 1 - precision 0.1554 - recall 0.0231 - f1 0.0403 
INFO:root:TRAIN measures@1000 microavg - precision 0.6488 - recall 0.0161 - f1 0.0313 
INFO:root:TRAIN measures@1000 for class 0 - precision 0.9954 - recall 0.0153 - f1 0.0302 
INFO:root:TRAIN measures@1000 for class 1 - precision 0.0935 - recall 0.0897 - f1 0.0916 
INFO:root:TRAIN Total epoch time: 8.101634795995778
INFO:root:=> saved epoch checkpoint 'saved_models/EvolveGCN/bitcoinotc-20250514_141926/epoch_46.pkl'
INFO:root:################ VALID epoch 45 ###################
INFO:root:VALID mean losses tensor(0.0048, device='cuda:0')
INFO:root:VALID mean errors 0.0008291437407024205
INFO:root:VALID mean MRR 0.07830353826284409 - mean MAP 0.0009223871165886521
INFO:root:VALID tp {0: tensor(345574607, device='cuda:0'), 1: tensor(234, device='cuda:0')},fn {0: tensor(284657, device='cuda:0'), 1: tensor(2112, device='cuda:0')},fp {0: tensor(2112, device='cuda:0'), 1: tensor(284657, device='cuda:0')}
INFO:root:VALID measures microavg - precision 0.9992 - recall 0.9992 - f1 0.9992 
INFO:root:VALID measures for class 0 - precision 1.0000 - recall 0.9992 - f1 0.9996 
INFO:root:VALID measures for class 1 - precision 0.0008 - recall 0.0997 - f1 0.0016 
INFO:root:VALID measures@10 microavg - precision 0.5150 - recall 0.0000 - f1 0.0000 
INFO:root:VALID measures@10 for class 0 - precision 1.0000 - recall 0.0000 - f1 0.0000 
INFO:root:VALID measures@10 for class 1 - precision 0.0300 - recall 0.0013 - f1 0.0025 
INFO:root:VALID measures@100 microavg - precision 0.5030 - recall 0.0000 - f1 0.0000 
INFO:root:VALID measures@100 for class 0 - precision 1.0000 - recall 0.0000 - f1 0.0000 
INFO:root:VALID measures@100 for class 1 - precision 0.0060 - recall 0.0026 - f1 0.0036 
INFO:root:VALID measures@1000 microavg - precision 0.5006 - recall 0.0000 - f1 0.0001 
INFO:root:VALID measures@1000 for class 0 - precision 1.0000 - recall 0.0000 - f1 0.0001 
INFO:root:VALID measures@1000 for class 1 - precision 0.0011 - recall 0.0047 - f1 0.0018 
INFO:root:VALID Total epoch time: 199.09450731900142
INFO:root:################ TRAIN epoch 46 ###################
INFO:root:TRAIN mean losses tensor(0.0232, device='cuda:0')
INFO:root:TRAIN mean errors 0.023465843871235847
INFO:root:TRAIN mean MRR 0.0 - mean MAP 0.045819710940122604
INFO:root:TRAIN tp {0: tensor(3841268, device='cuda:0'), 1: tensor(4511, device='cuda:0')},fn {0: tensor(57932, device='cuda:0'), 1: tensor(34481, device='cuda:0')},fp {0: tensor(34481, device='cuda:0'), 1: tensor(57932, device='cuda:0')}
INFO:root:TRAIN measures microavg - precision 0.9765 - recall 0.9765 - f1 0.9765 
INFO:root:TRAIN measures for class 0 - precision 0.9911 - recall 0.9851 - f1 0.9881 
INFO:root:TRAIN measures for class 1 - precision 0.0722 - recall 0.1157 - f1 0.0889 
INFO:root:TRAIN measures@10 microavg - precision 0.5921 - recall 0.0002 - f1 0.0004 
INFO:root:TRAIN measures@10 for class 0 - precision 0.9983 - recall 0.0002 - f1 0.0003 
INFO:root:TRAIN measures@10 for class 1 - precision 0.1818 - recall 0.0028 - f1 0.0055 
INFO:root:TRAIN measures@100 microavg - precision 0.5876 - recall 0.0017 - f1 0.0035 
INFO:root:TRAIN measures@100 for class 0 - precision 0.9963 - recall 0.0015 - f1 0.0031 
INFO:root:TRAIN measures@100 for class 1 - precision 0.1558 - recall 0.0227 - f1 0.0396 
INFO:root:TRAIN measures@1000 microavg - precision 0.6454 - recall 0.0161 - f1 0.0314 
INFO:root:TRAIN measures@1000 for class 0 - precision 0.9954 - recall 0.0153 - f1 0.0302 
INFO:root:TRAIN measures@1000 for class 1 - precision 0.0944 - recall 0.0923 - f1 0.0933 
INFO:root:TRAIN Total epoch time: 8.034730060004222
INFO:root:=> saved epoch checkpoint 'saved_models/EvolveGCN/bitcoinotc-20250514_141926/epoch_47.pkl'
INFO:root:################ VALID epoch 46 ###################
INFO:root:VALID mean losses tensor(0.0044, device='cuda:0')
INFO:root:VALID mean errors 0.0008224849589169025
INFO:root:VALID mean MRR 0.0740099847316742 - mean MAP 0.0004027574905194342
INFO:root:VALID tp {0: tensor(345576919, device='cuda:0'), 1: tensor(225, device='cuda:0')},fn {0: tensor(282345, device='cuda:0'), 1: tensor(2121, device='cuda:0')},fp {0: tensor(2121, device='cuda:0'), 1: tensor(282345, device='cuda:0')}
INFO:root:VALID measures microavg - precision 0.9992 - recall 0.9992 - f1 0.9992 
INFO:root:VALID measures for class 0 - precision 1.0000 - recall 0.9992 - f1 0.9996 
INFO:root:VALID measures for class 1 - precision 0.0008 - recall 0.0959 - f1 0.0016 
INFO:root:VALID measures@10 microavg - precision 0.5200 - recall 0.0000 - f1 0.0000 
INFO:root:VALID measures@10 for class 0 - precision 1.0000 - recall 0.0000 - f1 0.0000 
INFO:root:VALID measures@10 for class 1 - precision 0.0400 - recall 0.0017 - f1 0.0033 
INFO:root:VALID measures@100 microavg - precision 0.5025 - recall 0.0000 - f1 0.0000 
INFO:root:VALID measures@100 for class 0 - precision 1.0000 - recall 0.0000 - f1 0.0000 
INFO:root:VALID measures@100 for class 1 - precision 0.0050 - recall 0.0021 - f1 0.0030 
INFO:root:VALID measures@1000 microavg - precision 0.5006 - recall 0.0000 - f1 0.0001 
INFO:root:VALID measures@1000 for class 0 - precision 1.0000 - recall 0.0000 - f1 0.0001 
INFO:root:VALID measures@1000 for class 1 - precision 0.0011 - recall 0.0047 - f1 0.0018 
INFO:root:VALID Total epoch time: 202.01672225900256
INFO:root:################ TRAIN epoch 47 ###################
INFO:root:TRAIN mean losses tensor(0.0232, device='cuda:0')
INFO:root:TRAIN mean errors 0.02233867719769478
INFO:root:TRAIN mean MRR 0.0 - mean MAP 0.045346878468990326
INFO:root:TRAIN tp {0: tensor(3846125, device='cuda:0'), 1: tensor(4093, device='cuda:0')},fn {0: tensor(53075, device='cuda:0'), 1: tensor(34899, device='cuda:0')},fp {0: tensor(34899, device='cuda:0'), 1: tensor(53075, device='cuda:0')}
INFO:root:TRAIN measures microavg - precision 0.9777 - recall 0.9777 - f1 0.9777 
INFO:root:TRAIN measures for class 0 - precision 0.9910 - recall 0.9864 - f1 0.9887 
INFO:root:TRAIN measures for class 1 - precision 0.0716 - recall 0.1050 - f1 0.0851 
INFO:root:TRAIN measures@10 microavg - precision 0.5824 - recall 0.0002 - f1 0.0004 
INFO:root:TRAIN measures@10 for class 0 - precision 0.9917 - recall 0.0002 - f1 0.0003 
INFO:root:TRAIN measures@10 for class 1 - precision 0.1661 - recall 0.0025 - f1 0.0050 
INFO:root:TRAIN measures@100 microavg - precision 0.5832 - recall 0.0017 - f1 0.0034 
INFO:root:TRAIN measures@100 for class 0 - precision 0.9952 - recall 0.0015 - f1 0.0031 
INFO:root:TRAIN measures@100 for class 1 - precision 0.1455 - recall 0.0211 - f1 0.0368 
INFO:root:TRAIN measures@1000 microavg - precision 0.6587 - recall 0.0160 - f1 0.0313 
INFO:root:TRAIN measures@1000 for class 0 - precision 0.9955 - recall 0.0153 - f1 0.0302 
INFO:root:TRAIN measures@1000 for class 1 - precision 0.0953 - recall 0.0877 - f1 0.0914 
INFO:root:TRAIN Total epoch time: 8.257264992003911
INFO:root:=> saved epoch checkpoint 'saved_models/EvolveGCN/bitcoinotc-20250514_141926/epoch_48.pkl'
INFO:root:################ VALID epoch 47 ###################
INFO:root:VALID mean losses tensor(0.0046, device='cuda:0')
INFO:root:VALID mean errors 0.0008229678496718407
INFO:root:VALID mean MRR 0.07271234691143036 - mean MAP 0.0007942938827909529
INFO:root:VALID tp {0: tensor(345576756, device='cuda:0'), 1: tensor(221, device='cuda:0')},fn {0: tensor(282508, device='cuda:0'), 1: tensor(2125, device='cuda:0')},fp {0: tensor(2125, device='cuda:0'), 1: tensor(282508, device='cuda:0')}
INFO:root:VALID measures microavg - precision 0.9992 - recall 0.9992 - f1 0.9992 
INFO:root:VALID measures for class 0 - precision 1.0000 - recall 0.9992 - f1 0.9996 
INFO:root:VALID measures for class 1 - precision 0.0008 - recall 0.0942 - f1 0.0016 
INFO:root:VALID measures@10 microavg - precision 0.5100 - recall 0.0000 - f1 0.0000 
INFO:root:VALID measures@10 for class 0 - precision 1.0000 - recall 0.0000 - f1 0.0000 
INFO:root:VALID measures@10 for class 1 - precision 0.0200 - recall 0.0009 - f1 0.0016 
INFO:root:VALID measures@100 microavg - precision 0.5010 - recall 0.0000 - f1 0.0000 
INFO:root:VALID measures@100 for class 0 - precision 0.9990 - recall 0.0000 - f1 0.0000 
INFO:root:VALID measures@100 for class 1 - precision 0.0030 - recall 0.0013 - f1 0.0018 
INFO:root:VALID measures@1000 microavg - precision 0.5003 - recall 0.0000 - f1 0.0001 
INFO:root:VALID measures@1000 for class 0 - precision 0.9999 - recall 0.0000 - f1 0.0001 
INFO:root:VALID measures@1000 for class 1 - precision 0.0008 - recall 0.0034 - f1 0.0013 
INFO:root:VALID Total epoch time: 203.88730545699946
INFO:root:################ TRAIN epoch 48 ###################
INFO:root:TRAIN mean losses tensor(0.0232, device='cuda:0')
INFO:root:TRAIN mean errors 0.023001672700047493
INFO:root:TRAIN mean MRR 0.0 - mean MAP 0.046116750687360764
INFO:root:TRAIN tp {0: tensor(3843149, device='cuda:0'), 1: tensor(4458, device='cuda:0')},fn {0: tensor(56051, device='cuda:0'), 1: tensor(34534, device='cuda:0')},fp {0: tensor(34534, device='cuda:0'), 1: tensor(56051, device='cuda:0')}
INFO:root:TRAIN measures microavg - precision 0.9770 - recall 0.9770 - f1 0.9770 
INFO:root:TRAIN measures for class 0 - precision 0.9911 - recall 0.9856 - f1 0.9884 
INFO:root:TRAIN measures for class 1 - precision 0.0737 - recall 0.1143 - f1 0.0896 
INFO:root:TRAIN measures@10 microavg - precision 0.5939 - recall 0.0002 - f1 0.0004 
INFO:root:TRAIN measures@10 for class 0 - precision 0.9950 - recall 0.0002 - f1 0.0003 
INFO:root:TRAIN measures@10 for class 1 - precision 0.1840 - recall 0.0028 - f1 0.0055 
INFO:root:TRAIN measures@100 microavg - precision 0.5861 - recall 0.0017 - f1 0.0035 
INFO:root:TRAIN measures@100 for class 0 - precision 0.9967 - recall 0.0015 - f1 0.0031 
INFO:root:TRAIN measures@100 for class 1 - precision 0.1533 - recall 0.0224 - f1 0.0390 
INFO:root:TRAIN measures@1000 microavg - precision 0.6475 - recall 0.0161 - f1 0.0314 
INFO:root:TRAIN measures@1000 for class 0 - precision 0.9953 - recall 0.0153 - f1 0.0302 
INFO:root:TRAIN measures@1000 for class 1 - precision 0.0952 - recall 0.0923 - f1 0.0937 
INFO:root:TRAIN Total epoch time: 8.150966720000724
INFO:root:=> saved epoch checkpoint 'saved_models/EvolveGCN/bitcoinotc-20250514_141926/epoch_49.pkl'
INFO:root:################ VALID epoch 48 ###################
INFO:root:VALID mean losses tensor(0.0048, device='cuda:0')
INFO:root:VALID mean errors 0.0010557429632171988
INFO:root:VALID mean MRR 0.07564576715230942 - mean MAP 0.0006436078110709786
INFO:root:VALID tp {0: tensor(345496206, device='cuda:0'), 1: tensor(263, device='cuda:0')},fn {0: tensor(363058, device='cuda:0'), 1: tensor(2083, device='cuda:0')},fp {0: tensor(2083, device='cuda:0'), 1: tensor(363058, device='cuda:0')}
INFO:root:VALID measures microavg - precision 0.9989 - recall 0.9989 - f1 0.9989 
INFO:root:VALID measures for class 0 - precision 1.0000 - recall 0.9990 - f1 0.9995 
INFO:root:VALID measures for class 1 - precision 0.0007 - recall 0.1121 - f1 0.0014 
INFO:root:VALID measures@10 microavg - precision 0.5100 - recall 0.0000 - f1 0.0000 
INFO:root:VALID measures@10 for class 0 - precision 1.0000 - recall 0.0000 - f1 0.0000 
INFO:root:VALID measures@10 for class 1 - precision 0.0200 - recall 0.0009 - f1 0.0016 
INFO:root:VALID measures@100 microavg - precision 0.5025 - recall 0.0000 - f1 0.0000 
INFO:root:VALID measures@100 for class 0 - precision 1.0000 - recall 0.0000 - f1 0.0000 
INFO:root:VALID measures@100 for class 1 - precision 0.0050 - recall 0.0021 - f1 0.0030 
INFO:root:VALID measures@1000 microavg - precision 0.5004 - recall 0.0000 - f1 0.0001 
INFO:root:VALID measures@1000 for class 0 - precision 1.0000 - recall 0.0000 - f1 0.0001 
INFO:root:VALID measures@1000 for class 1 - precision 0.0009 - recall 0.0038 - f1 0.0015 
INFO:root:VALID Total epoch time: 198.36709705400426
INFO:root:################ TRAIN epoch 49 ###################
INFO:root:TRAIN mean losses tensor(0.0232, device='cuda:0')
INFO:root:TRAIN mean errors 0.022769078612327576
INFO:root:TRAIN mean MRR 0.0 - mean MAP 0.046150341629981995
INFO:root:TRAIN tp {0: tensor(3844212, device='cuda:0'), 1: tensor(4311, device='cuda:0')},fn {0: tensor(54988, device='cuda:0'), 1: tensor(34681, device='cuda:0')},fp {0: tensor(34681, device='cuda:0'), 1: tensor(54988, device='cuda:0')}
INFO:root:TRAIN measures microavg - precision 0.9772 - recall 0.9772 - f1 0.9772 
INFO:root:TRAIN measures for class 0 - precision 0.9911 - recall 0.9859 - f1 0.9885 
INFO:root:TRAIN measures for class 1 - precision 0.0727 - recall 0.1106 - f1 0.0877 
INFO:root:TRAIN measures@10 microavg - precision 0.5876 - recall 0.0002 - f1 0.0004 
INFO:root:TRAIN measures@10 for class 0 - precision 0.9983 - recall 0.0002 - f1 0.0003 
INFO:root:TRAIN measures@10 for class 1 - precision 0.1756 - recall 0.0027 - f1 0.0053 
INFO:root:TRAIN measures@100 microavg - precision 0.5799 - recall 0.0017 - f1 0.0035 
INFO:root:TRAIN measures@100 for class 0 - precision 0.9960 - recall 0.0015 - f1 0.0031 
INFO:root:TRAIN measures@100 for class 1 - precision 0.1517 - recall 0.0227 - f1 0.0395 
INFO:root:TRAIN measures@1000 microavg - precision 0.6547 - recall 0.0161 - f1 0.0314 
INFO:root:TRAIN measures@1000 for class 0 - precision 0.9946 - recall 0.0153 - f1 0.0301 
INFO:root:TRAIN measures@1000 for class 1 - precision 0.0976 - recall 0.0917 - f1 0.0946 
INFO:root:TRAIN Total epoch time: 8.210283000000345
INFO:root:=> saved epoch checkpoint 'saved_models/EvolveGCN/bitcoinotc-20250514_141926/epoch_50.pkl'
INFO:root:################ VALID epoch 49 ###################
INFO:root:VALID mean losses tensor(0.0047, device='cuda:0')
INFO:root:VALID mean errors 0.000860300671774894
INFO:root:VALID mean MRR 0.07277948409318924 - mean MAP 0.00033938384149223566
INFO:root:VALID tp {0: tensor(345563838, device='cuda:0'), 1: tensor(227, device='cuda:0')},fn {0: tensor(295426, device='cuda:0'), 1: tensor(2119, device='cuda:0')},fp {0: tensor(2119, device='cuda:0'), 1: tensor(295426, device='cuda:0')}
INFO:root:VALID measures microavg - precision 0.9991 - recall 0.9991 - f1 0.9991 
INFO:root:VALID measures for class 0 - precision 1.0000 - recall 0.9991 - f1 0.9996 
INFO:root:VALID measures for class 1 - precision 0.0008 - recall 0.0968 - f1 0.0015 
INFO:root:VALID measures@10 microavg - precision 0.5050 - recall 0.0000 - f1 0.0000 
INFO:root:VALID measures@10 for class 0 - precision 1.0000 - recall 0.0000 - f1 0.0000 
INFO:root:VALID measures@10 for class 1 - precision 0.0100 - recall 0.0004 - f1 0.0008 
INFO:root:VALID measures@100 microavg - precision 0.5005 - recall 0.0000 - f1 0.0000 
INFO:root:VALID measures@100 for class 0 - precision 1.0000 - recall 0.0000 - f1 0.0000 
INFO:root:VALID measures@100 for class 1 - precision 0.0010 - recall 0.0004 - f1 0.0006 
INFO:root:VALID measures@1000 microavg - precision 0.5002 - recall 0.0000 - f1 0.0001 
INFO:root:VALID measures@1000 for class 0 - precision 1.0000 - recall 0.0000 - f1 0.0001 
INFO:root:VALID measures@1000 for class 1 - precision 0.0004 - recall 0.0017 - f1 0.0006 
INFO:root:VALID Total epoch time: 204.21685146800155
INFO:root:################ TRAIN epoch 50 ###################
INFO:root:TRAIN mean losses tensor(0.0232, device='cuda:0')
INFO:root:TRAIN mean errors 0.022940222173929214
INFO:root:TRAIN mean MRR 0.0 - mean MAP 0.04562395066022873
INFO:root:TRAIN tp {0: tensor(3843416, device='cuda:0'), 1: tensor(4433, device='cuda:0')},fn {0: tensor(55784, device='cuda:0'), 1: tensor(34559, device='cuda:0')},fp {0: tensor(34559, device='cuda:0'), 1: tensor(55784, device='cuda:0')}
INFO:root:TRAIN measures microavg - precision 0.9771 - recall 0.9771 - f1 0.9771 
INFO:root:TRAIN measures for class 0 - precision 0.9911 - recall 0.9857 - f1 0.9884 
INFO:root:TRAIN measures for class 1 - precision 0.0736 - recall 0.1137 - f1 0.0894 
INFO:root:TRAIN measures@10 microavg - precision 0.5917 - recall 0.0002 - f1 0.0004 
INFO:root:TRAIN measures@10 for class 0 - precision 0.9950 - recall 0.0002 - f1 0.0003 
INFO:root:TRAIN measures@10 for class 1 - precision 0.1883 - recall 0.0029 - f1 0.0057 
INFO:root:TRAIN measures@100 microavg - precision 0.5823 - recall 0.0017 - f1 0.0035 
INFO:root:TRAIN measures@100 for class 0 - precision 0.9965 - recall 0.0015 - f1 0.0031 
INFO:root:TRAIN measures@100 for class 1 - precision 0.1543 - recall 0.0230 - f1 0.0400 
INFO:root:TRAIN measures@1000 microavg - precision 0.6394 - recall 0.0161 - f1 0.0314 
INFO:root:TRAIN measures@1000 for class 0 - precision 0.9950 - recall 0.0153 - f1 0.0302 
INFO:root:TRAIN measures@1000 for class 1 - precision 0.0925 - recall 0.0925 - f1 0.0925 
INFO:root:TRAIN Total epoch time: 8.155634620001365
INFO:root:=> saved epoch checkpoint 'saved_models/EvolveGCN/bitcoinotc-20250514_141926/epoch_51.pkl'
INFO:root:################ VALID epoch 50 ###################
INFO:root:VALID mean losses tensor(0.0049, device='cuda:0')
INFO:root:VALID mean errors 0.0005714279250241816
INFO:root:VALID mean MRR 0.0749024823307991 - mean MAP 0.0003404201997909695
INFO:root:VALID tp {0: tensor(345663810, device='cuda:0'), 1: tensor(165, device='cuda:0')},fn {0: tensor(195454, device='cuda:0'), 1: tensor(2181, device='cuda:0')},fp {0: tensor(2181, device='cuda:0'), 1: tensor(195454, device='cuda:0')}
INFO:root:VALID measures microavg - precision 0.9994 - recall 0.9994 - f1 0.9994 
INFO:root:VALID measures for class 0 - precision 1.0000 - recall 0.9994 - f1 0.9997 
INFO:root:VALID measures for class 1 - precision 0.0008 - recall 0.0703 - f1 0.0017 
INFO:root:VALID measures@10 microavg - precision 0.5050 - recall 0.0000 - f1 0.0000 
INFO:root:VALID measures@10 for class 0 - precision 1.0000 - recall 0.0000 - f1 0.0000 
INFO:root:VALID measures@10 for class 1 - precision 0.0100 - recall 0.0004 - f1 0.0008 
INFO:root:VALID measures@100 microavg - precision 0.5015 - recall 0.0000 - f1 0.0000 
INFO:root:VALID measures@100 for class 0 - precision 1.0000 - recall 0.0000 - f1 0.0000 
INFO:root:VALID measures@100 for class 1 - precision 0.0030 - recall 0.0013 - f1 0.0018 
INFO:root:VALID measures@1000 microavg - precision 0.5003 - recall 0.0000 - f1 0.0001 
INFO:root:VALID measures@1000 for class 0 - precision 1.0000 - recall 0.0000 - f1 0.0001 
INFO:root:VALID measures@1000 for class 1 - precision 0.0006 - recall 0.0026 - f1 0.0010 
INFO:root:VALID Total epoch time: 202.56241994800075
INFO:root:################ TRAIN epoch 51 ###################
INFO:root:TRAIN mean losses tensor(0.0232, device='cuda:0')
INFO:root:TRAIN mean errors 0.022602504119277
INFO:root:TRAIN mean MRR 0.0 - mean MAP 0.04583786055445671
INFO:root:TRAIN tp {0: tensor(3844840, device='cuda:0'), 1: tensor(4339, device='cuda:0')},fn {0: tensor(54360, device='cuda:0'), 1: tensor(34653, device='cuda:0')},fp {0: tensor(34653, device='cuda:0'), 1: tensor(54360, device='cuda:0')}
INFO:root:TRAIN measures microavg - precision 0.9774 - recall 0.9774 - f1 0.9774 
INFO:root:TRAIN measures for class 0 - precision 0.9911 - recall 0.9861 - f1 0.9886 
INFO:root:TRAIN measures for class 1 - precision 0.0739 - recall 0.1113 - f1 0.0888 
INFO:root:TRAIN measures@10 microavg - precision 0.5775 - recall 0.0002 - f1 0.0004 
INFO:root:TRAIN measures@10 for class 0 - precision 0.9983 - recall 0.0002 - f1 0.0003 
INFO:root:TRAIN measures@10 for class 1 - precision 0.1567 - recall 0.0024 - f1 0.0047 
INFO:root:TRAIN measures@100 microavg - precision 0.5815 - recall 0.0017 - f1 0.0035 
INFO:root:TRAIN measures@100 for class 0 - precision 0.9957 - recall 0.0015 - f1 0.0031 
INFO:root:TRAIN measures@100 for class 1 - precision 0.1516 - recall 0.0225 - f1 0.0391 
INFO:root:TRAIN measures@1000 microavg - precision 0.6514 - recall 0.0161 - f1 0.0313 
INFO:root:TRAIN measures@1000 for class 0 - precision 0.9954 - recall 0.0153 - f1 0.0302 
INFO:root:TRAIN measures@1000 for class 1 - precision 0.0948 - recall 0.0901 - f1 0.0924 
INFO:root:TRAIN Total epoch time: 8.081820824001625
INFO:root:=> saved epoch checkpoint 'saved_models/EvolveGCN/bitcoinotc-20250514_141926/epoch_52.pkl'
INFO:root:################ VALID epoch 51 ###################
INFO:root:VALID mean losses tensor(0.0046, device='cuda:0')
INFO:root:VALID mean errors 0.0007169659365899861
INFO:root:VALID mean MRR 0.0741247609257698 - mean MAP 0.0006587387761101127
INFO:root:VALID tp {0: tensor(345613452, device='cuda:0'), 1: tensor(187, device='cuda:0')},fn {0: tensor(245812, device='cuda:0'), 1: tensor(2159, device='cuda:0')},fp {0: tensor(2159, device='cuda:0'), 1: tensor(245812, device='cuda:0')}
INFO:root:VALID measures microavg - precision 0.9993 - recall 0.9993 - f1 0.9993 
INFO:root:VALID measures for class 0 - precision 1.0000 - recall 0.9993 - f1 0.9996 
INFO:root:VALID measures for class 1 - precision 0.0008 - recall 0.0797 - f1 0.0015 
INFO:root:VALID measures@10 microavg - precision 0.5100 - recall 0.0000 - f1 0.0000 
INFO:root:VALID measures@10 for class 0 - precision 1.0000 - recall 0.0000 - f1 0.0000 
INFO:root:VALID measures@10 for class 1 - precision 0.0200 - recall 0.0009 - f1 0.0016 
INFO:root:VALID measures@100 microavg - precision 0.5020 - recall 0.0000 - f1 0.0000 
INFO:root:VALID measures@100 for class 0 - precision 1.0000 - recall 0.0000 - f1 0.0000 
INFO:root:VALID measures@100 for class 1 - precision 0.0040 - recall 0.0017 - f1 0.0024 
INFO:root:VALID measures@1000 microavg - precision 0.5005 - recall 0.0000 - f1 0.0001 
INFO:root:VALID measures@1000 for class 0 - precision 1.0000 - recall 0.0000 - f1 0.0001 
INFO:root:VALID measures@1000 for class 1 - precision 0.0010 - recall 0.0043 - f1 0.0016 
INFO:root:VALID Total epoch time: 201.636990058003
INFO:root:################ TRAIN epoch 52 ###################
INFO:root:TRAIN mean losses tensor(0.0232, device='cuda:0')
INFO:root:TRAIN mean errors 0.02244938723742962
INFO:root:TRAIN mean MRR 0.0 - mean MAP 0.04671541228890419
INFO:root:TRAIN tp {0: tensor(3845408, device='cuda:0'), 1: tensor(4374, device='cuda:0')},fn {0: tensor(53792, device='cuda:0'), 1: tensor(34618, device='cuda:0')},fp {0: tensor(34618, device='cuda:0'), 1: tensor(53792, device='cuda:0')}
INFO:root:TRAIN measures microavg - precision 0.9776 - recall 0.9776 - f1 0.9776 
INFO:root:TRAIN measures for class 0 - precision 0.9911 - recall 0.9862 - f1 0.9886 
INFO:root:TRAIN measures for class 1 - precision 0.0752 - recall 0.1122 - f1 0.0900 
INFO:root:TRAIN measures@10 microavg - precision 0.5958 - recall 0.0002 - f1 0.0004 
INFO:root:TRAIN measures@10 for class 0 - precision 0.9983 - recall 0.0002 - f1 0.0003 
INFO:root:TRAIN measures@10 for class 1 - precision 0.1933 - recall 0.0030 - f1 0.0059 
INFO:root:TRAIN measures@100 microavg - precision 0.5854 - recall 0.0017 - f1 0.0035 
INFO:root:TRAIN measures@100 for class 0 - precision 0.9968 - recall 0.0015 - f1 0.0031 
INFO:root:TRAIN measures@100 for class 1 - precision 0.1531 - recall 0.0224 - f1 0.0391 
INFO:root:TRAIN measures@1000 microavg - precision 0.6451 - recall 0.0161 - f1 0.0314 
INFO:root:TRAIN measures@1000 for class 0 - precision 0.9958 - recall 0.0153 - f1 0.0302 
INFO:root:TRAIN measures@1000 for class 1 - precision 0.0949 - recall 0.0930 - f1 0.0940 
INFO:root:TRAIN Total epoch time: 8.136150452999573
INFO:root:=> saved epoch checkpoint 'saved_models/EvolveGCN/bitcoinotc-20250514_141926/epoch_53.pkl'
INFO:root:################ VALID epoch 52 ###################
INFO:root:VALID mean losses tensor(0.0048, device='cuda:0')
INFO:root:VALID mean errors 0.000867656257469207
INFO:root:VALID mean MRR 0.06779702752828598 - mean MAP 0.0003475030534900725
INFO:root:VALID tp {0: tensor(345561317, device='cuda:0'), 1: tensor(204, device='cuda:0')},fn {0: tensor(297947, device='cuda:0'), 1: tensor(2142, device='cuda:0')},fp {0: tensor(2142, device='cuda:0'), 1: tensor(297947, device='cuda:0')}
INFO:root:VALID measures microavg - precision 0.9991 - recall 0.9991 - f1 0.9991 
INFO:root:VALID measures for class 0 - precision 1.0000 - recall 0.9991 - f1 0.9996 
INFO:root:VALID measures for class 1 - precision 0.0007 - recall 0.0870 - f1 0.0014 
INFO:root:VALID measures@10 microavg - precision 0.5050 - recall 0.0000 - f1 0.0000 
INFO:root:VALID measures@10 for class 0 - precision 1.0000 - recall 0.0000 - f1 0.0000 
INFO:root:VALID measures@10 for class 1 - precision 0.0100 - recall 0.0004 - f1 0.0008 
INFO:root:VALID measures@100 microavg - precision 0.5005 - recall 0.0000 - f1 0.0000 
INFO:root:VALID measures@100 for class 0 - precision 1.0000 - recall 0.0000 - f1 0.0000 
INFO:root:VALID measures@100 for class 1 - precision 0.0010 - recall 0.0004 - f1 0.0006 
INFO:root:VALID measures@1000 microavg - precision 0.5001 - recall 0.0000 - f1 0.0001 
INFO:root:VALID measures@1000 for class 0 - precision 0.9999 - recall 0.0000 - f1 0.0001 
INFO:root:VALID measures@1000 for class 1 - precision 0.0004 - recall 0.0017 - f1 0.0006 
INFO:root:VALID Total epoch time: 200.77527440799895
INFO:root:################ TRAIN epoch 53 ###################
INFO:root:TRAIN mean losses tensor(0.0232, device='cuda:0')
INFO:root:TRAIN mean errors 0.023292159661650658
INFO:root:TRAIN mean MRR 0.0 - mean MAP 0.0465124249458313
INFO:root:TRAIN tp {0: tensor(3841942, device='cuda:0'), 1: tensor(4521, device='cuda:0')},fn {0: tensor(57258, device='cuda:0'), 1: tensor(34471, device='cuda:0')},fp {0: tensor(34471, device='cuda:0'), 1: tensor(57258, device='cuda:0')}
INFO:root:TRAIN measures microavg - precision 0.9767 - recall 0.9767 - f1 0.9767 
INFO:root:TRAIN measures for class 0 - precision 0.9911 - recall 0.9853 - f1 0.9882 
INFO:root:TRAIN measures for class 1 - precision 0.0732 - recall 0.1159 - f1 0.0897 
INFO:root:TRAIN measures@10 microavg - precision 0.5883 - recall 0.0002 - f1 0.0004 
INFO:root:TRAIN measures@10 for class 0 - precision 0.9933 - recall 0.0002 - f1 0.0003 
INFO:root:TRAIN measures@10 for class 1 - precision 0.1833 - recall 0.0028 - f1 0.0056 
INFO:root:TRAIN measures@100 microavg - precision 0.5837 - recall 0.0018 - f1 0.0035 
INFO:root:TRAIN measures@100 for class 0 - precision 0.9948 - recall 0.0015 - f1 0.0031 
INFO:root:TRAIN measures@100 for class 1 - precision 0.1590 - recall 0.0237 - f1 0.0412 
INFO:root:TRAIN measures@1000 microavg - precision 0.6455 - recall 0.0161 - f1 0.0314 
INFO:root:TRAIN measures@1000 for class 0 - precision 0.9958 - recall 0.0153 - f1 0.0302 
INFO:root:TRAIN measures@1000 for class 1 - precision 0.0954 - recall 0.0935 - f1 0.0944 
INFO:root:TRAIN Total epoch time: 8.224884593000752
INFO:root:=> saved epoch checkpoint 'saved_models/EvolveGCN/bitcoinotc-20250514_141926/epoch_54.pkl'
INFO:root:################ VALID epoch 53 ###################
INFO:root:VALID mean losses tensor(0.0047, device='cuda:0')
INFO:root:VALID mean errors 0.0008724558283574879
INFO:root:VALID mean MRR 0.07262136787176132 - mean MAP 0.0009067499777302146
INFO:root:VALID tp {0: tensor(345559619, device='cuda:0'), 1: tensor(242, device='cuda:0')},fn {0: tensor(299645, device='cuda:0'), 1: tensor(2104, device='cuda:0')},fp {0: tensor(2104, device='cuda:0'), 1: tensor(299645, device='cuda:0')}
INFO:root:VALID measures microavg - precision 0.9991 - recall 0.9991 - f1 0.9991 
INFO:root:VALID measures for class 0 - precision 1.0000 - recall 0.9991 - f1 0.9996 
INFO:root:VALID measures for class 1 - precision 0.0008 - recall 0.1032 - f1 0.0016 
INFO:root:VALID measures@10 microavg - precision 0.5200 - recall 0.0000 - f1 0.0000 
INFO:root:VALID measures@10 for class 0 - precision 1.0000 - recall 0.0000 - f1 0.0000 
INFO:root:VALID measures@10 for class 1 - precision 0.0400 - recall 0.0017 - f1 0.0033 
INFO:root:VALID measures@100 microavg - precision 0.5030 - recall 0.0000 - f1 0.0000 
INFO:root:VALID measures@100 for class 0 - precision 1.0000 - recall 0.0000 - f1 0.0000 
INFO:root:VALID measures@100 for class 1 - precision 0.0060 - recall 0.0026 - f1 0.0036 
INFO:root:VALID measures@1000 microavg - precision 0.5007 - recall 0.0000 - f1 0.0001 
INFO:root:VALID measures@1000 for class 0 - precision 1.0000 - recall 0.0000 - f1 0.0001 
INFO:root:VALID measures@1000 for class 1 - precision 0.0013 - recall 0.0055 - f1 0.0021 
INFO:root:VALID Total epoch time: 203.89945100300247
INFO:root:################ TRAIN epoch 54 ###################
INFO:root:TRAIN mean losses tensor(0.0232, device='cuda:0')
INFO:root:TRAIN mean errors 0.022935651242733
INFO:root:TRAIN mean MRR 0.0 - mean MAP 0.04597879946231842
INFO:root:TRAIN tp {0: tensor(3843536, device='cuda:0'), 1: tensor(4331, device='cuda:0')},fn {0: tensor(55664, device='cuda:0'), 1: tensor(34661, device='cuda:0')},fp {0: tensor(34661, device='cuda:0'), 1: tensor(55664, device='cuda:0')}
INFO:root:TRAIN measures microavg - precision 0.9771 - recall 0.9771 - f1 0.9771 
INFO:root:TRAIN measures for class 0 - precision 0.9911 - recall 0.9857 - f1 0.9884 
INFO:root:TRAIN measures for class 1 - precision 0.0722 - recall 0.1111 - f1 0.0875 
INFO:root:TRAIN measures@10 microavg - precision 0.5708 - recall 0.0002 - f1 0.0003 
INFO:root:TRAIN measures@10 for class 0 - precision 0.9967 - recall 0.0002 - f1 0.0003 
INFO:root:TRAIN measures@10 for class 1 - precision 0.1450 - recall 0.0022 - f1 0.0044 
INFO:root:TRAIN measures@100 microavg - precision 0.5817 - recall 0.0017 - f1 0.0035 
INFO:root:TRAIN measures@100 for class 0 - precision 0.9970 - recall 0.0015 - f1 0.0031 
INFO:root:TRAIN measures@100 for class 1 - precision 0.1532 - recall 0.0229 - f1 0.0398 
INFO:root:TRAIN measures@1000 microavg - precision 0.6493 - recall 0.0161 - f1 0.0314 
INFO:root:TRAIN measures@1000 for class 0 - precision 0.9950 - recall 0.0153 - f1 0.0302 
INFO:root:TRAIN measures@1000 for class 1 - precision 0.0962 - recall 0.0925 - f1 0.0943 
INFO:root:TRAIN Total epoch time: 8.08608211200044
INFO:root:=> saved epoch checkpoint 'saved_models/EvolveGCN/bitcoinotc-20250514_141926/epoch_55.pkl'
INFO:root:################ VALID epoch 54 ###################
INFO:root:VALID mean losses tensor(0.0047, device='cuda:0')
INFO:root:VALID mean errors 0.0007927129627205431
INFO:root:VALID mean MRR 0.07246274501085281 - mean MAP 0.00107853882946074
INFO:root:VALID tp {0: tensor(345587222, device='cuda:0'), 1: tensor(219, device='cuda:0')},fn {0: tensor(272042, device='cuda:0'), 1: tensor(2127, device='cuda:0')},fp {0: tensor(2127, device='cuda:0'), 1: tensor(272042, device='cuda:0')}
INFO:root:VALID measures microavg - precision 0.9992 - recall 0.9992 - f1 0.9992 
INFO:root:VALID measures for class 0 - precision 1.0000 - recall 0.9992 - f1 0.9996 
INFO:root:VALID measures for class 1 - precision 0.0008 - recall 0.0934 - f1 0.0016 
INFO:root:VALID measures@10 microavg - precision 0.5100 - recall 0.0000 - f1 0.0000 
INFO:root:VALID measures@10 for class 0 - precision 1.0000 - recall 0.0000 - f1 0.0000 
INFO:root:VALID measures@10 for class 1 - precision 0.0200 - recall 0.0009 - f1 0.0016 
INFO:root:VALID measures@100 microavg - precision 0.5020 - recall 0.0000 - f1 0.0000 
INFO:root:VALID measures@100 for class 0 - precision 1.0000 - recall 0.0000 - f1 0.0000 
INFO:root:VALID measures@100 for class 1 - precision 0.0040 - recall 0.0017 - f1 0.0024 
INFO:root:VALID measures@1000 microavg - precision 0.5003 - recall 0.0000 - f1 0.0001 
INFO:root:VALID measures@1000 for class 0 - precision 1.0000 - recall 0.0000 - f1 0.0001 
INFO:root:VALID measures@1000 for class 1 - precision 0.0007 - recall 0.0030 - f1 0.0011 
INFO:root:VALID Total epoch time: 202.46341257399763
INFO:root:################ TRAIN epoch 55 ###################
INFO:root:TRAIN mean losses tensor(0.0232, device='cuda:0')
INFO:root:TRAIN mean errors 0.023031380027532578
INFO:root:TRAIN mean MRR 0.0 - mean MAP 0.04679479822516441
INFO:root:TRAIN tp {0: tensor(3843004, device='cuda:0'), 1: tensor(4486, device='cuda:0')},fn {0: tensor(56196, device='cuda:0'), 1: tensor(34506, device='cuda:0')},fp {0: tensor(34506, device='cuda:0'), 1: tensor(56196, device='cuda:0')}
INFO:root:TRAIN measures microavg - precision 0.9770 - recall 0.9770 - f1 0.9770 
INFO:root:TRAIN measures for class 0 - precision 0.9911 - recall 0.9856 - f1 0.9883 
INFO:root:TRAIN measures for class 1 - precision 0.0739 - recall 0.1150 - f1 0.0900 
INFO:root:TRAIN measures@10 microavg - precision 0.5736 - recall 0.0002 - f1 0.0003 
INFO:root:TRAIN measures@10 for class 0 - precision 0.9917 - recall 0.0002 - f1 0.0003 
INFO:root:TRAIN measures@10 for class 1 - precision 0.1527 - recall 0.0023 - f1 0.0046 
INFO:root:TRAIN measures@100 microavg - precision 0.5860 - recall 0.0018 - f1 0.0035 
INFO:root:TRAIN measures@100 for class 0 - precision 0.9933 - recall 0.0015 - f1 0.0031 
INFO:root:TRAIN measures@100 for class 1 - precision 0.1674 - recall 0.0251 - f1 0.0436 
INFO:root:TRAIN measures@1000 microavg - precision 0.6476 - recall 0.0161 - f1 0.0314 
INFO:root:TRAIN measures@1000 for class 0 - precision 0.9949 - recall 0.0153 - f1 0.0302 
INFO:root:TRAIN measures@1000 for class 1 - precision 0.0968 - recall 0.0939 - f1 0.0953 
INFO:root:TRAIN Total epoch time: 8.08405346499785
INFO:root:=> saved epoch checkpoint 'saved_models/EvolveGCN/bitcoinotc-20250514_141926/epoch_56.pkl'
INFO:root:################ VALID epoch 55 ###################
INFO:root:VALID mean losses tensor(0.0047, device='cuda:0')
INFO:root:VALID mean errors 0.0007835011929273605
INFO:root:VALID mean MRR 0.07445255666971207 - mean MAP 0.0014430384617298841
INFO:root:VALID tp {0: tensor(345590413, device='cuda:0'), 1: tensor(214, device='cuda:0')},fn {0: tensor(268851, device='cuda:0'), 1: tensor(2132, device='cuda:0')},fp {0: tensor(2132, device='cuda:0'), 1: tensor(268851, device='cuda:0')}
INFO:root:VALID measures microavg - precision 0.9992 - recall 0.9992 - f1 0.9992 
INFO:root:VALID measures for class 0 - precision 1.0000 - recall 0.9992 - f1 0.9996 
INFO:root:VALID measures for class 1 - precision 0.0008 - recall 0.0912 - f1 0.0016 
INFO:root:VALID measures@10 microavg - precision 0.5200 - recall 0.0000 - f1 0.0000 
INFO:root:VALID measures@10 for class 0 - precision 1.0000 - recall 0.0000 - f1 0.0000 
INFO:root:VALID measures@10 for class 1 - precision 0.0400 - recall 0.0017 - f1 0.0033 
INFO:root:VALID measures@100 microavg - precision 0.5043 - recall 0.0000 - f1 0.0000 
INFO:root:VALID measures@100 for class 0 - precision 1.0000 - recall 0.0000 - f1 0.0000 
INFO:root:VALID measures@100 for class 1 - precision 0.0040 - recall 0.0017 - f1 0.0024 
INFO:root:VALID measures@1000 microavg - precision 0.5238 - recall 0.0000 - f1 0.0001 
INFO:root:VALID measures@1000 for class 0 - precision 1.0000 - recall 0.0000 - f1 0.0001 
INFO:root:VALID measures@1000 for class 1 - precision 0.0008 - recall 0.0030 - f1 0.0012 
INFO:root:VALID Total epoch time: 200.29763698899478
INFO:root:################ TRAIN epoch 56 ###################
INFO:root:TRAIN mean losses tensor(0.0232, device='cuda:0')
INFO:root:TRAIN mean errors 0.023653747513890266
INFO:root:TRAIN mean MRR 0.0 - mean MAP 0.04585105553269386
INFO:root:TRAIN tp {0: tensor(3840416, device='cuda:0'), 1: tensor(4623, device='cuda:0')},fn {0: tensor(58784, device='cuda:0'), 1: tensor(34369, device='cuda:0')},fp {0: tensor(34369, device='cuda:0'), 1: tensor(58784, device='cuda:0')}
INFO:root:TRAIN measures microavg - precision 0.9763 - recall 0.9763 - f1 0.9763 
INFO:root:TRAIN measures for class 0 - precision 0.9911 - recall 0.9849 - f1 0.9880 
INFO:root:TRAIN measures for class 1 - precision 0.0729 - recall 0.1186 - f1 0.0903 
INFO:root:TRAIN measures@10 microavg - precision 0.5717 - recall 0.0002 - f1 0.0003 
INFO:root:TRAIN measures@10 for class 0 - precision 0.9967 - recall 0.0002 - f1 0.0003 
INFO:root:TRAIN measures@10 for class 1 - precision 0.1467 - recall 0.0023 - f1 0.0044 
INFO:root:TRAIN measures@100 microavg - precision 0.5808 - recall 0.0017 - f1 0.0035 
INFO:root:TRAIN measures@100 for class 0 - precision 0.9957 - recall 0.0015 - f1 0.0031 
INFO:root:TRAIN measures@100 for class 1 - precision 0.1539 - recall 0.0230 - f1 0.0400 
INFO:root:TRAIN measures@1000 microavg - precision 0.6399 - recall 0.0161 - f1 0.0314 
INFO:root:TRAIN measures@1000 for class 0 - precision 0.9953 - recall 0.0153 - f1 0.0302 
INFO:root:TRAIN measures@1000 for class 1 - precision 0.0946 - recall 0.0949 - f1 0.0948 
INFO:root:TRAIN Total epoch time: 8.098141481001221
INFO:root:=> saved epoch checkpoint 'saved_models/EvolveGCN/bitcoinotc-20250514_141926/epoch_57.pkl'
INFO:root:################ VALID epoch 56 ###################
INFO:root:VALID mean losses tensor(0.0045, device='cuda:0')
INFO:root:VALID mean errors 0.0007636492955498397
INFO:root:VALID mean MRR 0.07095568627119064 - mean MAP 0.0015563205815851688
INFO:root:VALID tp {0: tensor(345597270, device='cuda:0'), 1: tensor(223, device='cuda:0')},fn {0: tensor(261994, device='cuda:0'), 1: tensor(2123, device='cuda:0')},fp {0: tensor(2123, device='cuda:0'), 1: tensor(261994, device='cuda:0')}
INFO:root:VALID measures microavg - precision 0.9992 - recall 0.9992 - f1 0.9992 
INFO:root:VALID measures for class 0 - precision 1.0000 - recall 0.9992 - f1 0.9996 
INFO:root:VALID measures for class 1 - precision 0.0009 - recall 0.0951 - f1 0.0017 
INFO:root:VALID measures@10 microavg - precision 0.5200 - recall 0.0000 - f1 0.0000 
INFO:root:VALID measures@10 for class 0 - precision 1.0000 - recall 0.0000 - f1 0.0000 
INFO:root:VALID measures@10 for class 1 - precision 0.0400 - recall 0.0017 - f1 0.0033 
INFO:root:VALID measures@100 microavg - precision 0.5040 - recall 0.0000 - f1 0.0000 
INFO:root:VALID measures@100 for class 0 - precision 1.0000 - recall 0.0000 - f1 0.0000 
INFO:root:VALID measures@100 for class 1 - precision 0.0080 - recall 0.0034 - f1 0.0048 
INFO:root:VALID measures@1000 microavg - precision 0.5006 - recall 0.0000 - f1 0.0001 
INFO:root:VALID measures@1000 for class 0 - precision 1.0000 - recall 0.0000 - f1 0.0001 
INFO:root:VALID measures@1000 for class 1 - precision 0.0011 - recall 0.0047 - f1 0.0018 
INFO:root:VALID Total epoch time: 203.27776530599658
INFO:root:################ TRAIN epoch 57 ###################
INFO:root:TRAIN mean losses tensor(0.0232, device='cuda:0')
INFO:root:TRAIN mean errors 0.022732513025403023
INFO:root:TRAIN mean MRR 0.0 - mean MAP 0.04683154076337814
INFO:root:TRAIN tp {0: tensor(3844367, device='cuda:0'), 1: tensor(4300, device='cuda:0')},fn {0: tensor(54833, device='cuda:0'), 1: tensor(34692, device='cuda:0')},fp {0: tensor(34692, device='cuda:0'), 1: tensor(54833, device='cuda:0')}
INFO:root:TRAIN measures microavg - precision 0.9773 - recall 0.9773 - f1 0.9773 
INFO:root:TRAIN measures for class 0 - precision 0.9911 - recall 0.9859 - f1 0.9885 
INFO:root:TRAIN measures for class 1 - precision 0.0727 - recall 0.1103 - f1 0.0876 
INFO:root:TRAIN measures@10 microavg - precision 0.5950 - recall 0.0002 - f1 0.0004 
INFO:root:TRAIN measures@10 for class 0 - precision 0.9933 - recall 0.0002 - f1 0.0003 
INFO:root:TRAIN measures@10 for class 1 - precision 0.1967 - recall 0.0030 - f1 0.0060 
INFO:root:TRAIN measures@100 microavg - precision 0.5824 - recall 0.0018 - f1 0.0035 
INFO:root:TRAIN measures@100 for class 0 - precision 0.9952 - recall 0.0015 - f1 0.0031 
INFO:root:TRAIN measures@100 for class 1 - precision 0.1596 - recall 0.0240 - f1 0.0417 
INFO:root:TRAIN measures@1000 microavg - precision 0.6504 - recall 0.0161 - f1 0.0314 
INFO:root:TRAIN measures@1000 for class 0 - precision 0.9952 - recall 0.0153 - f1 0.0302 
INFO:root:TRAIN measures@1000 for class 1 - precision 0.0967 - recall 0.0926 - f1 0.0946 
INFO:root:TRAIN Total epoch time: 8.112444553000387
INFO:root:=> saved epoch checkpoint 'saved_models/EvolveGCN/bitcoinotc-20250514_141926/epoch_58.pkl'
INFO:root:################ VALID epoch 57 ###################
INFO:root:VALID mean losses tensor(0.0047, device='cuda:0')
INFO:root:VALID mean errors 0.0007561434176750481
INFO:root:VALID mean MRR 0.07986083626747131 - mean MAP 0.0006885280017741024
INFO:root:VALID tp {0: tensor(345599896, device='cuda:0'), 1: tensor(193, device='cuda:0')},fn {0: tensor(259368, device='cuda:0'), 1: tensor(2153, device='cuda:0')},fp {0: tensor(2153, device='cuda:0'), 1: tensor(259368, device='cuda:0')}
INFO:root:VALID measures microavg - precision 0.9992 - recall 0.9992 - f1 0.9992 
INFO:root:VALID measures for class 0 - precision 1.0000 - recall 0.9993 - f1 0.9996 
INFO:root:VALID measures for class 1 - precision 0.0007 - recall 0.0823 - f1 0.0015 
INFO:root:VALID measures@10 microavg - precision 0.5150 - recall 0.0000 - f1 0.0000 
INFO:root:VALID measures@10 for class 0 - precision 1.0000 - recall 0.0000 - f1 0.0000 
INFO:root:VALID measures@10 for class 1 - precision 0.0300 - recall 0.0013 - f1 0.0025 
INFO:root:VALID measures@100 microavg - precision 0.5020 - recall 0.0000 - f1 0.0000 
INFO:root:VALID measures@100 for class 0 - precision 1.0000 - recall 0.0000 - f1 0.0000 
INFO:root:VALID measures@100 for class 1 - precision 0.0040 - recall 0.0017 - f1 0.0024 
INFO:root:VALID measures@1000 microavg - precision 0.5006 - recall 0.0000 - f1 0.0001 
INFO:root:VALID measures@1000 for class 0 - precision 1.0000 - recall 0.0000 - f1 0.0001 
INFO:root:VALID measures@1000 for class 1 - precision 0.0011 - recall 0.0047 - f1 0.0018 
INFO:root:VALID Total epoch time: 202.2368487040003
INFO:root:################ TRAIN epoch 58 ###################
INFO:root:TRAIN mean losses tensor(0.0232, device='cuda:0')
INFO:root:TRAIN mean errors 0.02325000986456871
INFO:root:TRAIN mean MRR 0.0 - mean MAP 0.046605803072452545
INFO:root:TRAIN tp {0: tensor(3842015, device='cuda:0'), 1: tensor(4614, device='cuda:0')},fn {0: tensor(57185, device='cuda:0'), 1: tensor(34378, device='cuda:0')},fp {0: tensor(34378, device='cuda:0'), 1: tensor(57185, device='cuda:0')}
INFO:root:TRAIN measures microavg - precision 0.9767 - recall 0.9767 - f1 0.9767 
INFO:root:TRAIN measures for class 0 - precision 0.9911 - recall 0.9853 - f1 0.9882 
INFO:root:TRAIN measures for class 1 - precision 0.0747 - recall 0.1183 - f1 0.0916 
INFO:root:TRAIN measures@10 microavg - precision 0.5906 - recall 0.0002 - f1 0.0004 
INFO:root:TRAIN measures@10 for class 0 - precision 0.9983 - recall 0.0002 - f1 0.0003 
INFO:root:TRAIN measures@10 for class 1 - precision 0.1809 - recall 0.0028 - f1 0.0055 
INFO:root:TRAIN measures@100 microavg - precision 0.5827 - recall 0.0017 - f1 0.0035 
INFO:root:TRAIN measures@100 for class 0 - precision 0.9943 - recall 0.0015 - f1 0.0031 
INFO:root:TRAIN measures@100 for class 1 - precision 0.1574 - recall 0.0234 - f1 0.0408 
INFO:root:TRAIN measures@1000 microavg - precision 0.6458 - recall 0.0161 - f1 0.0314 
INFO:root:TRAIN measures@1000 for class 0 - precision 0.9953 - recall 0.0153 - f1 0.0302 
INFO:root:TRAIN measures@1000 for class 1 - precision 0.0960 - recall 0.0939 - f1 0.0949 
INFO:root:TRAIN Total epoch time: 8.086640515000909
INFO:root:=> saved epoch checkpoint 'saved_models/EvolveGCN/bitcoinotc-20250514_141926/epoch_59.pkl'
INFO:root:################ VALID epoch 58 ###################
INFO:root:VALID mean losses tensor(0.0047, device='cuda:0')
INFO:root:VALID mean errors 0.000750774226617068
INFO:root:VALID mean MRR 0.07172603160142899 - mean MAP 0.001496543176472187
INFO:root:VALID tp {0: tensor(345601718, device='cuda:0'), 1: tensor(228, device='cuda:0')},fn {0: tensor(257546, device='cuda:0'), 1: tensor(2118, device='cuda:0')},fp {0: tensor(2118, device='cuda:0'), 1: tensor(257546, device='cuda:0')}
INFO:root:VALID measures microavg - precision 0.9992 - recall 0.9992 - f1 0.9992 
INFO:root:VALID measures for class 0 - precision 1.0000 - recall 0.9993 - f1 0.9996 
INFO:root:VALID measures for class 1 - precision 0.0009 - recall 0.0972 - f1 0.0018 
INFO:root:VALID measures@10 microavg - precision 0.5300 - recall 0.0000 - f1 0.0000 
INFO:root:VALID measures@10 for class 0 - precision 1.0000 - recall 0.0000 - f1 0.0000 
INFO:root:VALID measures@10 for class 1 - precision 0.0600 - recall 0.0026 - f1 0.0049 
INFO:root:VALID measures@100 microavg - precision 0.5030 - recall 0.0000 - f1 0.0000 
INFO:root:VALID measures@100 for class 0 - precision 1.0000 - recall 0.0000 - f1 0.0000 
INFO:root:VALID measures@100 for class 1 - precision 0.0060 - recall 0.0026 - f1 0.0036 
INFO:root:VALID measures@1000 microavg - precision 0.5004 - recall 0.0000 - f1 0.0001 
INFO:root:VALID measures@1000 for class 0 - precision 1.0000 - recall 0.0000 - f1 0.0001 
INFO:root:VALID measures@1000 for class 1 - precision 0.0008 - recall 0.0034 - f1 0.0013 
INFO:root:VALID Total epoch time: 201.10125834400242
INFO:root:################ TRAIN epoch 59 ###################
INFO:root:TRAIN mean losses tensor(0.0231, device='cuda:0')
INFO:root:TRAIN mean errors 0.023218777030706406
INFO:root:TRAIN mean MRR 0.0 - mean MAP 0.04646824300289154
INFO:root:TRAIN tp {0: tensor(3842152, device='cuda:0'), 1: tensor(4600, device='cuda:0')},fn {0: tensor(57048, device='cuda:0'), 1: tensor(34392, device='cuda:0')},fp {0: tensor(34392, device='cuda:0'), 1: tensor(57048, device='cuda:0')}
INFO:root:TRAIN measures microavg - precision 0.9768 - recall 0.9768 - f1 0.9768 
INFO:root:TRAIN measures for class 0 - precision 0.9911 - recall 0.9854 - f1 0.9882 
INFO:root:TRAIN measures for class 1 - precision 0.0746 - recall 0.1180 - f1 0.0914 
INFO:root:TRAIN measures@10 microavg - precision 0.5825 - recall 0.0002 - f1 0.0004 
INFO:root:TRAIN measures@10 for class 0 - precision 0.9933 - recall 0.0002 - f1 0.0003 
INFO:root:TRAIN measures@10 for class 1 - precision 0.1717 - recall 0.0026 - f1 0.0052 
INFO:root:TRAIN measures@100 microavg - precision 0.5791 - recall 0.0017 - f1 0.0035 
INFO:root:TRAIN measures@100 for class 0 - precision 0.9958 - recall 0.0015 - f1 0.0031 
INFO:root:TRAIN measures@100 for class 1 - precision 0.1491 - recall 0.0222 - f1 0.0387 
INFO:root:TRAIN measures@1000 microavg - precision 0.6397 - recall 0.0161 - f1 0.0315 
INFO:root:TRAIN measures@1000 for class 0 - precision 0.9954 - recall 0.0153 - f1 0.0302 
INFO:root:TRAIN measures@1000 for class 1 - precision 0.0960 - recall 0.0966 - f1 0.0963 
INFO:root:TRAIN Total epoch time: 8.035670797995408
INFO:root:=> saved epoch checkpoint 'saved_models/EvolveGCN/bitcoinotc-20250514_141926/epoch_60.pkl'
INFO:root:################ VALID epoch 59 ###################
INFO:root:VALID mean losses tensor(0.0048, device='cuda:0')
INFO:root:VALID mean errors 0.0006346266018226743
INFO:root:VALID mean MRR 0.07897071540355682 - mean MAP 0.000861500040628016
INFO:root:VALID tp {0: tensor(345641922, device='cuda:0'), 1: tensor(195, device='cuda:0')},fn {0: tensor(217342, device='cuda:0'), 1: tensor(2151, device='cuda:0')},fp {0: tensor(2151, device='cuda:0'), 1: tensor(217342, device='cuda:0')}
INFO:root:VALID measures microavg - precision 0.9994 - recall 0.9994 - f1 0.9994 
INFO:root:VALID measures for class 0 - precision 1.0000 - recall 0.9994 - f1 0.9997 
INFO:root:VALID measures for class 1 - precision 0.0009 - recall 0.0831 - f1 0.0018 
INFO:root:VALID measures@10 microavg - precision 0.5127 - recall 0.0000 - f1 0.0000 
INFO:root:VALID measures@10 for class 0 - precision 1.0000 - recall 0.0000 - f1 0.0000 
INFO:root:VALID measures@10 for class 1 - precision 0.0103 - recall 0.0004 - f1 0.0008 
INFO:root:VALID measures@100 microavg - precision 0.5251 - recall 0.0000 - f1 0.0000 
INFO:root:VALID measures@100 for class 0 - precision 1.0000 - recall 0.0000 - f1 0.0000 
INFO:root:VALID measures@100 for class 1 - precision 0.0033 - recall 0.0013 - f1 0.0018 
INFO:root:VALID measures@1000 microavg - precision 0.5264 - recall 0.0000 - f1 0.0001 
INFO:root:VALID measures@1000 for class 0 - precision 1.0000 - recall 0.0000 - f1 0.0001 
INFO:root:VALID measures@1000 for class 1 - precision 0.0008 - recall 0.0030 - f1 0.0012 
INFO:root:VALID Total epoch time: 200.48832630200195
INFO:root:################ TRAIN epoch 60 ###################
INFO:root:TRAIN mean losses tensor(0.0232, device='cuda:0')
INFO:root:TRAIN mean errors 0.02285642735660076
INFO:root:TRAIN mean MRR 0.0 - mean MAP 0.04673302546143532
INFO:root:TRAIN tp {0: tensor(3843686, device='cuda:0'), 1: tensor(4493, device='cuda:0')},fn {0: tensor(55514, device='cuda:0'), 1: tensor(34499, device='cuda:0')},fp {0: tensor(34499, device='cuda:0'), 1: tensor(55514, device='cuda:0')}
INFO:root:TRAIN measures microavg - precision 0.9771 - recall 0.9771 - f1 0.9771 
INFO:root:TRAIN measures for class 0 - precision 0.9911 - recall 0.9858 - f1 0.9884 
INFO:root:TRAIN measures for class 1 - precision 0.0749 - recall 0.1152 - f1 0.0908 
INFO:root:TRAIN measures@10 microavg - precision 0.5950 - recall 0.0002 - f1 0.0004 
INFO:root:TRAIN measures@10 for class 0 - precision 0.9967 - recall 0.0002 - f1 0.0003 
INFO:root:TRAIN measures@10 for class 1 - precision 0.1864 - recall 0.0028 - f1 0.0056 
INFO:root:TRAIN measures@100 microavg - precision 0.5873 - recall 0.0018 - f1 0.0035 
INFO:root:TRAIN measures@100 for class 0 - precision 0.9963 - recall 0.0015 - f1 0.0031 
INFO:root:TRAIN measures@100 for class 1 - precision 0.1640 - recall 0.0244 - f1 0.0425 
INFO:root:TRAIN measures@1000 microavg - precision 0.6449 - recall 0.0161 - f1 0.0314 
INFO:root:TRAIN measures@1000 for class 0 - precision 0.9952 - recall 0.0153 - f1 0.0302 
INFO:root:TRAIN measures@1000 for class 1 - precision 0.0959 - recall 0.0942 - f1 0.0951 
INFO:root:TRAIN Total epoch time: 8.152557958004763
INFO:root:=> saved epoch checkpoint 'saved_models/EvolveGCN/bitcoinotc-20250514_141926/epoch_61.pkl'
INFO:root:################ VALID epoch 60 ###################
INFO:root:VALID mean losses tensor(0.0048, device='cuda:0')
INFO:root:VALID mean errors 0.0006946795620024204
INFO:root:VALID mean MRR 0.07260618358850479 - mean MAP 0.0009716568165458739
INFO:root:VALID tp {0: tensor(345621144, device='cuda:0'), 1: tensor(203, device='cuda:0')},fn {0: tensor(238120, device='cuda:0'), 1: tensor(2143, device='cuda:0')},fp {0: tensor(2143, device='cuda:0'), 1: tensor(238120, device='cuda:0')}
INFO:root:VALID measures microavg - precision 0.9993 - recall 0.9993 - f1 0.9993 
INFO:root:VALID measures for class 0 - precision 1.0000 - recall 0.9993 - f1 0.9997 
INFO:root:VALID measures for class 1 - precision 0.0009 - recall 0.0865 - f1 0.0017 
INFO:root:VALID measures@10 microavg - precision 0.5100 - recall 0.0000 - f1 0.0000 
INFO:root:VALID measures@10 for class 0 - precision 1.0000 - recall 0.0000 - f1 0.0000 
INFO:root:VALID measures@10 for class 1 - precision 0.0200 - recall 0.0009 - f1 0.0016 
INFO:root:VALID measures@100 microavg - precision 0.5010 - recall 0.0000 - f1 0.0000 
INFO:root:VALID measures@100 for class 0 - precision 1.0000 - recall 0.0000 - f1 0.0000 
INFO:root:VALID measures@100 for class 1 - precision 0.0020 - recall 0.0009 - f1 0.0012 
INFO:root:VALID measures@1000 microavg - precision 0.5002 - recall 0.0000 - f1 0.0001 
INFO:root:VALID measures@1000 for class 0 - precision 1.0000 - recall 0.0000 - f1 0.0001 
INFO:root:VALID measures@1000 for class 1 - precision 0.0004 - recall 0.0017 - f1 0.0006 
INFO:root:VALID Total epoch time: 202.67326713499642
INFO:root:################ TRAIN epoch 61 ###################
INFO:root:TRAIN mean losses tensor(0.0231, device='cuda:0')
INFO:root:TRAIN mean errors 0.023001672700047493
INFO:root:TRAIN mean MRR 0.0 - mean MAP 0.047988634556531906
INFO:root:TRAIN tp {0: tensor(3843044, device='cuda:0'), 1: tensor(4563, device='cuda:0')},fn {0: tensor(56156, device='cuda:0'), 1: tensor(34429, device='cuda:0')},fp {0: tensor(34429, device='cuda:0'), 1: tensor(56156, device='cuda:0')}
INFO:root:TRAIN measures microavg - precision 0.9770 - recall 0.9770 - f1 0.9770 
INFO:root:TRAIN measures for class 0 - precision 0.9911 - recall 0.9856 - f1 0.9884 
INFO:root:TRAIN measures for class 1 - precision 0.0751 - recall 0.1170 - f1 0.0915 
INFO:root:TRAIN measures@10 microavg - precision 0.6025 - recall 0.0002 - f1 0.0004 
INFO:root:TRAIN measures@10 for class 0 - precision 1.0000 - recall 0.0002 - f1 0.0003 
INFO:root:TRAIN measures@10 for class 1 - precision 0.2050 - recall 0.0032 - f1 0.0062 
INFO:root:TRAIN measures@100 microavg - precision 0.5847 - recall 0.0018 - f1 0.0035 
INFO:root:TRAIN measures@100 for class 0 - precision 0.9937 - recall 0.0015 - f1 0.0031 
INFO:root:TRAIN measures@100 for class 1 - precision 0.1689 - recall 0.0256 - f1 0.0444 
INFO:root:TRAIN measures@1000 microavg - precision 0.6441 - recall 0.0161 - f1 0.0314 
INFO:root:TRAIN measures@1000 for class 0 - precision 0.9953 - recall 0.0153 - f1 0.0302 
INFO:root:TRAIN measures@1000 for class 1 - precision 0.0967 - recall 0.0954 - f1 0.0960 
INFO:root:TRAIN Total epoch time: 8.100885275998735
INFO:root:=> saved epoch checkpoint 'saved_models/EvolveGCN/bitcoinotc-20250514_141926/epoch_62.pkl'
INFO:root:################ VALID epoch 61 ###################
INFO:root:VALID mean losses tensor(0.0047, device='cuda:0')
INFO:root:VALID mean errors 0.0007472930592484772
INFO:root:VALID mean MRR 0.0722828283905983 - mean MAP 0.0009933486580848694
INFO:root:VALID tp {0: tensor(345602945, device='cuda:0'), 1: tensor(205, device='cuda:0')},fn {0: tensor(256319, device='cuda:0'), 1: tensor(2141, device='cuda:0')},fp {0: tensor(2141, device='cuda:0'), 1: tensor(256319, device='cuda:0')}
INFO:root:VALID measures microavg - precision 0.9993 - recall 0.9993 - f1 0.9993 
INFO:root:VALID measures for class 0 - precision 1.0000 - recall 0.9993 - f1 0.9996 
INFO:root:VALID measures for class 1 - precision 0.0008 - recall 0.0874 - f1 0.0016 
INFO:root:VALID measures@10 microavg - precision 0.5150 - recall 0.0000 - f1 0.0000 
INFO:root:VALID measures@10 for class 0 - precision 1.0000 - recall 0.0000 - f1 0.0000 
INFO:root:VALID measures@10 for class 1 - precision 0.0300 - recall 0.0013 - f1 0.0025 
INFO:root:VALID measures@100 microavg - precision 0.5020 - recall 0.0000 - f1 0.0000 
INFO:root:VALID measures@100 for class 0 - precision 1.0000 - recall 0.0000 - f1 0.0000 
INFO:root:VALID measures@100 for class 1 - precision 0.0040 - recall 0.0017 - f1 0.0024 
INFO:root:VALID measures@1000 microavg - precision 0.5003 - recall 0.0000 - f1 0.0001 
INFO:root:VALID measures@1000 for class 0 - precision 1.0000 - recall 0.0000 - f1 0.0001 
INFO:root:VALID measures@1000 for class 1 - precision 0.0006 - recall 0.0026 - f1 0.0010 
INFO:root:VALID Total epoch time: 201.3168302510021
