INFO:root:*** PARAMETERS ***
INFO:root:{'adj_mat_time_window': 1,
 'bitcoin_args': <utils.Namespace object at 0x7fe75fb71048>,
 'bitcoinotc_args': {'aggr_time': 1644424,
                     'edges_file': 'soc-sign-bitcoinotc.csv',
                     'feats_per_node': 3,
                     'folder': './data/'},
 'class_weights': [0.05, 0.95],
 'comments': ['comments'],
 'data': 'bitcoinotc',
 'data_loading_params': {'batch_size': 1, 'num_workers': 8},
 'dev_proportion': 0.1,
 'device': 'cuda',
 'early_stop_patience': 50,
 'eval_after_epochs': 5,
 'gcn_parameters': {'cls_feats': 400,
                    'cls_feats_max': 500,
                    'cls_feats_min': 51,
                    'feats_per_node': 100,
                    'feats_per_node_max': 256,
                    'feats_per_node_min': 50,
                    'k_top_grcu': 200,
                    'layer_1_feats': 33,
                    'layer_1_feats_max': 200,
                    'layer_1_feats_min': 21,
                    'layer_2_feats': 33,
                    'layer_2_feats_same_as_l1': True,
                    'lstm_l1_feats': 107,
                    'lstm_l1_feats_max': 200,
                    'lstm_l1_feats_min': 20,
                    'lstm_l1_layers': 1,
                    'lstm_l2_feats': 107,
                    'lstm_l2_feats_same_as_l1': True,
                    'lstm_l2_layers': 1,
                    'num_layers': 2},
 'learning_rate': 0.005,
 'learning_rate_max': 0.05,
 'learning_rate_min': 0.005,
 'model': 'egcn_h',
 'negative_mult_test': 100,
 'negative_mult_training': 100,
 'num_epochs': 500,
 'num_hist_steps': 10,
 'num_hist_steps_max': 10,
 'num_hist_steps_min': 3,
 'rank': 0,
 'save_node_embeddings': False,
 'seed': 1234,
 'smart_neg_sampling': True,
 'steps_accum_gradients': 1,
 'target_class': 1,
 'target_measure': 'MAP',
 'task': 'link_pred',
 'train_proportion': 0.7,
 'use_1_hot_node_feats': True,
 'use_2_hot_node_feats': False,
 'use_cuda': True,
 'use_logfile': True,
 'wsize': 1}
INFO:root:
INFO:root:################ TRAIN epoch 0 ###################
INFO:root:TRAIN mean losses tensor(0.0253, device='cuda:0')
INFO:root:TRAIN mean errors 0.05966849997639656
INFO:root:TRAIN mean MRR 0.0 - mean MAP 0.030340978875756264
INFO:root:TRAIN tp {0: tensor(3700308, device='cuda:0'), 1: tensor(2898, device='cuda:0')},fn {0: tensor(198892, device='cuda:0'), 1: tensor(36094, device='cuda:0')},fp {0: tensor(36094, device='cuda:0'), 1: tensor(198892, device='cuda:0')}
INFO:root:TRAIN measures microavg - precision 0.9403 - recall 0.9403 - f1 0.9403 
INFO:root:TRAIN measures for class 0 - precision 0.9903 - recall 0.9490 - f1 0.9692 
INFO:root:TRAIN measures for class 1 - precision 0.0144 - recall 0.0743 - f1 0.0241 
INFO:root:TRAIN measures@10 microavg - precision 0.7747 - recall 0.0002 - f1 0.0003 
INFO:root:TRAIN measures@10 for class 0 - precision 0.9966 - recall 0.0002 - f1 0.0003 
INFO:root:TRAIN measures@10 for class 1 - precision 0.1200 - recall 0.0006 - f1 0.0012 
INFO:root:TRAIN measures@100 microavg - precision 0.7670 - recall 0.0015 - f1 0.0031 
INFO:root:TRAIN measures@100 for class 0 - precision 0.9947 - recall 0.0015 - f1 0.0030 
INFO:root:TRAIN measures@100 for class 1 - precision 0.0770 - recall 0.0038 - f1 0.0073 
INFO:root:TRAIN measures@1000 microavg - precision 0.8336 - recall 0.0151 - f1 0.0297 
INFO:root:TRAIN measures@1000 for class 0 - precision 0.9944 - recall 0.0150 - f1 0.0296 
INFO:root:TRAIN measures@1000 for class 1 - precision 0.0685 - recall 0.0218 - f1 0.0330 
INFO:root:TRAIN Total epoch time: 9.59609382400231
INFO:root:=> saved epoch checkpoint 'saved_models/EvolveGCN/bitcoinotc-20250514_054702/epoch_1.pkl'
INFO:root:################ TRAIN epoch 1 ###################
INFO:root:TRAIN mean losses tensor(0.0237, device='cuda:0')
INFO:root:TRAIN mean errors 0.0194226186722517
INFO:root:TRAIN mean MRR 0.0 - mean MAP 0.03889883682131767
INFO:root:TRAIN tp {0: tensor(3859380, device='cuda:0'), 1: tensor(2322, device='cuda:0')},fn {0: tensor(39820, device='cuda:0'), 1: tensor(36670, device='cuda:0')},fp {0: tensor(36670, device='cuda:0'), 1: tensor(39820, device='cuda:0')}
INFO:root:TRAIN measures microavg - precision 0.9806 - recall 0.9806 - f1 0.9806 
INFO:root:TRAIN measures for class 0 - precision 0.9906 - recall 0.9898 - f1 0.9902 
INFO:root:TRAIN measures for class 1 - precision 0.0551 - recall 0.0596 - f1 0.0572 
INFO:root:TRAIN measures@10 microavg - precision 0.6886 - recall 0.0002 - f1 0.0003 
INFO:root:TRAIN measures@10 for class 0 - precision 0.9950 - recall 0.0002 - f1 0.0003 
INFO:root:TRAIN measures@10 for class 1 - precision 0.1231 - recall 0.0010 - f1 0.0020 
INFO:root:TRAIN measures@100 microavg - precision 0.7050 - recall 0.0016 - f1 0.0032 
INFO:root:TRAIN measures@100 for class 0 - precision 0.9958 - recall 0.0015 - f1 0.0031 
INFO:root:TRAIN measures@100 for class 1 - precision 0.1150 - recall 0.0087 - f1 0.0162 
INFO:root:TRAIN measures@1000 microavg - precision 0.7804 - recall 0.0155 - f1 0.0305 
INFO:root:TRAIN measures@1000 for class 0 - precision 0.9945 - recall 0.0153 - f1 0.0301 
INFO:root:TRAIN measures@1000 for class 1 - precision 0.0819 - recall 0.0386 - f1 0.0525 
INFO:root:TRAIN Total epoch time: 9.064039771001262
INFO:root:=> saved epoch checkpoint 'saved_models/EvolveGCN/bitcoinotc-20250514_054702/epoch_2.pkl'
INFO:root:################ TRAIN epoch 2 ###################
INFO:root:TRAIN mean losses tensor(0.0239, device='cuda:0')
INFO:root:TRAIN mean errors 0.020326586440205574
INFO:root:TRAIN mean MRR 0.0 - mean MAP 0.03980884328484535
INFO:root:TRAIN tp {0: tensor(3855992, device='cuda:0'), 1: tensor(2150, device='cuda:0')},fn {0: tensor(43208, device='cuda:0'), 1: tensor(36842, device='cuda:0')},fp {0: tensor(36842, device='cuda:0'), 1: tensor(43208, device='cuda:0')}
INFO:root:TRAIN measures microavg - precision 0.9797 - recall 0.9797 - f1 0.9797 
INFO:root:TRAIN measures for class 0 - precision 0.9905 - recall 0.9889 - f1 0.9897 
INFO:root:TRAIN measures for class 1 - precision 0.0474 - recall 0.0551 - f1 0.0510 
INFO:root:TRAIN measures@10 microavg - precision 0.7189 - recall 0.0002 - f1 0.0003 
INFO:root:TRAIN measures@10 for class 0 - precision 0.9933 - recall 0.0002 - f1 0.0003 
INFO:root:TRAIN measures@10 for class 1 - precision 0.1700 - recall 0.0013 - f1 0.0026 
INFO:root:TRAIN measures@100 microavg - precision 0.7107 - recall 0.0016 - f1 0.0032 
INFO:root:TRAIN measures@100 for class 0 - precision 0.9968 - recall 0.0015 - f1 0.0031 
INFO:root:TRAIN measures@100 for class 1 - precision 0.1296 - recall 0.0098 - f1 0.0183 
INFO:root:TRAIN measures@1000 microavg - precision 0.7985 - recall 0.0155 - f1 0.0304 
INFO:root:TRAIN measures@1000 for class 0 - precision 0.9959 - recall 0.0153 - f1 0.0302 
INFO:root:TRAIN measures@1000 for class 1 - precision 0.0737 - recall 0.0309 - f1 0.0435 
INFO:root:TRAIN Total epoch time: 9.007816149001883
INFO:root:=> saved epoch checkpoint 'saved_models/EvolveGCN/bitcoinotc-20250514_054702/epoch_3.pkl'
INFO:root:################ TRAIN epoch 3 ###################
INFO:root:TRAIN mean losses tensor(0.0236, device='cuda:0')
INFO:root:TRAIN mean errors 0.02385028451681137
INFO:root:TRAIN mean MRR 0.0 - mean MAP 0.041305601596832275
INFO:root:TRAIN tp {0: tensor(3840836, device='cuda:0'), 1: tensor(3429, device='cuda:0')},fn {0: tensor(58364, device='cuda:0'), 1: tensor(35563, device='cuda:0')},fp {0: tensor(35563, device='cuda:0'), 1: tensor(58364, device='cuda:0')}
INFO:root:TRAIN measures microavg - precision 0.9761 - recall 0.9761 - f1 0.9761 
INFO:root:TRAIN measures for class 0 - precision 0.9908 - recall 0.9850 - f1 0.9879 
INFO:root:TRAIN measures for class 1 - precision 0.0555 - recall 0.0879 - f1 0.0680 
INFO:root:TRAIN measures@10 microavg - precision 0.6101 - recall 0.0002 - f1 0.0003 
INFO:root:TRAIN measures@10 for class 0 - precision 0.9950 - recall 0.0002 - f1 0.0003 
INFO:root:TRAIN measures@10 for class 1 - precision 0.1388 - recall 0.0017 - f1 0.0034 
INFO:root:TRAIN measures@100 microavg - precision 0.6081 - recall 0.0016 - f1 0.0033 
INFO:root:TRAIN measures@100 for class 0 - precision 0.9930 - recall 0.0015 - f1 0.0031 
INFO:root:TRAIN measures@100 for class 1 - precision 0.1093 - recall 0.0130 - f1 0.0232 
INFO:root:TRAIN measures@1000 microavg - precision 0.6915 - recall 0.0157 - f1 0.0307 
INFO:root:TRAIN measures@1000 for class 0 - precision 0.9948 - recall 0.0153 - f1 0.0302 
INFO:root:TRAIN measures@1000 for class 1 - precision 0.0747 - recall 0.0565 - f1 0.0643 
INFO:root:TRAIN Total epoch time: 9.089080697998725
INFO:root:=> saved epoch checkpoint 'saved_models/EvolveGCN/bitcoinotc-20250514_054702/epoch_4.pkl'
INFO:root:################ TRAIN epoch 4 ###################
INFO:root:TRAIN mean losses tensor(0.0235, device='cuda:0')
INFO:root:TRAIN mean errors 0.027330053970217705
INFO:root:TRAIN mean MRR 0.0 - mean MAP 0.04374304413795471
INFO:root:TRAIN tp {0: tensor(3825761, device='cuda:0'), 1: tensor(4800, device='cuda:0')},fn {0: tensor(73439, device='cuda:0'), 1: tensor(34192, device='cuda:0')},fp {0: tensor(34192, device='cuda:0'), 1: tensor(73439, device='cuda:0')}
INFO:root:TRAIN measures microavg - precision 0.9727 - recall 0.9727 - f1 0.9727 
INFO:root:TRAIN measures for class 0 - precision 0.9911 - recall 0.9812 - f1 0.9861 
INFO:root:TRAIN measures for class 1 - precision 0.0614 - recall 0.1231 - f1 0.0819 
INFO:root:TRAIN measures@10 microavg - precision 0.5833 - recall 0.0002 - f1 0.0004 
INFO:root:TRAIN measures@10 for class 0 - precision 0.9917 - recall 0.0002 - f1 0.0003 
INFO:root:TRAIN measures@10 for class 1 - precision 0.1750 - recall 0.0027 - f1 0.0053 
INFO:root:TRAIN measures@100 microavg - precision 0.5747 - recall 0.0017 - f1 0.0034 
INFO:root:TRAIN measures@100 for class 0 - precision 0.9947 - recall 0.0015 - f1 0.0031 
INFO:root:TRAIN measures@100 for class 1 - precision 0.1326 - recall 0.0194 - f1 0.0338 
INFO:root:TRAIN measures@1000 microavg - precision 0.6399 - recall 0.0160 - f1 0.0312 
INFO:root:TRAIN measures@1000 for class 0 - precision 0.9949 - recall 0.0153 - f1 0.0302 
INFO:root:TRAIN measures@1000 for class 1 - precision 0.0852 - recall 0.0839 - f1 0.0846 
INFO:root:TRAIN Total epoch time: 9.342828759999975
INFO:root:=> saved epoch checkpoint 'saved_models/EvolveGCN/bitcoinotc-20250514_054702/epoch_5.pkl'
INFO:root:################ TRAIN epoch 5 ###################
INFO:root:TRAIN mean losses tensor(0.0234, device='cuda:0')
INFO:root:TRAIN mean errors 0.027823427692055702
INFO:root:TRAIN mean MRR 0.0 - mean MAP 0.04407446086406708
INFO:root:TRAIN tp {0: tensor(3823341, device='cuda:0'), 1: tensor(5277, device='cuda:0')},fn {0: tensor(75859, device='cuda:0'), 1: tensor(33715, device='cuda:0')},fp {0: tensor(33715, device='cuda:0'), 1: tensor(75859, device='cuda:0')}
INFO:root:TRAIN measures microavg - precision 0.9722 - recall 0.9722 - f1 0.9722 
INFO:root:TRAIN measures for class 0 - precision 0.9913 - recall 0.9805 - f1 0.9859 
INFO:root:TRAIN measures for class 1 - precision 0.0650 - recall 0.1353 - f1 0.0879 
INFO:root:TRAIN measures@10 microavg - precision 0.5825 - recall 0.0002 - f1 0.0004 
INFO:root:TRAIN measures@10 for class 0 - precision 0.9950 - recall 0.0002 - f1 0.0003 
INFO:root:TRAIN measures@10 for class 1 - precision 0.1700 - recall 0.0026 - f1 0.0052 
INFO:root:TRAIN measures@100 microavg - precision 0.5725 - recall 0.0017 - f1 0.0034 
INFO:root:TRAIN measures@100 for class 0 - precision 0.9925 - recall 0.0015 - f1 0.0030 
INFO:root:TRAIN measures@100 for class 1 - precision 0.1360 - recall 0.0201 - f1 0.0351 
INFO:root:TRAIN measures@1000 microavg - precision 0.6178 - recall 0.0161 - f1 0.0313 
INFO:root:TRAIN measures@1000 for class 0 - precision 0.9941 - recall 0.0153 - f1 0.0301 
INFO:root:TRAIN measures@1000 for class 1 - precision 0.0848 - recall 0.0922 - f1 0.0883 
INFO:root:TRAIN Total epoch time: 9.329230159997678
INFO:root:=> saved epoch checkpoint 'saved_models/EvolveGCN/bitcoinotc-20250514_054702/epoch_6.pkl'
INFO:root:################ TRAIN epoch 6 ###################
INFO:root:TRAIN mean losses tensor(0.0233, device='cuda:0')
INFO:root:TRAIN mean errors 0.03004475124180317
INFO:root:TRAIN mean MRR 0.0 - mean MAP 0.04417027533054352
INFO:root:TRAIN tp {0: tensor(3813922, device='cuda:0'), 1: tensor(5948, device='cuda:0')},fn {0: tensor(85278, device='cuda:0'), 1: tensor(33044, device='cuda:0')},fp {0: tensor(33044, device='cuda:0'), 1: tensor(85278, device='cuda:0')}
INFO:root:TRAIN measures microavg - precision 0.9700 - recall 0.9700 - f1 0.9700 
INFO:root:TRAIN measures for class 0 - precision 0.9914 - recall 0.9781 - f1 0.9847 
INFO:root:TRAIN measures for class 1 - precision 0.0652 - recall 0.1525 - f1 0.0914 
INFO:root:TRAIN measures@10 microavg - precision 0.5675 - recall 0.0002 - f1 0.0003 
INFO:root:TRAIN measures@10 for class 0 - precision 0.9950 - recall 0.0002 - f1 0.0003 
INFO:root:TRAIN measures@10 for class 1 - precision 0.1400 - recall 0.0022 - f1 0.0042 
INFO:root:TRAIN measures@100 microavg - precision 0.5758 - recall 0.0017 - f1 0.0035 
INFO:root:TRAIN measures@100 for class 0 - precision 0.9963 - recall 0.0015 - f1 0.0031 
INFO:root:TRAIN measures@100 for class 1 - precision 0.1459 - recall 0.0220 - f1 0.0382 
INFO:root:TRAIN measures@1000 microavg - precision 0.6139 - recall 0.0161 - f1 0.0314 
INFO:root:TRAIN measures@1000 for class 0 - precision 0.9955 - recall 0.0153 - f1 0.0302 
INFO:root:TRAIN measures@1000 for class 1 - precision 0.0876 - recall 0.0977 - f1 0.0923 
INFO:root:TRAIN Total epoch time: 9.5495380450011
INFO:root:=> saved epoch checkpoint 'saved_models/EvolveGCN/bitcoinotc-20250514_054702/epoch_7.pkl'
INFO:root:################ VALID epoch 6 ###################
INFO:root:VALID mean losses tensor(0.0046, device='cuda:0')
INFO:root:VALID mean errors 0.0006133088609203696
INFO:root:VALID mean MRR 0.07735798507928848 - mean MAP 0.0004504760436248034
INFO:root:VALID tp {0: tensor(345649276, device='cuda:0'), 1: tensor(214, device='cuda:0')},fn {0: tensor(209988, device='cuda:0'), 1: tensor(2132, device='cuda:0')},fp {0: tensor(2132, device='cuda:0'), 1: tensor(209988, device='cuda:0')}
INFO:root:VALID measures microavg - precision 0.9994 - recall 0.9994 - f1 0.9994 
INFO:root:VALID measures for class 0 - precision 1.0000 - recall 0.9994 - f1 0.9997 
INFO:root:VALID measures for class 1 - precision 0.0010 - recall 0.0912 - f1 0.0020 
INFO:root:VALID measures@10 microavg - precision 0.5000 - recall 0.0000 - f1 0.0000 
INFO:root:VALID measures@10 for class 0 - precision 1.0000 - recall 0.0000 - f1 0.0000 
INFO:root:VALID measures@10 for class 1 - precision 0.0000 - recall 0.0000 - f1 0.0000 
INFO:root:VALID measures@100 microavg - precision 0.5020 - recall 0.0000 - f1 0.0000 
INFO:root:VALID measures@100 for class 0 - precision 1.0000 - recall 0.0000 - f1 0.0000 
INFO:root:VALID measures@100 for class 1 - precision 0.0030 - recall 0.0013 - f1 0.0018 
INFO:root:VALID measures@1000 microavg - precision 0.5242 - recall 0.0000 - f1 0.0001 
INFO:root:VALID measures@1000 for class 0 - precision 1.0000 - recall 0.0000 - f1 0.0001 
INFO:root:VALID measures@1000 for class 1 - precision 0.0013 - recall 0.0051 - f1 0.0021 
INFO:root:VALID Total epoch time: 182.09043967499747
INFO:root:################ TEST epoch 6 ###################
INFO:root:TEST batch 1 / 20 - partial error 0.0004 - partial loss 0.0045 - partial MRR  0.0766 - partial MAP 0.0003
INFO:root:TEST batch 1 / 20 -  partial tp {0: tensor(34570981, device='cuda:0'), 1: tensor(6, device='cuda:0')},fn {0: tensor(15044, device='cuda:0'), 1: tensor(130, device='cuda:0')},fp {0: tensor(130, device='cuda:0'), 1: tensor(15044, device='cuda:0')}
INFO:root:TEST batch 1 / 20 - measures partial microavg - precision 0.9996 - recall 0.9996 - f1 0.9996 
INFO:root:TEST batch 1 / 20 - measures partial for class 0 - precision 1.0000 - recall 0.9996 - f1 0.9998 
INFO:root:TEST batch 1 / 20 - measures partial for class 1 - precision 0.0004 - recall 0.0441 - f1 0.0008 
INFO:root:TEST batch 1 / 20 - Batch time 26 
INFO:root:TEST batch 2 / 20 - partial error 0.0002 - partial loss 0.0045 - partial MRR  0.0581 - partial MAP 0.0002
INFO:root:TEST batch 2 / 20 -  partial tp {0: tensor(34586083, device='cuda:0'), 1: tensor(0, device='cuda:0')},fn {0: tensor(0, device='cuda:0'), 1: tensor(78, device='cuda:0')},fp {0: tensor(78, device='cuda:0'), 1: tensor(0, device='cuda:0')}
INFO:root:TEST batch 2 / 20 - measures partial microavg - precision 1.0000 - recall 1.0000 - f1 1.0000 
INFO:root:TEST batch 2 / 20 - measures partial for class 0 - precision 1.0000 - recall 1.0000 - f1 1.0000 
INFO:root:TEST batch 2 / 20 - measures partial for class 1 - precision 0.0000 - recall 0.0000 - f1 0.0000 
INFO:root:TEST batch 2 / 20 - Batch time 16 
INFO:root:TEST batch 3 / 20 - partial error 0.0002 - partial loss 0.0045 - partial MRR  0.0809 - partial MAP 0.0002
INFO:root:TEST batch 3 / 20 -  partial tp {0: tensor(34580206, device='cuda:0'), 1: tensor(4, device='cuda:0')},fn {0: tensor(5877, device='cuda:0'), 1: tensor(74, device='cuda:0')},fp {0: tensor(74, device='cuda:0'), 1: tensor(5877, device='cuda:0')}
INFO:root:TEST batch 3 / 20 - measures partial microavg - precision 0.9998 - recall 0.9998 - f1 0.9998 
INFO:root:TEST batch 3 / 20 - measures partial for class 0 - precision 1.0000 - recall 0.9998 - f1 0.9999 
INFO:root:TEST batch 3 / 20 - measures partial for class 1 - precision 0.0007 - recall 0.0513 - f1 0.0013 
INFO:root:TEST batch 3 / 20 - Batch time 17 
INFO:root:TEST batch 4 / 20 - partial error 0.0002 - partial loss 0.0045 - partial MRR  0.0843 - partial MAP 0.0007
INFO:root:TEST batch 4 / 20 -  partial tp {0: tensor(34580212, device='cuda:0'), 1: tensor(4, device='cuda:0')},fn {0: tensor(5877, device='cuda:0'), 1: tensor(68, device='cuda:0')},fp {0: tensor(68, device='cuda:0'), 1: tensor(5877, device='cuda:0')}
INFO:root:TEST batch 4 / 20 - measures partial microavg - precision 0.9998 - recall 0.9998 - f1 0.9998 
INFO:root:TEST batch 4 / 20 - measures partial for class 0 - precision 1.0000 - recall 0.9998 - f1 0.9999 
INFO:root:TEST batch 4 / 20 - measures partial for class 1 - precision 0.0007 - recall 0.0556 - f1 0.0013 
INFO:root:TEST batch 4 / 20 - Batch time 16 
INFO:root:TEST batch 5 / 20 - partial error 0.0002 - partial loss 0.0045 - partial MRR  0.0772 - partial MAP 0.0006
INFO:root:TEST batch 5 / 20 -  partial tp {0: tensor(34586065, device='cuda:0'), 1: tensor(0, device='cuda:0')},fn {0: tensor(0, device='cuda:0'), 1: tensor(96, device='cuda:0')},fp {0: tensor(96, device='cuda:0'), 1: tensor(0, device='cuda:0')}
INFO:root:TEST batch 5 / 20 - measures partial microavg - precision 1.0000 - recall 1.0000 - f1 1.0000 
INFO:root:TEST batch 5 / 20 - measures partial for class 0 - precision 1.0000 - recall 1.0000 - f1 1.0000 
INFO:root:TEST batch 5 / 20 - measures partial for class 1 - precision 0.0000 - recall 0.0000 - f1 0.0000 
INFO:root:TEST batch 5 / 20 - Batch time 16 
INFO:root:TEST batch 6 / 20 - partial error 0.0002 - partial loss 0.0045 - partial MRR  0.0761 - partial MAP 0.0005
INFO:root:TEST batch 6 / 20 -  partial tp {0: tensor(34580100, device='cuda:0'), 1: tensor(2, device='cuda:0')},fn {0: tensor(5879, device='cuda:0'), 1: tensor(180, device='cuda:0')},fp {0: tensor(180, device='cuda:0'), 1: tensor(5879, device='cuda:0')}
INFO:root:TEST batch 6 / 20 - measures partial microavg - precision 0.9998 - recall 0.9998 - f1 0.9998 
INFO:root:TEST batch 6 / 20 - measures partial for class 0 - precision 1.0000 - recall 0.9998 - f1 0.9999 
INFO:root:TEST batch 6 / 20 - measures partial for class 1 - precision 0.0003 - recall 0.0110 - f1 0.0007 
INFO:root:TEST batch 6 / 20 - Batch time 17 
INFO:root:TEST batch 7 / 20 - partial error 0.0002 - partial loss 0.0045 - partial MRR  0.0822 - partial MAP 0.0006
INFO:root:TEST batch 7 / 20 -  partial tp {0: tensor(34580184, device='cuda:0'), 1: tensor(8, device='cuda:0')},fn {0: tensor(5873, device='cuda:0'), 1: tensor(96, device='cuda:0')},fp {0: tensor(96, device='cuda:0'), 1: tensor(5873, device='cuda:0')}
INFO:root:TEST batch 7 / 20 - measures partial microavg - precision 0.9998 - recall 0.9998 - f1 0.9998 
INFO:root:TEST batch 7 / 20 - measures partial for class 0 - precision 1.0000 - recall 0.9998 - f1 0.9999 
INFO:root:TEST batch 7 / 20 - measures partial for class 1 - precision 0.0014 - recall 0.0769 - f1 0.0027 
INFO:root:TEST batch 7 / 20 - Batch time 17 
INFO:root:TEST batch 8 / 20 - partial error 0.0002 - partial loss 0.0045 - partial MRR  0.0752 - partial MAP 0.0005
INFO:root:TEST batch 8 / 20 -  partial tp {0: tensor(34574324, device='cuda:0'), 1: tensor(0, device='cuda:0')},fn {0: tensor(11779, device='cuda:0'), 1: tensor(58, device='cuda:0')},fp {0: tensor(58, device='cuda:0'), 1: tensor(11779, device='cuda:0')}
INFO:root:TEST batch 8 / 20 - measures partial microavg - precision 0.9997 - recall 0.9997 - f1 0.9997 
INFO:root:TEST batch 8 / 20 - measures partial for class 0 - precision 1.0000 - recall 0.9997 - f1 0.9998 
INFO:root:TEST batch 8 / 20 - measures partial for class 1 - precision 0.0000 - recall 0.0000 - f1 0.0000 
INFO:root:TEST batch 8 / 20 - Batch time 17 
INFO:root:TEST batch 9 / 20 - partial error 0.0002 - partial loss 0.0045 - partial MRR  0.0758 - partial MAP 0.0007
INFO:root:TEST batch 9 / 20 -  partial tp {0: tensor(34586088, device='cuda:0'), 1: tensor(1, device='cuda:0')},fn {0: tensor(33, device='cuda:0'), 1: tensor(39, device='cuda:0')},fp {0: tensor(39, device='cuda:0'), 1: tensor(33, device='cuda:0')}
INFO:root:TEST batch 9 / 20 - measures partial microavg - precision 1.0000 - recall 1.0000 - f1 1.0000 
INFO:root:TEST batch 9 / 20 - measures partial for class 0 - precision 1.0000 - recall 1.0000 - f1 1.0000 
INFO:root:TEST batch 9 / 20 - measures partial for class 1 - precision 0.0294 - recall 0.0250 - f1 0.0270 
INFO:root:TEST batch 9 / 20 - Batch time 17 
INFO:root:TEST batch 10 / 20 - partial error 0.0001 - partial loss 0.0045 - partial MRR  0.0758 - partial MAP 0.0006
INFO:root:TEST batch 10 / 20 -  partial tp {0: tensor(34586079, device='cuda:0'), 1: tensor(0, device='cuda:0')},fn {0: tensor(0, device='cuda:0'), 1: tensor(82, device='cuda:0')},fp {0: tensor(82, device='cuda:0'), 1: tensor(0, device='cuda:0')}
INFO:root:TEST batch 10 / 20 - measures partial microavg - precision 1.0000 - recall 1.0000 - f1 1.0000 
INFO:root:TEST batch 10 / 20 - measures partial for class 0 - precision 1.0000 - recall 1.0000 - f1 1.0000 
INFO:root:TEST batch 10 / 20 - measures partial for class 1 - precision 0.0000 - recall 0.0000 - f1 0.0000 
INFO:root:TEST batch 10 / 20 - Batch time 17 
INFO:root:TEST batch 11 / 20 - partial error 0.0001 - partial loss 0.0045 - partial MRR  0.0750 - partial MAP 0.0006
INFO:root:TEST batch 11 / 20 -  partial tp {0: tensor(34586091, device='cuda:0'), 1: tensor(0, device='cuda:0')},fn {0: tensor(0, device='cuda:0'), 1: tensor(70, device='cuda:0')},fp {0: tensor(70, device='cuda:0'), 1: tensor(0, device='cuda:0')}
INFO:root:TEST batch 11 / 20 - measures partial microavg - precision 1.0000 - recall 1.0000 - f1 1.0000 
INFO:root:TEST batch 11 / 20 - measures partial for class 0 - precision 1.0000 - recall 1.0000 - f1 1.0000 
INFO:root:TEST batch 11 / 20 - measures partial for class 1 - precision 0.0000 - recall 0.0000 - f1 0.0000 
INFO:root:TEST batch 11 / 20 - Batch time 17 
INFO:root:TEST batch 12 / 20 - partial error 0.0001 - partial loss 0.0045 - partial MRR  0.0778 - partial MAP 0.0006
INFO:root:TEST batch 12 / 20 -  partial tp {0: tensor(34580207, device='cuda:0'), 1: tensor(5, device='cuda:0')},fn {0: tensor(5876, device='cuda:0'), 1: tensor(73, device='cuda:0')},fp {0: tensor(73, device='cuda:0'), 1: tensor(5876, device='cuda:0')}
INFO:root:TEST batch 12 / 20 - measures partial microavg - precision 0.9998 - recall 0.9998 - f1 0.9998 
INFO:root:TEST batch 12 / 20 - measures partial for class 0 - precision 1.0000 - recall 0.9998 - f1 0.9999 
INFO:root:TEST batch 12 / 20 - measures partial for class 1 - precision 0.0009 - recall 0.0641 - f1 0.0017 
INFO:root:TEST batch 12 / 20 - Batch time 17 
INFO:root:TEST batch 13 / 20 - partial error 0.0001 - partial loss 0.0045 - partial MRR  0.0794 - partial MAP 0.0006
INFO:root:TEST batch 13 / 20 -  partial tp {0: tensor(34580257, device='cuda:0'), 1: tensor(1, device='cuda:0')},fn {0: tensor(5880, device='cuda:0'), 1: tensor(23, device='cuda:0')},fp {0: tensor(23, device='cuda:0'), 1: tensor(5880, device='cuda:0')}
INFO:root:TEST batch 13 / 20 - measures partial microavg - precision 0.9998 - recall 0.9998 - f1 0.9998 
INFO:root:TEST batch 13 / 20 - measures partial for class 0 - precision 1.0000 - recall 0.9998 - f1 0.9999 
INFO:root:TEST batch 13 / 20 - measures partial for class 1 - precision 0.0002 - recall 0.0417 - f1 0.0003 
INFO:root:TEST batch 13 / 20 - Batch time 17 
INFO:root:TEST batch 14 / 20 - partial error 0.0001 - partial loss 0.0045 - partial MRR  0.0828 - partial MAP 0.0011
INFO:root:TEST batch 14 / 20 -  partial tp {0: tensor(34586139, device='cuda:0'), 1: tensor(0, device='cuda:0')},fn {0: tensor(0, device='cuda:0'), 1: tensor(22, device='cuda:0')},fp {0: tensor(22, device='cuda:0'), 1: tensor(0, device='cuda:0')}
INFO:root:TEST batch 14 / 20 - measures partial microavg - precision 1.0000 - recall 1.0000 - f1 1.0000 
INFO:root:TEST batch 14 / 20 - measures partial for class 0 - precision 1.0000 - recall 1.0000 - f1 1.0000 
INFO:root:TEST batch 14 / 20 - measures partial for class 1 - precision 0.0000 - recall 0.0000 - f1 0.0000 
INFO:root:TEST batch 14 / 20 - Batch time 17 
INFO:root:TEST batch 15 / 20 - partial error 0.0001 - partial loss 0.0045 - partial MRR  0.0841 - partial MAP 0.0013
INFO:root:TEST batch 15 / 20 -  partial tp {0: tensor(34586129, device='cuda:0'), 1: tensor(0, device='cuda:0')},fn {0: tensor(0, device='cuda:0'), 1: tensor(32, device='cuda:0')},fp {0: tensor(32, device='cuda:0'), 1: tensor(0, device='cuda:0')}
INFO:root:TEST batch 15 / 20 - measures partial microavg - precision 1.0000 - recall 1.0000 - f1 1.0000 
INFO:root:TEST batch 15 / 20 - measures partial for class 0 - precision 1.0000 - recall 1.0000 - f1 1.0000 
INFO:root:TEST batch 15 / 20 - measures partial for class 1 - precision 0.0000 - recall 0.0000 - f1 0.0000 
INFO:root:TEST batch 15 / 20 - Batch time 17 
INFO:root:TEST batch 16 / 20 - partial error 0.0001 - partial loss 0.0045 - partial MRR  0.0891 - partial MAP 0.0012
INFO:root:TEST batch 16 / 20 -  partial tp {0: tensor(34586141, device='cuda:0'), 1: tensor(0, device='cuda:0')},fn {0: tensor(0, device='cuda:0'), 1: tensor(20, device='cuda:0')},fp {0: tensor(20, device='cuda:0'), 1: tensor(0, device='cuda:0')}
INFO:root:TEST batch 16 / 20 - measures partial microavg - precision 1.0000 - recall 1.0000 - f1 1.0000 
INFO:root:TEST batch 16 / 20 - measures partial for class 0 - precision 1.0000 - recall 1.0000 - f1 1.0000 
INFO:root:TEST batch 16 / 20 - measures partial for class 1 - precision 0.0000 - recall 0.0000 - f1 0.0000 
INFO:root:TEST batch 16 / 20 - Batch time 17 
INFO:root:TEST batch 17 / 20 - partial error 0.0001 - partial loss 0.0045 - partial MRR  0.0854 - partial MAP 0.0011
INFO:root:TEST batch 17 / 20 -  partial tp {0: tensor(34586125, device='cuda:0'), 1: tensor(0, device='cuda:0')},fn {0: tensor(0, device='cuda:0'), 1: tensor(36, device='cuda:0')},fp {0: tensor(36, device='cuda:0'), 1: tensor(0, device='cuda:0')}
INFO:root:TEST batch 17 / 20 - measures partial microavg - precision 1.0000 - recall 1.0000 - f1 1.0000 
INFO:root:TEST batch 17 / 20 - measures partial for class 0 - precision 1.0000 - recall 1.0000 - f1 1.0000 
INFO:root:TEST batch 17 / 20 - measures partial for class 1 - precision 0.0000 - recall 0.0000 - f1 0.0000 
INFO:root:TEST batch 17 / 20 - Batch time 17 
INFO:root:TEST batch 18 / 20 - partial error 0.0001 - partial loss 0.0045 - partial MRR  0.0844 - partial MAP 0.0011
INFO:root:TEST batch 18 / 20 -  partial tp {0: tensor(34586125, device='cuda:0'), 1: tensor(0, device='cuda:0')},fn {0: tensor(0, device='cuda:0'), 1: tensor(36, device='cuda:0')},fp {0: tensor(36, device='cuda:0'), 1: tensor(0, device='cuda:0')}
INFO:root:TEST batch 18 / 20 - measures partial microavg - precision 1.0000 - recall 1.0000 - f1 1.0000 
INFO:root:TEST batch 18 / 20 - measures partial for class 0 - precision 1.0000 - recall 1.0000 - f1 1.0000 
INFO:root:TEST batch 18 / 20 - measures partial for class 1 - precision 0.0000 - recall 0.0000 - f1 0.0000 
INFO:root:TEST batch 18 / 20 - Batch time 17 
INFO:root:TEST batch 19 / 20 - partial error 0.0001 - partial loss 0.0045 - partial MRR  0.0839 - partial MAP 0.0012
INFO:root:TEST batch 19 / 20 -  partial tp {0: tensor(34586115, device='cuda:0'), 1: tensor(0, device='cuda:0')},fn {0: tensor(0, device='cuda:0'), 1: tensor(46, device='cuda:0')},fp {0: tensor(46, device='cuda:0'), 1: tensor(0, device='cuda:0')}
INFO:root:TEST batch 19 / 20 - measures partial microavg - precision 1.0000 - recall 1.0000 - f1 1.0000 
INFO:root:TEST batch 19 / 20 - measures partial for class 0 - precision 1.0000 - recall 1.0000 - f1 1.0000 
INFO:root:TEST batch 19 / 20 - measures partial for class 1 - precision 0.0000 - recall 0.0000 - f1 0.0000 
INFO:root:TEST batch 19 / 20 - Batch time 17 
INFO:root:TEST batch 20 / 20 - partial error 0.0001 - partial loss 0.0045 - partial MRR  0.0943 - partial MAP 0.0011
INFO:root:TEST batch 20 / 20 -  partial tp {0: tensor(34586159, device='cuda:0'), 1: tensor(0, device='cuda:0')},fn {0: tensor(0, device='cuda:0'), 1: tensor(2, device='cuda:0')},fp {0: tensor(2, device='cuda:0'), 1: tensor(0, device='cuda:0')}
INFO:root:TEST batch 20 / 20 - measures partial microavg - precision 1.0000 - recall 1.0000 - f1 1.0000 
INFO:root:TEST batch 20 / 20 - measures partial for class 0 - precision 1.0000 - recall 1.0000 - f1 1.0000 
INFO:root:TEST batch 20 / 20 - measures partial for class 1 - precision 0.0000 - recall 0.0000 - f1 0.0000 
INFO:root:TEST batch 20 / 20 - Batch time 17 
INFO:root:TEST mean losses tensor(0.0045, device='cuda:0')
INFO:root:TEST mean errors 9.162477363133803e-05
INFO:root:TEST mean MRR 0.09433569759130478 - mean MAP 0.0011298091849312186
INFO:root:TEST tp {0: tensor(691659810, device='cuda:0'), 1: tensor(31, device='cuda:0')},fn {0: tensor(62118, device='cuda:0'), 1: tensor(1261, device='cuda:0')},fp {0: tensor(1261, device='cuda:0'), 1: tensor(62118, device='cuda:0')}
INFO:root:TEST measures microavg - precision 0.9999 - recall 0.9999 - f1 0.9999 
INFO:root:TEST measures for class 0 - precision 1.0000 - recall 0.9999 - f1 1.0000 
INFO:root:TEST measures for class 1 - precision 0.0005 - recall 0.0240 - f1 0.0010 
INFO:root:TEST measures@10 microavg - precision 0.6931 - recall 0.0000 - f1 0.0000 
INFO:root:TEST measures@10 for class 0 - precision 1.0000 - recall 0.0000 - f1 0.0000 
INFO:root:TEST measures@10 for class 1 - precision 0.0111 - recall 0.0008 - f1 0.0014 
INFO:root:TEST measures@100 microavg - precision 0.7082 - recall 0.0000 - f1 0.0000 
INFO:root:TEST measures@100 for class 0 - precision 1.0000 - recall 0.0000 - f1 0.0000 
INFO:root:TEST measures@100 for class 1 - precision 0.0084 - recall 0.0054 - f1 0.0066 
INFO:root:TEST measures@1000 microavg - precision 0.7138 - recall 0.0000 - f1 0.0001 
INFO:root:TEST measures@1000 for class 0 - precision 1.0000 - recall 0.0000 - f1 0.0001 
INFO:root:TEST measures@1000 for class 1 - precision 0.0014 - recall 0.0085 - f1 0.0024 
INFO:root:TEST Total epoch time: 352.83265218499946
INFO:root:################ TRAIN epoch 7 ###################
INFO:root:TRAIN mean losses tensor(0.0232, device='cuda:0')
INFO:root:TRAIN mean errors 0.02808116003870964
INFO:root:TRAIN mean MRR 0.0 - mean MAP 0.04485219717025757
INFO:root:TRAIN tp {0: tensor(3821686, device='cuda:0'), 1: tensor(5917, device='cuda:0')},fn {0: tensor(77514, device='cuda:0'), 1: tensor(33075, device='cuda:0')},fp {0: tensor(33075, device='cuda:0'), 1: tensor(77514, device='cuda:0')}
INFO:root:TRAIN measures microavg - precision 0.9719 - recall 0.9719 - f1 0.9719 
INFO:root:TRAIN measures for class 0 - precision 0.9914 - recall 0.9801 - f1 0.9857 
INFO:root:TRAIN measures for class 1 - precision 0.0709 - recall 0.1517 - f1 0.0967 
INFO:root:TRAIN measures@10 microavg - precision 0.5742 - recall 0.0002 - f1 0.0003 
INFO:root:TRAIN measures@10 for class 0 - precision 0.9917 - recall 0.0002 - f1 0.0003 
INFO:root:TRAIN measures@10 for class 1 - precision 0.1567 - recall 0.0024 - f1 0.0047 
INFO:root:TRAIN measures@100 microavg - precision 0.5713 - recall 0.0017 - f1 0.0034 
INFO:root:TRAIN measures@100 for class 0 - precision 0.9943 - recall 0.0015 - f1 0.0031 
INFO:root:TRAIN measures@100 for class 1 - precision 0.1408 - recall 0.0213 - f1 0.0370 
INFO:root:TRAIN measures@1000 microavg - precision 0.6104 - recall 0.0162 - f1 0.0315 
INFO:root:TRAIN measures@1000 for class 0 - precision 0.9945 - recall 0.0153 - f1 0.0301 
INFO:root:TRAIN measures@1000 for class 1 - precision 0.0896 - recall 0.1017 - f1 0.0952 
INFO:root:TRAIN Total epoch time: 9.356446285997663
INFO:root:=> saved epoch checkpoint 'saved_models/EvolveGCN/bitcoinotc-20250514_054702/epoch_8.pkl'
INFO:root:################ VALID epoch 7 ###################
INFO:root:VALID mean losses tensor(0.0047, device='cuda:0')
INFO:root:VALID mean errors 0.0008243672200478613
INFO:root:VALID mean MRR 0.08543180674314499 - mean MAP 0.0006552395643666387
INFO:root:VALID tp {0: tensor(345576238, device='cuda:0'), 1: tensor(255, device='cuda:0')},fn {0: tensor(283026, device='cuda:0'), 1: tensor(2091, device='cuda:0')},fp {0: tensor(2091, device='cuda:0'), 1: tensor(283026, device='cuda:0')}
INFO:root:VALID measures microavg - precision 0.9992 - recall 0.9992 - f1 0.9992 
INFO:root:VALID measures for class 0 - precision 1.0000 - recall 0.9992 - f1 0.9996 
INFO:root:VALID measures for class 1 - precision 0.0009 - recall 0.1087 - f1 0.0018 
INFO:root:VALID measures@10 microavg - precision 0.5050 - recall 0.0000 - f1 0.0000 
INFO:root:VALID measures@10 for class 0 - precision 1.0000 - recall 0.0000 - f1 0.0000 
INFO:root:VALID measures@10 for class 1 - precision 0.0100 - recall 0.0004 - f1 0.0008 
INFO:root:VALID measures@100 microavg - precision 0.5015 - recall 0.0000 - f1 0.0000 
INFO:root:VALID measures@100 for class 0 - precision 1.0000 - recall 0.0000 - f1 0.0000 
INFO:root:VALID measures@100 for class 1 - precision 0.0030 - recall 0.0013 - f1 0.0018 
INFO:root:VALID measures@1000 microavg - precision 0.5003 - recall 0.0000 - f1 0.0001 
INFO:root:VALID measures@1000 for class 0 - precision 1.0000 - recall 0.0000 - f1 0.0001 
INFO:root:VALID measures@1000 for class 1 - precision 0.0006 - recall 0.0026 - f1 0.0010 
INFO:root:VALID Total epoch time: 181.8506783039993
INFO:root:################ TRAIN epoch 8 ###################
INFO:root:TRAIN mean losses tensor(0.0232, device='cuda:0')
INFO:root:TRAIN mean errors 0.027065211907029152
INFO:root:TRAIN mean MRR 0.0 - mean MAP 0.045219842344522476
INFO:root:TRAIN tp {0: tensor(3825935, device='cuda:0'), 1: tensor(5669, device='cuda:0')},fn {0: tensor(73265, device='cuda:0'), 1: tensor(33323, device='cuda:0')},fp {0: tensor(33323, device='cuda:0'), 1: tensor(73265, device='cuda:0')}
INFO:root:TRAIN measures microavg - precision 0.9729 - recall 0.9729 - f1 0.9729 
INFO:root:TRAIN measures for class 0 - precision 0.9914 - recall 0.9812 - f1 0.9863 
INFO:root:TRAIN measures for class 1 - precision 0.0718 - recall 0.1454 - f1 0.0961 
INFO:root:TRAIN measures@10 microavg - precision 0.5825 - recall 0.0002 - f1 0.0004 
INFO:root:TRAIN measures@10 for class 0 - precision 0.9967 - recall 0.0002 - f1 0.0003 
INFO:root:TRAIN measures@10 for class 1 - precision 0.1683 - recall 0.0026 - f1 0.0051 
INFO:root:TRAIN measures@100 microavg - precision 0.5734 - recall 0.0017 - f1 0.0035 
INFO:root:TRAIN measures@100 for class 0 - precision 0.9957 - recall 0.0015 - f1 0.0031 
INFO:root:TRAIN measures@100 for class 1 - precision 0.1432 - recall 0.0216 - f1 0.0376 
INFO:root:TRAIN measures@1000 microavg - precision 0.6263 - recall 0.0161 - f1 0.0314 
INFO:root:TRAIN measures@1000 for class 0 - precision 0.9955 - recall 0.0153 - f1 0.0302 
INFO:root:TRAIN measures@1000 for class 1 - precision 0.0909 - recall 0.0965 - f1 0.0936 
INFO:root:TRAIN Total epoch time: 9.271364221000113
INFO:root:=> saved epoch checkpoint 'saved_models/EvolveGCN/bitcoinotc-20250514_054702/epoch_9.pkl'
INFO:root:################ VALID epoch 8 ###################
INFO:root:VALID mean losses tensor(0.0048, device='cuda:0')
INFO:root:VALID mean errors 0.001374954474158585
INFO:root:VALID mean MRR 0.08383145183324814 - mean MAP 0.00035848538391292095
INFO:root:VALID tp {0: tensor(345385743, device='cuda:0'), 1: tensor(323, device='cuda:0')},fn {0: tensor(473521, device='cuda:0'), 1: tensor(2023, device='cuda:0')},fp {0: tensor(2023, device='cuda:0'), 1: tensor(473521, device='cuda:0')}
INFO:root:VALID measures microavg - precision 0.9986 - recall 0.9986 - f1 0.9986 
INFO:root:VALID measures for class 0 - precision 1.0000 - recall 0.9986 - f1 0.9993 
INFO:root:VALID measures for class 1 - precision 0.0007 - recall 0.1377 - f1 0.0014 
INFO:root:VALID measures@10 microavg - precision 0.5000 - recall 0.0000 - f1 0.0000 
INFO:root:VALID measures@10 for class 0 - precision 1.0000 - recall 0.0000 - f1 0.0000 
INFO:root:VALID measures@10 for class 1 - precision 0.0000 - recall 0.0000 - f1 0.0000 
INFO:root:VALID measures@100 microavg - precision 0.5010 - recall 0.0000 - f1 0.0000 
INFO:root:VALID measures@100 for class 0 - precision 1.0000 - recall 0.0000 - f1 0.0000 
INFO:root:VALID measures@100 for class 1 - precision 0.0020 - recall 0.0009 - f1 0.0012 
INFO:root:VALID measures@1000 microavg - precision 0.5002 - recall 0.0000 - f1 0.0001 
INFO:root:VALID measures@1000 for class 0 - precision 1.0000 - recall 0.0000 - f1 0.0001 
INFO:root:VALID measures@1000 for class 1 - precision 0.0005 - recall 0.0021 - f1 0.0008 
INFO:root:VALID Total epoch time: 182.13037496700053
INFO:root:################ TRAIN epoch 9 ###################
INFO:root:TRAIN mean losses tensor(0.0232, device='cuda:0')
INFO:root:TRAIN mean errors 0.027137072756886482
INFO:root:TRAIN mean MRR 0.0 - mean MAP 0.046504028141498566
INFO:root:TRAIN tp {0: tensor(3825368, device='cuda:0'), 1: tensor(5953, device='cuda:0')},fn {0: tensor(73832, device='cuda:0'), 1: tensor(33039, device='cuda:0')},fp {0: tensor(33039, device='cuda:0'), 1: tensor(73832, device='cuda:0')}
INFO:root:TRAIN measures microavg - precision 0.9729 - recall 0.9729 - f1 0.9729 
INFO:root:TRAIN measures for class 0 - precision 0.9914 - recall 0.9811 - f1 0.9862 
INFO:root:TRAIN measures for class 1 - precision 0.0746 - recall 0.1527 - f1 0.1002 
INFO:root:TRAIN measures@10 microavg - precision 0.5900 - recall 0.0002 - f1 0.0004 
INFO:root:TRAIN measures@10 for class 0 - precision 0.9950 - recall 0.0002 - f1 0.0003 
INFO:root:TRAIN measures@10 for class 1 - precision 0.1850 - recall 0.0028 - f1 0.0056 
INFO:root:TRAIN measures@100 microavg - precision 0.5776 - recall 0.0018 - f1 0.0035 
INFO:root:TRAIN measures@100 for class 0 - precision 0.9967 - recall 0.0015 - f1 0.0031 
INFO:root:TRAIN measures@100 for class 1 - precision 0.1571 - recall 0.0241 - f1 0.0418 
INFO:root:TRAIN measures@1000 microavg - precision 0.6131 - recall 0.0162 - f1 0.0316 
INFO:root:TRAIN measures@1000 for class 0 - precision 0.9961 - recall 0.0153 - f1 0.0302 
INFO:root:TRAIN measures@1000 for class 1 - precision 0.0926 - recall 0.1049 - f1 0.0984 
INFO:root:TRAIN Total epoch time: 9.255661325998517
INFO:root:=> saved epoch checkpoint 'saved_models/EvolveGCN/bitcoinotc-20250514_054702/epoch_10.pkl'
INFO:root:################ VALID epoch 9 ###################
INFO:root:VALID mean losses tensor(0.0049, device='cuda:0')
INFO:root:VALID mean errors 0.0013456103624776006
INFO:root:VALID mean MRR 0.07909216731786728 - mean MAP 0.00044200808042660356
INFO:root:VALID tp {0: tensor(345395915, device='cuda:0'), 1: tensor(300, device='cuda:0')},fn {0: tensor(463349, device='cuda:0'), 1: tensor(2046, device='cuda:0')},fp {0: tensor(2046, device='cuda:0'), 1: tensor(463349, device='cuda:0')}
INFO:root:VALID measures microavg - precision 0.9987 - recall 0.9987 - f1 0.9987 
INFO:root:VALID measures for class 0 - precision 1.0000 - recall 0.9987 - f1 0.9993 
INFO:root:VALID measures for class 1 - precision 0.0006 - recall 0.1279 - f1 0.0013 
INFO:root:VALID measures@10 microavg - precision 0.5000 - recall 0.0000 - f1 0.0000 
INFO:root:VALID measures@10 for class 0 - precision 1.0000 - recall 0.0000 - f1 0.0000 
INFO:root:VALID measures@10 for class 1 - precision 0.0000 - recall 0.0000 - f1 0.0000 
INFO:root:VALID measures@100 microavg - precision 0.5025 - recall 0.0000 - f1 0.0000 
INFO:root:VALID measures@100 for class 0 - precision 1.0000 - recall 0.0000 - f1 0.0000 
INFO:root:VALID measures@100 for class 1 - precision 0.0050 - recall 0.0021 - f1 0.0030 
INFO:root:VALID measures@1000 microavg - precision 0.5006 - recall 0.0000 - f1 0.0001 
INFO:root:VALID measures@1000 for class 0 - precision 1.0000 - recall 0.0000 - f1 0.0001 
INFO:root:VALID measures@1000 for class 1 - precision 0.0011 - recall 0.0047 - f1 0.0018 
INFO:root:VALID Total epoch time: 180.63851749199966
INFO:root:################ TRAIN epoch 10 ###################
INFO:root:TRAIN mean losses tensor(0.0230, device='cuda:0')
INFO:root:TRAIN mean errors 0.02679503709077835
INFO:root:TRAIN mean MRR 0.0 - mean MAP 0.047633927315473557
INFO:root:TRAIN tp {0: tensor(3826541, device='cuda:0'), 1: tensor(6127, device='cuda:0')},fn {0: tensor(72659, device='cuda:0'), 1: tensor(32865, device='cuda:0')},fp {0: tensor(32865, device='cuda:0'), 1: tensor(72659, device='cuda:0')}
INFO:root:TRAIN measures microavg - precision 0.9732 - recall 0.9732 - f1 0.9732 
INFO:root:TRAIN measures for class 0 - precision 0.9915 - recall 0.9814 - f1 0.9864 
INFO:root:TRAIN measures for class 1 - precision 0.0778 - recall 0.1571 - f1 0.1040 
INFO:root:TRAIN measures@10 microavg - precision 0.5775 - recall 0.0002 - f1 0.0004 
INFO:root:TRAIN measures@10 for class 0 - precision 0.9917 - recall 0.0002 - f1 0.0003 
INFO:root:TRAIN measures@10 for class 1 - precision 0.1633 - recall 0.0025 - f1 0.0050 
INFO:root:TRAIN measures@100 microavg - precision 0.5766 - recall 0.0018 - f1 0.0035 
INFO:root:TRAIN measures@100 for class 0 - precision 0.9955 - recall 0.0015 - f1 0.0031 
INFO:root:TRAIN measures@100 for class 1 - precision 0.1577 - recall 0.0243 - f1 0.0421 
INFO:root:TRAIN measures@1000 microavg - precision 0.5887 - recall 0.0163 - f1 0.0317 
INFO:root:TRAIN measures@1000 for class 0 - precision 0.9951 - recall 0.0153 - f1 0.0302 
INFO:root:TRAIN measures@1000 for class 1 - precision 0.0914 - recall 0.1150 - f1 0.1019 
INFO:root:TRAIN Total epoch time: 9.126221002003149
INFO:root:=> saved epoch checkpoint 'saved_models/EvolveGCN/bitcoinotc-20250514_054702/epoch_11.pkl'
INFO:root:################ VALID epoch 10 ###################
INFO:root:VALID mean losses tensor(0.0044, device='cuda:0')
INFO:root:VALID mean errors 0.0013288608752191067
INFO:root:VALID mean MRR 0.07399488240480423 - mean MAP 0.0003425008908379823
INFO:root:VALID tp {0: tensor(345401712, device='cuda:0'), 1: tensor(296, device='cuda:0')},fn {0: tensor(457552, device='cuda:0'), 1: tensor(2050, device='cuda:0')},fp {0: tensor(2050, device='cuda:0'), 1: tensor(457552, device='cuda:0')}
INFO:root:VALID measures microavg - precision 0.9987 - recall 0.9987 - f1 0.9987 
INFO:root:VALID measures for class 0 - precision 1.0000 - recall 0.9987 - f1 0.9993 
INFO:root:VALID measures for class 1 - precision 0.0006 - recall 0.1262 - f1 0.0013 
INFO:root:VALID measures@10 microavg - precision 0.5000 - recall 0.0000 - f1 0.0000 
INFO:root:VALID measures@10 for class 0 - precision 1.0000 - recall 0.0000 - f1 0.0000 
INFO:root:VALID measures@10 for class 1 - precision 0.0000 - recall 0.0000 - f1 0.0000 
INFO:root:VALID measures@100 microavg - precision 0.5000 - recall 0.0000 - f1 0.0000 
INFO:root:VALID measures@100 for class 0 - precision 1.0000 - recall 0.0000 - f1 0.0000 
INFO:root:VALID measures@100 for class 1 - precision 0.0000 - recall 0.0000 - f1 0.0000 
INFO:root:VALID measures@1000 microavg - precision 0.5001 - recall 0.0000 - f1 0.0001 
INFO:root:VALID measures@1000 for class 0 - precision 1.0000 - recall 0.0000 - f1 0.0001 
INFO:root:VALID measures@1000 for class 1 - precision 0.0003 - recall 0.0013 - f1 0.0005 
INFO:root:VALID Total epoch time: 182.463794452
INFO:root:################ TRAIN epoch 11 ###################
INFO:root:TRAIN mean losses tensor(0.0230, device='cuda:0')
INFO:root:TRAIN mean errors 0.02658834308385849
INFO:root:TRAIN mean MRR 0.0 - mean MAP 0.04756437614560127
INFO:root:TRAIN tp {0: tensor(3827337, device='cuda:0'), 1: tensor(6145, device='cuda:0')},fn {0: tensor(71863, device='cuda:0'), 1: tensor(32847, device='cuda:0')},fp {0: tensor(32847, device='cuda:0'), 1: tensor(71863, device='cuda:0')}
INFO:root:TRAIN measures microavg - precision 0.9734 - recall 0.9734 - f1 0.9734 
INFO:root:TRAIN measures for class 0 - precision 0.9915 - recall 0.9816 - f1 0.9865 
INFO:root:TRAIN measures for class 1 - precision 0.0788 - recall 0.1576 - f1 0.1050 
INFO:root:TRAIN measures@10 microavg - precision 0.5850 - recall 0.0002 - f1 0.0004 
INFO:root:TRAIN measures@10 for class 0 - precision 0.9933 - recall 0.0002 - f1 0.0003 
INFO:root:TRAIN measures@10 for class 1 - precision 0.1767 - recall 0.0027 - f1 0.0054 
INFO:root:TRAIN measures@100 microavg - precision 0.5767 - recall 0.0018 - f1 0.0035 
INFO:root:TRAIN measures@100 for class 0 - precision 0.9947 - recall 0.0015 - f1 0.0031 
INFO:root:TRAIN measures@100 for class 1 - precision 0.1588 - recall 0.0244 - f1 0.0424 
INFO:root:TRAIN measures@1000 microavg - precision 0.5935 - recall 0.0163 - f1 0.0317 
INFO:root:TRAIN measures@1000 for class 0 - precision 0.9946 - recall 0.0153 - f1 0.0301 
INFO:root:TRAIN measures@1000 for class 1 - precision 0.0911 - recall 0.1119 - f1 0.1004 
INFO:root:TRAIN Total epoch time: 9.077561432000948
INFO:root:=> saved epoch checkpoint 'saved_models/EvolveGCN/bitcoinotc-20250514_054702/epoch_12.pkl'
INFO:root:################ VALID epoch 11 ###################
INFO:root:VALID mean losses tensor(0.0047, device='cuda:0')
INFO:root:VALID mean errors 0.0014193393290042877
INFO:root:VALID mean MRR 0.07545217126607895 - mean MAP 0.0004537925124168396
INFO:root:VALID tp {0: tensor(345370390, device='cuda:0'), 1: tensor(325, device='cuda:0')},fn {0: tensor(488874, device='cuda:0'), 1: tensor(2021, device='cuda:0')},fp {0: tensor(2021, device='cuda:0'), 1: tensor(488874, device='cuda:0')}
INFO:root:VALID measures microavg - precision 0.9986 - recall 0.9986 - f1 0.9986 
INFO:root:VALID measures for class 0 - precision 1.0000 - recall 0.9986 - f1 0.9993 
INFO:root:VALID measures for class 1 - precision 0.0007 - recall 0.1385 - f1 0.0013 
INFO:root:VALID measures@10 microavg - precision 0.5100 - recall 0.0000 - f1 0.0000 
INFO:root:VALID measures@10 for class 0 - precision 1.0000 - recall 0.0000 - f1 0.0000 
INFO:root:VALID measures@10 for class 1 - precision 0.0200 - recall 0.0009 - f1 0.0016 
INFO:root:VALID measures@100 microavg - precision 0.5025 - recall 0.0000 - f1 0.0000 
INFO:root:VALID measures@100 for class 0 - precision 1.0000 - recall 0.0000 - f1 0.0000 
INFO:root:VALID measures@100 for class 1 - precision 0.0050 - recall 0.0021 - f1 0.0030 
INFO:root:VALID measures@1000 microavg - precision 0.5004 - recall 0.0000 - f1 0.0001 
INFO:root:VALID measures@1000 for class 0 - precision 1.0000 - recall 0.0000 - f1 0.0001 
INFO:root:VALID measures@1000 for class 1 - precision 0.0008 - recall 0.0034 - f1 0.0013 
INFO:root:VALID Total epoch time: 182.78043134499967
INFO:root:################ TRAIN epoch 12 ###################
INFO:root:TRAIN mean losses tensor(0.0230, device='cuda:0')
INFO:root:TRAIN mean errors 0.025743285194039345
INFO:root:TRAIN mean MRR 0.0 - mean MAP 0.04699011892080307
INFO:root:TRAIN tp {0: tensor(3830927, device='cuda:0'), 1: tensor(5883, device='cuda:0')},fn {0: tensor(68273, device='cuda:0'), 1: tensor(33109, device='cuda:0')},fp {0: tensor(33109, device='cuda:0'), 1: tensor(68273, device='cuda:0')}
INFO:root:TRAIN measures microavg - precision 0.9743 - recall 0.9743 - f1 0.9743 
INFO:root:TRAIN measures for class 0 - precision 0.9914 - recall 0.9825 - f1 0.9869 
INFO:root:TRAIN measures for class 1 - precision 0.0793 - recall 0.1509 - f1 0.1040 
INFO:root:TRAIN measures@10 microavg - precision 0.5800 - recall 0.0002 - f1 0.0004 
INFO:root:TRAIN measures@10 for class 0 - precision 0.9900 - recall 0.0002 - f1 0.0003 
INFO:root:TRAIN measures@10 for class 1 - precision 0.1700 - recall 0.0026 - f1 0.0052 
INFO:root:TRAIN measures@100 microavg - precision 0.5733 - recall 0.0017 - f1 0.0035 
INFO:root:TRAIN measures@100 for class 0 - precision 0.9940 - recall 0.0015 - f1 0.0031 
INFO:root:TRAIN measures@100 for class 1 - precision 0.1527 - recall 0.0235 - f1 0.0407 
INFO:root:TRAIN measures@1000 microavg - precision 0.5995 - recall 0.0163 - f1 0.0317 
INFO:root:TRAIN measures@1000 for class 0 - precision 0.9949 - recall 0.0153 - f1 0.0302 
INFO:root:TRAIN measures@1000 for class 1 - precision 0.0931 - recall 0.1118 - f1 0.1016 
INFO:root:TRAIN Total epoch time: 9.101057717001822
INFO:root:=> saved epoch checkpoint 'saved_models/EvolveGCN/bitcoinotc-20250514_054702/epoch_13.pkl'
INFO:root:################ VALID epoch 12 ###################
INFO:root:VALID mean losses tensor(0.0056, device='cuda:0')
INFO:root:VALID mean errors 0.0017218244029209018
INFO:root:VALID mean MRR 0.07228776067495346 - mean MAP 0.00031778845004737377
INFO:root:VALID tp {0: tensor(345265740, device='cuda:0'), 1: tensor(357, device='cuda:0')},fn {0: tensor(593524, device='cuda:0'), 1: tensor(1989, device='cuda:0')},fp {0: tensor(1989, device='cuda:0'), 1: tensor(593524, device='cuda:0')}
INFO:root:VALID measures microavg - precision 0.9983 - recall 0.9983 - f1 0.9983 
INFO:root:VALID measures for class 0 - precision 1.0000 - recall 0.9983 - f1 0.9991 
INFO:root:VALID measures for class 1 - precision 0.0006 - recall 0.1522 - f1 0.0012 
INFO:root:VALID measures@10 microavg - precision 0.5000 - recall 0.0000 - f1 0.0000 
INFO:root:VALID measures@10 for class 0 - precision 1.0000 - recall 0.0000 - f1 0.0000 
INFO:root:VALID measures@10 for class 1 - precision 0.0000 - recall 0.0000 - f1 0.0000 
INFO:root:VALID measures@100 microavg - precision 0.5000 - recall 0.0000 - f1 0.0000 
INFO:root:VALID measures@100 for class 0 - precision 1.0000 - recall 0.0000 - f1 0.0000 
INFO:root:VALID measures@100 for class 1 - precision 0.0000 - recall 0.0000 - f1 0.0000 
INFO:root:VALID measures@1000 microavg - precision 0.5003 - recall 0.0000 - f1 0.0001 
INFO:root:VALID measures@1000 for class 0 - precision 1.0000 - recall 0.0000 - f1 0.0001 
INFO:root:VALID measures@1000 for class 1 - precision 0.0006 - recall 0.0026 - f1 0.0010 
INFO:root:VALID Total epoch time: 183.00236276600117
INFO:root:################ TRAIN epoch 13 ###################
INFO:root:TRAIN mean losses tensor(0.0229, device='cuda:0')
INFO:root:TRAIN mean errors 0.025329643860459328
INFO:root:TRAIN mean MRR 0.0 - mean MAP 0.047965098172426224
INFO:root:TRAIN tp {0: tensor(3832410, device='cuda:0'), 1: tensor(6029, device='cuda:0')},fn {0: tensor(66790, device='cuda:0'), 1: tensor(32963, device='cuda:0')},fp {0: tensor(32963, device='cuda:0'), 1: tensor(66790, device='cuda:0')}
INFO:root:TRAIN measures microavg - precision 0.9747 - recall 0.9747 - f1 0.9747 
INFO:root:TRAIN measures for class 0 - precision 0.9915 - recall 0.9829 - f1 0.9872 
INFO:root:TRAIN measures for class 1 - precision 0.0828 - recall 0.1546 - f1 0.1078 
INFO:root:TRAIN measures@10 microavg - precision 0.5950 - recall 0.0002 - f1 0.0004 
INFO:root:TRAIN measures@10 for class 0 - precision 0.9917 - recall 0.0002 - f1 0.0003 
INFO:root:TRAIN measures@10 for class 1 - precision 0.1983 - recall 0.0031 - f1 0.0060 
INFO:root:TRAIN measures@100 microavg - precision 0.5765 - recall 0.0018 - f1 0.0035 
INFO:root:TRAIN measures@100 for class 0 - precision 0.9945 - recall 0.0015 - f1 0.0031 
INFO:root:TRAIN measures@100 for class 1 - precision 0.1580 - recall 0.0243 - f1 0.0421 
INFO:root:TRAIN measures@1000 microavg - precision 0.5861 - recall 0.0164 - f1 0.0318 
INFO:root:TRAIN measures@1000 for class 0 - precision 0.9956 - recall 0.0153 - f1 0.0302 
INFO:root:TRAIN measures@1000 for class 1 - precision 0.0940 - recall 0.1204 - f1 0.1056 
INFO:root:TRAIN Total epoch time: 9.274175875001674
INFO:root:=> saved epoch checkpoint 'saved_models/EvolveGCN/bitcoinotc-20250514_054702/epoch_14.pkl'
INFO:root:################ VALID epoch 13 ###################
INFO:root:VALID mean losses tensor(0.0051, device='cuda:0')
INFO:root:VALID mean errors 0.0013882748316973448
INFO:root:VALID mean MRR 0.07457312196493149 - mean MAP 0.0004968272405676544
INFO:root:VALID tp {0: tensor(345381129, device='cuda:0'), 1: tensor(330, device='cuda:0')},fn {0: tensor(478135, device='cuda:0'), 1: tensor(2016, device='cuda:0')},fp {0: tensor(2016, device='cuda:0'), 1: tensor(478135, device='cuda:0')}
INFO:root:VALID measures microavg - precision 0.9986 - recall 0.9986 - f1 0.9986 
INFO:root:VALID measures for class 0 - precision 1.0000 - recall 0.9986 - f1 0.9993 
INFO:root:VALID measures for class 1 - precision 0.0007 - recall 0.1407 - f1 0.0014 
INFO:root:VALID measures@10 microavg - precision 0.5000 - recall 0.0000 - f1 0.0000 
INFO:root:VALID measures@10 for class 0 - precision 1.0000 - recall 0.0000 - f1 0.0000 
INFO:root:VALID measures@10 for class 1 - precision 0.0000 - recall 0.0000 - f1 0.0000 
INFO:root:VALID measures@100 microavg - precision 0.5025 - recall 0.0000 - f1 0.0000 
INFO:root:VALID measures@100 for class 0 - precision 1.0000 - recall 0.0000 - f1 0.0000 
INFO:root:VALID measures@100 for class 1 - precision 0.0050 - recall 0.0021 - f1 0.0030 
INFO:root:VALID measures@1000 microavg - precision 0.5010 - recall 0.0000 - f1 0.0001 
INFO:root:VALID measures@1000 for class 0 - precision 1.0000 - recall 0.0000 - f1 0.0001 
INFO:root:VALID measures@1000 for class 1 - precision 0.0019 - recall 0.0081 - f1 0.0031 
INFO:root:VALID Total epoch time: 178.5133244690005
INFO:root:################ TRAIN epoch 14 ###################
INFO:root:TRAIN mean losses tensor(0.0229, device='cuda:0')
INFO:root:TRAIN mean errors 0.026499977335333824
INFO:root:TRAIN mean MRR 0.0 - mean MAP 0.04826410114765167
INFO:root:TRAIN tp {0: tensor(3827613, device='cuda:0'), 1: tensor(6217, device='cuda:0')},fn {0: tensor(71587, device='cuda:0'), 1: tensor(32775, device='cuda:0')},fp {0: tensor(32775, device='cuda:0'), 1: tensor(71587, device='cuda:0')}
INFO:root:TRAIN measures microavg - precision 0.9735 - recall 0.9735 - f1 0.9735 
INFO:root:TRAIN measures for class 0 - precision 0.9915 - recall 0.9816 - f1 0.9866 
INFO:root:TRAIN measures for class 1 - precision 0.0799 - recall 0.1594 - f1 0.1065 
INFO:root:TRAIN measures@10 microavg - precision 0.5858 - recall 0.0002 - f1 0.0004 
INFO:root:TRAIN measures@10 for class 0 - precision 0.9933 - recall 0.0002 - f1 0.0003 
INFO:root:TRAIN measures@10 for class 1 - precision 0.1783 - recall 0.0027 - f1 0.0054 
INFO:root:TRAIN measures@100 microavg - precision 0.5810 - recall 0.0018 - f1 0.0035 
INFO:root:TRAIN measures@100 for class 0 - precision 0.9963 - recall 0.0015 - f1 0.0031 
INFO:root:TRAIN measures@100 for class 1 - precision 0.1657 - recall 0.0255 - f1 0.0442 
INFO:root:TRAIN measures@1000 microavg - precision 0.5773 - recall 0.0164 - f1 0.0318 
INFO:root:TRAIN measures@1000 for class 0 - precision 0.9951 - recall 0.0153 - f1 0.0302 
INFO:root:TRAIN measures@1000 for class 1 - precision 0.0920 - recall 0.1219 - f1 0.1049 
INFO:root:TRAIN Total epoch time: 9.074643457999628
INFO:root:=> saved epoch checkpoint 'saved_models/EvolveGCN/bitcoinotc-20250514_054702/epoch_15.pkl'
INFO:root:################ VALID epoch 14 ###################
INFO:root:VALID mean losses tensor(0.0048, device='cuda:0')
INFO:root:VALID mean errors 0.0012557334266602993
INFO:root:VALID mean MRR 0.07972083985805511 - mean MAP 0.0003585148078855127
INFO:root:VALID tp {0: tensor(345426984, device='cuda:0'), 1: tensor(316, device='cuda:0')},fn {0: tensor(432280, device='cuda:0'), 1: tensor(2030, device='cuda:0')},fp {0: tensor(2030, device='cuda:0'), 1: tensor(432280, device='cuda:0')}
INFO:root:VALID measures microavg - precision 0.9987 - recall 0.9987 - f1 0.9987 
INFO:root:VALID measures for class 0 - precision 1.0000 - recall 0.9988 - f1 0.9994 
INFO:root:VALID measures for class 1 - precision 0.0007 - recall 0.1347 - f1 0.0015 
INFO:root:VALID measures@10 microavg - precision 0.5000 - recall 0.0000 - f1 0.0000 
INFO:root:VALID measures@10 for class 0 - precision 1.0000 - recall 0.0000 - f1 0.0000 
INFO:root:VALID measures@10 for class 1 - precision 0.0000 - recall 0.0000 - f1 0.0000 
INFO:root:VALID measures@100 microavg - precision 0.5015 - recall 0.0000 - f1 0.0000 
INFO:root:VALID measures@100 for class 0 - precision 1.0000 - recall 0.0000 - f1 0.0000 
INFO:root:VALID measures@100 for class 1 - precision 0.0030 - recall 0.0013 - f1 0.0018 
INFO:root:VALID measures@1000 microavg - precision 0.5003 - recall 0.0000 - f1 0.0001 
INFO:root:VALID measures@1000 for class 0 - precision 1.0000 - recall 0.0000 - f1 0.0001 
INFO:root:VALID measures@1000 for class 1 - precision 0.0006 - recall 0.0026 - f1 0.0010 
INFO:root:VALID Total epoch time: 181.3404647549978
INFO:root:################ TRAIN epoch 15 ###################
INFO:root:TRAIN mean losses tensor(0.0229, device='cuda:0')
INFO:root:TRAIN mean errors 0.026023108512163162
INFO:root:TRAIN mean MRR 0.0 - mean MAP 0.04770723730325699
INFO:root:TRAIN tp {0: tensor(3829664, device='cuda:0'), 1: tensor(6044, device='cuda:0')},fn {0: tensor(69536, device='cuda:0'), 1: tensor(32948, device='cuda:0')},fp {0: tensor(32948, device='cuda:0'), 1: tensor(69536, device='cuda:0')}
INFO:root:TRAIN measures microavg - precision 0.9740 - recall 0.9740 - f1 0.9740 
INFO:root:TRAIN measures for class 0 - precision 0.9915 - recall 0.9822 - f1 0.9868 
INFO:root:TRAIN measures for class 1 - precision 0.0800 - recall 0.1550 - f1 0.1055 
INFO:root:TRAIN measures@10 microavg - precision 0.5800 - recall 0.0002 - f1 0.0004 
INFO:root:TRAIN measures@10 for class 0 - precision 0.9900 - recall 0.0002 - f1 0.0003 
INFO:root:TRAIN measures@10 for class 1 - precision 0.1700 - recall 0.0026 - f1 0.0052 
INFO:root:TRAIN measures@100 microavg - precision 0.5771 - recall 0.0018 - f1 0.0035 
INFO:root:TRAIN measures@100 for class 0 - precision 0.9933 - recall 0.0015 - f1 0.0031 
INFO:root:TRAIN measures@100 for class 1 - precision 0.1608 - recall 0.0247 - f1 0.0429 
INFO:root:TRAIN measures@1000 microavg - precision 0.5771 - recall 0.0164 - f1 0.0318 
INFO:root:TRAIN measures@1000 for class 0 - precision 0.9943 - recall 0.0153 - f1 0.0301 
INFO:root:TRAIN measures@1000 for class 1 - precision 0.0932 - recall 0.1236 - f1 0.1063 
INFO:root:TRAIN Total epoch time: 9.038962905000517
INFO:root:=> saved epoch checkpoint 'saved_models/EvolveGCN/bitcoinotc-20250514_054702/epoch_16.pkl'
INFO:root:################ VALID epoch 15 ###################
INFO:root:VALID mean losses tensor(0.0049, device='cuda:0')
INFO:root:VALID mean errors 0.0014302135678008199
INFO:root:VALID mean MRR 0.07511930167675018 - mean MAP 0.0003623570082709193
INFO:root:VALID tp {0: tensor(345366618, device='cuda:0'), 1: tensor(336, device='cuda:0')},fn {0: tensor(492646, device='cuda:0'), 1: tensor(2010, device='cuda:0')},fp {0: tensor(2010, device='cuda:0'), 1: tensor(492646, device='cuda:0')}
INFO:root:VALID measures microavg - precision 0.9986 - recall 0.9986 - f1 0.9986 
INFO:root:VALID measures for class 0 - precision 1.0000 - recall 0.9986 - f1 0.9993 
INFO:root:VALID measures for class 1 - precision 0.0007 - recall 0.1432 - f1 0.0014 
INFO:root:VALID measures@10 microavg - precision 0.5000 - recall 0.0000 - f1 0.0000 
INFO:root:VALID measures@10 for class 0 - precision 1.0000 - recall 0.0000 - f1 0.0000 
INFO:root:VALID measures@10 for class 1 - precision 0.0000 - recall 0.0000 - f1 0.0000 
INFO:root:VALID measures@100 microavg - precision 0.5010 - recall 0.0000 - f1 0.0000 
INFO:root:VALID measures@100 for class 0 - precision 1.0000 - recall 0.0000 - f1 0.0000 
INFO:root:VALID measures@100 for class 1 - precision 0.0020 - recall 0.0009 - f1 0.0012 
INFO:root:VALID measures@1000 microavg - precision 0.5003 - recall 0.0000 - f1 0.0001 
INFO:root:VALID measures@1000 for class 0 - precision 1.0000 - recall 0.0000 - f1 0.0001 
INFO:root:VALID measures@1000 for class 1 - precision 0.0006 - recall 0.0026 - f1 0.0010 
INFO:root:VALID Total epoch time: 180.7421987279995
INFO:root:################ TRAIN epoch 16 ###################
INFO:root:TRAIN mean losses tensor(0.0228, device='cuda:0')
INFO:root:TRAIN mean errors 0.02509908191859722
INFO:root:TRAIN mean MRR 0.0 - mean MAP 0.049317970871925354
INFO:root:TRAIN tp {0: tensor(3833512, device='cuda:0'), 1: tensor(5835, device='cuda:0')},fn {0: tensor(65688, device='cuda:0'), 1: tensor(33157, device='cuda:0')},fp {0: tensor(33157, device='cuda:0'), 1: tensor(65688, device='cuda:0')}
INFO:root:TRAIN measures microavg - precision 0.9749 - recall 0.9749 - f1 0.9749 
INFO:root:TRAIN measures for class 0 - precision 0.9914 - recall 0.9832 - f1 0.9873 
INFO:root:TRAIN measures for class 1 - precision 0.0816 - recall 0.1496 - f1 0.1056 
INFO:root:TRAIN measures@10 microavg - precision 0.5975 - recall 0.0002 - f1 0.0004 
INFO:root:TRAIN measures@10 for class 0 - precision 0.9967 - recall 0.0002 - f1 0.0003 
INFO:root:TRAIN measures@10 for class 1 - precision 0.1983 - recall 0.0031 - f1 0.0060 
INFO:root:TRAIN measures@100 microavg - precision 0.5805 - recall 0.0018 - f1 0.0035 
INFO:root:TRAIN measures@100 for class 0 - precision 0.9950 - recall 0.0015 - f1 0.0031 
INFO:root:TRAIN measures@100 for class 1 - precision 0.1660 - recall 0.0255 - f1 0.0443 
INFO:root:TRAIN measures@1000 microavg - precision 0.5783 - recall 0.0164 - f1 0.0319 
INFO:root:TRAIN measures@1000 for class 0 - precision 0.9954 - recall 0.0153 - f1 0.0302 
INFO:root:TRAIN measures@1000 for class 1 - precision 0.0928 - recall 0.1227 - f1 0.1057 
INFO:root:TRAIN Total epoch time: 9.15650795500187
INFO:root:=> saved epoch checkpoint 'saved_models/EvolveGCN/bitcoinotc-20250514_054702/epoch_17.pkl'
INFO:root:################ VALID epoch 16 ###################
INFO:root:VALID mean losses tensor(0.0051, device='cuda:0')
INFO:root:VALID mean errors 0.0014372047735378146
INFO:root:VALID mean MRR 0.08016994595527649 - mean MAP 0.000345423148246482
INFO:root:VALID tp {0: tensor(345364211, device='cuda:0'), 1: tensor(325, device='cuda:0')},fn {0: tensor(495053, device='cuda:0'), 1: tensor(2021, device='cuda:0')},fp {0: tensor(2021, device='cuda:0'), 1: tensor(495053, device='cuda:0')}
INFO:root:VALID measures microavg - precision 0.9986 - recall 0.9986 - f1 0.9986 
INFO:root:VALID measures for class 0 - precision 1.0000 - recall 0.9986 - f1 0.9993 
INFO:root:VALID measures for class 1 - precision 0.0007 - recall 0.1385 - f1 0.0013 
INFO:root:VALID measures@10 microavg - precision 0.5000 - recall 0.0000 - f1 0.0000 
INFO:root:VALID measures@10 for class 0 - precision 1.0000 - recall 0.0000 - f1 0.0000 
INFO:root:VALID measures@10 for class 1 - precision 0.0000 - recall 0.0000 - f1 0.0000 
INFO:root:VALID measures@100 microavg - precision 0.5000 - recall 0.0000 - f1 0.0000 
INFO:root:VALID measures@100 for class 0 - precision 1.0000 - recall 0.0000 - f1 0.0000 
INFO:root:VALID measures@100 for class 1 - precision 0.0000 - recall 0.0000 - f1 0.0000 
INFO:root:VALID measures@1000 microavg - precision 0.5002 - recall 0.0000 - f1 0.0001 
INFO:root:VALID measures@1000 for class 0 - precision 1.0000 - recall 0.0000 - f1 0.0001 
INFO:root:VALID measures@1000 for class 1 - precision 0.0005 - recall 0.0021 - f1 0.0008 
INFO:root:VALID Total epoch time: 182.75502911600051
INFO:root:################ TRAIN epoch 17 ###################
INFO:root:TRAIN mean losses tensor(0.0229, device='cuda:0')
INFO:root:TRAIN mean errors 0.025781627744436264
INFO:root:TRAIN mean MRR 0.0 - mean MAP 0.049774665385484695
INFO:root:TRAIN tp {0: tensor(3830507, device='cuda:0'), 1: tensor(6152, device='cuda:0')},fn {0: tensor(68693, device='cuda:0'), 1: tensor(32840, device='cuda:0')},fp {0: tensor(32840, device='cuda:0'), 1: tensor(68693, device='cuda:0')}
INFO:root:TRAIN measures microavg - precision 0.9742 - recall 0.9742 - f1 0.9742 
INFO:root:TRAIN measures for class 0 - precision 0.9915 - recall 0.9824 - f1 0.9869 
INFO:root:TRAIN measures for class 1 - precision 0.0822 - recall 0.1578 - f1 0.1081 
INFO:root:TRAIN measures@10 microavg - precision 0.6100 - recall 0.0002 - f1 0.0004 
INFO:root:TRAIN measures@10 for class 0 - precision 0.9950 - recall 0.0002 - f1 0.0003 
INFO:root:TRAIN measures@10 for class 1 - precision 0.2250 - recall 0.0035 - f1 0.0068 
INFO:root:TRAIN measures@100 microavg - precision 0.5848 - recall 0.0018 - f1 0.0036 
INFO:root:TRAIN measures@100 for class 0 - precision 0.9952 - recall 0.0015 - f1 0.0031 
INFO:root:TRAIN measures@100 for class 1 - precision 0.1744 - recall 0.0268 - f1 0.0465 
INFO:root:TRAIN measures@1000 microavg - precision 0.5838 - recall 0.0164 - f1 0.0319 
INFO:root:TRAIN measures@1000 for class 0 - precision 0.9958 - recall 0.0153 - f1 0.0302 
INFO:root:TRAIN measures@1000 for class 1 - precision 0.0944 - recall 0.1224 - f1 0.1066 
INFO:root:TRAIN Total epoch time: 9.227521754000918
INFO:root:=> saved epoch checkpoint 'saved_models/EvolveGCN/bitcoinotc-20250514_054702/epoch_18.pkl'
INFO:root:################ VALID epoch 17 ###################
INFO:root:VALID mean losses tensor(0.0049, device='cuda:0')
INFO:root:VALID mean errors 0.0010790008818730712
INFO:root:VALID mean MRR 0.07538331300020218 - mean MAP 0.0003802613646257669
INFO:root:VALID tp {0: tensor(345488162, device='cuda:0'), 1: tensor(263, device='cuda:0')},fn {0: tensor(371102, device='cuda:0'), 1: tensor(2083, device='cuda:0')},fp {0: tensor(2083, device='cuda:0'), 1: tensor(371102, device='cuda:0')}
INFO:root:VALID measures microavg - precision 0.9989 - recall 0.9989 - f1 0.9989 
INFO:root:VALID measures for class 0 - precision 1.0000 - recall 0.9989 - f1 0.9995 
INFO:root:VALID measures for class 1 - precision 0.0007 - recall 0.1121 - f1 0.0014 
INFO:root:VALID measures@10 microavg - precision 0.5000 - recall 0.0000 - f1 0.0000 
INFO:root:VALID measures@10 for class 0 - precision 1.0000 - recall 0.0000 - f1 0.0000 
INFO:root:VALID measures@10 for class 1 - precision 0.0000 - recall 0.0000 - f1 0.0000 
INFO:root:VALID measures@100 microavg - precision 0.5020 - recall 0.0000 - f1 0.0000 
INFO:root:VALID measures@100 for class 0 - precision 1.0000 - recall 0.0000 - f1 0.0000 
INFO:root:VALID measures@100 for class 1 - precision 0.0040 - recall 0.0017 - f1 0.0024 
INFO:root:VALID measures@1000 microavg - precision 0.5004 - recall 0.0000 - f1 0.0001 
INFO:root:VALID measures@1000 for class 0 - precision 1.0000 - recall 0.0000 - f1 0.0001 
INFO:root:VALID measures@1000 for class 1 - precision 0.0008 - recall 0.0034 - f1 0.0013 
INFO:root:VALID Total epoch time: 185.61901862200102
INFO:root:################ TRAIN epoch 18 ###################
INFO:root:TRAIN mean losses tensor(0.0228, device='cuda:0')
INFO:root:TRAIN mean errors 0.026346862316131592
INFO:root:TRAIN mean MRR 0.0 - mean MAP 0.04879796504974365
INFO:root:TRAIN tp {0: tensor(3828307, device='cuda:0'), 1: tensor(6126, device='cuda:0')},fn {0: tensor(70893, device='cuda:0'), 1: tensor(32866, device='cuda:0')},fp {0: tensor(32866, device='cuda:0'), 1: tensor(70893, device='cuda:0')}
INFO:root:TRAIN measures microavg - precision 0.9737 - recall 0.9737 - f1 0.9737 
INFO:root:TRAIN measures for class 0 - precision 0.9915 - recall 0.9818 - f1 0.9866 
INFO:root:TRAIN measures for class 1 - precision 0.0795 - recall 0.1571 - f1 0.1056 
INFO:root:TRAIN measures@10 microavg - precision 0.5958 - recall 0.0002 - f1 0.0004 
INFO:root:TRAIN measures@10 for class 0 - precision 0.9917 - recall 0.0002 - f1 0.0003 
INFO:root:TRAIN measures@10 for class 1 - precision 0.2000 - recall 0.0031 - f1 0.0061 
INFO:root:TRAIN measures@100 microavg - precision 0.5807 - recall 0.0018 - f1 0.0035 
INFO:root:TRAIN measures@100 for class 0 - precision 0.9953 - recall 0.0015 - f1 0.0031 
INFO:root:TRAIN measures@100 for class 1 - precision 0.1662 - recall 0.0256 - f1 0.0443 
INFO:root:TRAIN measures@1000 microavg - precision 0.5727 - recall 0.0164 - f1 0.0319 
INFO:root:TRAIN measures@1000 for class 0 - precision 0.9949 - recall 0.0153 - f1 0.0302 
INFO:root:TRAIN measures@1000 for class 1 - precision 0.0917 - recall 0.1238 - f1 0.1053 
INFO:root:TRAIN Total epoch time: 9.175372663001326
INFO:root:=> saved epoch checkpoint 'saved_models/EvolveGCN/bitcoinotc-20250514_054702/epoch_19.pkl'
INFO:root:################ VALID epoch 18 ###################
INFO:root:VALID mean losses tensor(0.0051, device='cuda:0')
INFO:root:VALID mean errors 0.0005361508228816092
INFO:root:VALID mean MRR 0.07860741019248962 - mean MAP 0.0007724430179223418
INFO:root:VALID tp {0: tensor(345675981, device='cuda:0'), 1: tensor(195, device='cuda:0')},fn {0: tensor(183283, device='cuda:0'), 1: tensor(2151, device='cuda:0')},fp {0: tensor(2151, device='cuda:0'), 1: tensor(183283, device='cuda:0')}
INFO:root:VALID measures microavg - precision 0.9995 - recall 0.9995 - f1 0.9995 
INFO:root:VALID measures for class 0 - precision 1.0000 - recall 0.9995 - f1 0.9997 
INFO:root:VALID measures for class 1 - precision 0.0011 - recall 0.0831 - f1 0.0021 
INFO:root:VALID measures@10 microavg - precision 0.5263 - recall 0.0000 - f1 0.0000 
INFO:root:VALID measures@10 for class 0 - precision 1.0000 - recall 0.0000 - f1 0.0000 
INFO:root:VALID measures@10 for class 1 - precision 0.0000 - recall 0.0000 - f1 0.0000 
INFO:root:VALID measures@100 microavg - precision 0.5284 - recall 0.0000 - f1 0.0000 
INFO:root:VALID measures@100 for class 0 - precision 0.9980 - recall 0.0000 - f1 0.0000 
INFO:root:VALID measures@100 for class 1 - precision 0.0067 - recall 0.0026 - f1 0.0037 
INFO:root:VALID measures@1000 microavg - precision 0.5725 - recall 0.0000 - f1 0.0001 
INFO:root:VALID measures@1000 for class 0 - precision 0.9994 - recall 0.0000 - f1 0.0001 
INFO:root:VALID measures@1000 for class 1 - precision 0.0020 - recall 0.0064 - f1 0.0031 
INFO:root:VALID Total epoch time: 183.7886924859995
INFO:root:################ TEST epoch 18 ###################
INFO:root:TEST batch 1 / 20 - partial error 0.0005 - partial loss 0.0058 - partial MRR  0.0466 - partial MAP 0.0005
INFO:root:TEST batch 1 / 20 -  partial tp {0: tensor(34568354, device='cuda:0'), 1: tensor(5, device='cuda:0')},fn {0: tensor(17671, device='cuda:0'), 1: tensor(131, device='cuda:0')},fp {0: tensor(131, device='cuda:0'), 1: tensor(17671, device='cuda:0')}
INFO:root:TEST batch 1 / 20 - measures partial microavg - precision 0.9995 - recall 0.9995 - f1 0.9995 
INFO:root:TEST batch 1 / 20 - measures partial for class 0 - precision 1.0000 - recall 0.9995 - f1 0.9997 
INFO:root:TEST batch 1 / 20 - measures partial for class 1 - precision 0.0003 - recall 0.0368 - f1 0.0006 
INFO:root:TEST batch 1 / 20 - Batch time 27 
INFO:root:TEST batch 2 / 20 - partial error 0.0003 - partial loss 0.0058 - partial MRR  0.0717 - partial MAP 0.0005
INFO:root:TEST batch 2 / 20 -  partial tp {0: tensor(34586065, device='cuda:0'), 1: tensor(0, device='cuda:0')},fn {0: tensor(18, device='cuda:0'), 1: tensor(78, device='cuda:0')},fp {0: tensor(78, device='cuda:0'), 1: tensor(18, device='cuda:0')}
INFO:root:TEST batch 2 / 20 - measures partial microavg - precision 1.0000 - recall 1.0000 - f1 1.0000 
INFO:root:TEST batch 2 / 20 - measures partial for class 0 - precision 1.0000 - recall 1.0000 - f1 1.0000 
INFO:root:TEST batch 2 / 20 - measures partial for class 1 - precision 0.0000 - recall 0.0000 - f1 0.0000 
INFO:root:TEST batch 2 / 20 - Batch time 17 
INFO:root:TEST batch 3 / 20 - partial error 0.0002 - partial loss 0.0060 - partial MRR  0.0874 - partial MAP 0.0008
INFO:root:TEST batch 3 / 20 -  partial tp {0: tensor(34580206, device='cuda:0'), 1: tensor(4, device='cuda:0')},fn {0: tensor(5877, device='cuda:0'), 1: tensor(74, device='cuda:0')},fp {0: tensor(74, device='cuda:0'), 1: tensor(5877, device='cuda:0')}
INFO:root:TEST batch 3 / 20 - measures partial microavg - precision 0.9998 - recall 0.9998 - f1 0.9998 
INFO:root:TEST batch 3 / 20 - measures partial for class 0 - precision 1.0000 - recall 0.9998 - f1 0.9999 
INFO:root:TEST batch 3 / 20 - measures partial for class 1 - precision 0.0007 - recall 0.0513 - f1 0.0013 
INFO:root:TEST batch 3 / 20 - Batch time 17 
INFO:root:TEST batch 4 / 20 - partial error 0.0002 - partial loss 0.0064 - partial MRR  0.0876 - partial MAP 0.0014
INFO:root:TEST batch 4 / 20 -  partial tp {0: tensor(34586085, device='cuda:0'), 1: tensor(1, device='cuda:0')},fn {0: tensor(4, device='cuda:0'), 1: tensor(71, device='cuda:0')},fp {0: tensor(71, device='cuda:0'), 1: tensor(4, device='cuda:0')}
INFO:root:TEST batch 4 / 20 - measures partial microavg - precision 1.0000 - recall 1.0000 - f1 1.0000 
INFO:root:TEST batch 4 / 20 - measures partial for class 0 - precision 1.0000 - recall 1.0000 - f1 1.0000 
INFO:root:TEST batch 4 / 20 - measures partial for class 1 - precision 0.2000 - recall 0.0139 - f1 0.0260 
INFO:root:TEST batch 4 / 20 - Batch time 17 
INFO:root:TEST batch 5 / 20 - partial error 0.0001 - partial loss 0.0069 - partial MRR  0.0767 - partial MAP 0.0011
INFO:root:TEST batch 5 / 20 -  partial tp {0: tensor(34586065, device='cuda:0'), 1: tensor(0, device='cuda:0')},fn {0: tensor(0, device='cuda:0'), 1: tensor(96, device='cuda:0')},fp {0: tensor(96, device='cuda:0'), 1: tensor(0, device='cuda:0')}
INFO:root:TEST batch 5 / 20 - measures partial microavg - precision 1.0000 - recall 1.0000 - f1 1.0000 
INFO:root:TEST batch 5 / 20 - measures partial for class 0 - precision 1.0000 - recall 1.0000 - f1 1.0000 
INFO:root:TEST batch 5 / 20 - measures partial for class 1 - precision 0.0000 - recall 0.0000 - f1 0.0000 
INFO:root:TEST batch 5 / 20 - Batch time 17 
INFO:root:TEST batch 6 / 20 - partial error 0.0001 - partial loss 0.0073 - partial MRR  0.0768 - partial MAP 0.0010
INFO:root:TEST batch 6 / 20 -  partial tp {0: tensor(34585979, device='cuda:0'), 1: tensor(0, device='cuda:0')},fn {0: tensor(0, device='cuda:0'), 1: tensor(182, device='cuda:0')},fp {0: tensor(182, device='cuda:0'), 1: tensor(0, device='cuda:0')}
INFO:root:TEST batch 6 / 20 - measures partial microavg - precision 1.0000 - recall 1.0000 - f1 1.0000 
INFO:root:TEST batch 6 / 20 - measures partial for class 0 - precision 1.0000 - recall 1.0000 - f1 1.0000 
INFO:root:TEST batch 6 / 20 - measures partial for class 1 - precision 0.0000 - recall 0.0000 - f1 0.0000 
INFO:root:TEST batch 6 / 20 - Batch time 17 
INFO:root:TEST batch 7 / 20 - partial error 0.0001 - partial loss 0.0076 - partial MRR  0.0760 - partial MAP 0.0008
INFO:root:TEST batch 7 / 20 -  partial tp {0: tensor(34586057, device='cuda:0'), 1: tensor(0, device='cuda:0')},fn {0: tensor(0, device='cuda:0'), 1: tensor(104, device='cuda:0')},fp {0: tensor(104, device='cuda:0'), 1: tensor(0, device='cuda:0')}
INFO:root:TEST batch 7 / 20 - measures partial microavg - precision 1.0000 - recall 1.0000 - f1 1.0000 
INFO:root:TEST batch 7 / 20 - measures partial for class 0 - precision 1.0000 - recall 1.0000 - f1 1.0000 
INFO:root:TEST batch 7 / 20 - measures partial for class 1 - precision 0.0000 - recall 0.0000 - f1 0.0000 
INFO:root:TEST batch 7 / 20 - Batch time 17 
INFO:root:TEST batch 8 / 20 - partial error 0.0001 - partial loss 0.0079 - partial MRR  0.0693 - partial MAP 0.0007
INFO:root:TEST batch 8 / 20 -  partial tp {0: tensor(34586103, device='cuda:0'), 1: tensor(0, device='cuda:0')},fn {0: tensor(0, device='cuda:0'), 1: tensor(58, device='cuda:0')},fp {0: tensor(58, device='cuda:0'), 1: tensor(0, device='cuda:0')}
INFO:root:TEST batch 8 / 20 - measures partial microavg - precision 1.0000 - recall 1.0000 - f1 1.0000 
INFO:root:TEST batch 8 / 20 - measures partial for class 0 - precision 1.0000 - recall 1.0000 - f1 1.0000 
INFO:root:TEST batch 8 / 20 - measures partial for class 1 - precision 0.0000 - recall 0.0000 - f1 0.0000 
INFO:root:TEST batch 8 / 20 - Batch time 17 
INFO:root:TEST batch 9 / 20 - partial error 0.0001 - partial loss 0.0082 - partial MRR  0.0669 - partial MAP 0.0007
INFO:root:TEST batch 9 / 20 -  partial tp {0: tensor(34586121, device='cuda:0'), 1: tensor(0, device='cuda:0')},fn {0: tensor(0, device='cuda:0'), 1: tensor(40, device='cuda:0')},fp {0: tensor(40, device='cuda:0'), 1: tensor(0, device='cuda:0')}
INFO:root:TEST batch 9 / 20 - measures partial microavg - precision 1.0000 - recall 1.0000 - f1 1.0000 
INFO:root:TEST batch 9 / 20 - measures partial for class 0 - precision 1.0000 - recall 1.0000 - f1 1.0000 
INFO:root:TEST batch 9 / 20 - measures partial for class 1 - precision 0.0000 - recall 0.0000 - f1 0.0000 
INFO:root:TEST batch 9 / 20 - Batch time 17 
INFO:root:TEST batch 10 / 20 - partial error 0.0001 - partial loss 0.0084 - partial MRR  0.0660 - partial MAP 0.0006
INFO:root:TEST batch 10 / 20 -  partial tp {0: tensor(34586079, device='cuda:0'), 1: tensor(0, device='cuda:0')},fn {0: tensor(0, device='cuda:0'), 1: tensor(82, device='cuda:0')},fp {0: tensor(82, device='cuda:0'), 1: tensor(0, device='cuda:0')}
INFO:root:TEST batch 10 / 20 - measures partial microavg - precision 1.0000 - recall 1.0000 - f1 1.0000 
INFO:root:TEST batch 10 / 20 - measures partial for class 0 - precision 1.0000 - recall 1.0000 - f1 1.0000 
INFO:root:TEST batch 10 / 20 - measures partial for class 1 - precision 0.0000 - recall 0.0000 - f1 0.0000 
INFO:root:TEST batch 10 / 20 - Batch time 17 
INFO:root:TEST batch 11 / 20 - partial error 0.0001 - partial loss 0.0087 - partial MRR  0.0600 - partial MAP 0.0005
INFO:root:TEST batch 11 / 20 -  partial tp {0: tensor(34586091, device='cuda:0'), 1: tensor(0, device='cuda:0')},fn {0: tensor(0, device='cuda:0'), 1: tensor(70, device='cuda:0')},fp {0: tensor(70, device='cuda:0'), 1: tensor(0, device='cuda:0')}
INFO:root:TEST batch 11 / 20 - measures partial microavg - precision 1.0000 - recall 1.0000 - f1 1.0000 
INFO:root:TEST batch 11 / 20 - measures partial for class 0 - precision 1.0000 - recall 1.0000 - f1 1.0000 
INFO:root:TEST batch 11 / 20 - measures partial for class 1 - precision 0.0000 - recall 0.0000 - f1 0.0000 
INFO:root:TEST batch 11 / 20 - Batch time 17 
INFO:root:TEST batch 12 / 20 - partial error 0.0001 - partial loss 0.0089 - partial MRR  0.0637 - partial MAP 0.0009
INFO:root:TEST batch 12 / 20 -  partial tp {0: tensor(34586083, device='cuda:0'), 1: tensor(0, device='cuda:0')},fn {0: tensor(0, device='cuda:0'), 1: tensor(78, device='cuda:0')},fp {0: tensor(78, device='cuda:0'), 1: tensor(0, device='cuda:0')}
INFO:root:TEST batch 12 / 20 - measures partial microavg - precision 1.0000 - recall 1.0000 - f1 1.0000 
INFO:root:TEST batch 12 / 20 - measures partial for class 0 - precision 1.0000 - recall 1.0000 - f1 1.0000 
INFO:root:TEST batch 12 / 20 - measures partial for class 1 - precision 0.0000 - recall 0.0000 - f1 0.0000 
INFO:root:TEST batch 12 / 20 - Batch time 17 
INFO:root:TEST batch 13 / 20 - partial error 0.0001 - partial loss 0.0091 - partial MRR  0.0646 - partial MAP 0.0008
INFO:root:TEST batch 13 / 20 -  partial tp {0: tensor(34580285, device='cuda:0'), 1: tensor(1, device='cuda:0')},fn {0: tensor(5852, device='cuda:0'), 1: tensor(23, device='cuda:0')},fp {0: tensor(23, device='cuda:0'), 1: tensor(5852, device='cuda:0')}
INFO:root:TEST batch 13 / 20 - measures partial microavg - precision 0.9998 - recall 0.9998 - f1 0.9998 
INFO:root:TEST batch 13 / 20 - measures partial for class 0 - precision 1.0000 - recall 0.9998 - f1 0.9999 
INFO:root:TEST batch 13 / 20 - measures partial for class 1 - precision 0.0002 - recall 0.0417 - f1 0.0003 
INFO:root:TEST batch 13 / 20 - Batch time 17 
INFO:root:TEST batch 14 / 20 - partial error 0.0001 - partial loss 0.0093 - partial MRR  0.0638 - partial MAP 0.0008
INFO:root:TEST batch 14 / 20 -  partial tp {0: tensor(34586139, device='cuda:0'), 1: tensor(0, device='cuda:0')},fn {0: tensor(0, device='cuda:0'), 1: tensor(22, device='cuda:0')},fp {0: tensor(22, device='cuda:0'), 1: tensor(0, device='cuda:0')}
INFO:root:TEST batch 14 / 20 - measures partial microavg - precision 1.0000 - recall 1.0000 - f1 1.0000 
INFO:root:TEST batch 14 / 20 - measures partial for class 0 - precision 1.0000 - recall 1.0000 - f1 1.0000 
INFO:root:TEST batch 14 / 20 - measures partial for class 1 - precision 0.0000 - recall 0.0000 - f1 0.0000 
INFO:root:TEST batch 14 / 20 - Batch time 17 
INFO:root:TEST batch 15 / 20 - partial error 0.0001 - partial loss 0.0092 - partial MRR  0.0656 - partial MAP 0.0007
INFO:root:TEST batch 15 / 20 -  partial tp {0: tensor(34586129, device='cuda:0'), 1: tensor(0, device='cuda:0')},fn {0: tensor(0, device='cuda:0'), 1: tensor(32, device='cuda:0')},fp {0: tensor(32, device='cuda:0'), 1: tensor(0, device='cuda:0')}
INFO:root:TEST batch 15 / 20 - measures partial microavg - precision 1.0000 - recall 1.0000 - f1 1.0000 
INFO:root:TEST batch 15 / 20 - measures partial for class 0 - precision 1.0000 - recall 1.0000 - f1 1.0000 
INFO:root:TEST batch 15 / 20 - measures partial for class 1 - precision 0.0000 - recall 0.0000 - f1 0.0000 
INFO:root:TEST batch 15 / 20 - Batch time 17 
INFO:root:TEST batch 16 / 20 - partial error 0.0001 - partial loss 0.0091 - partial MRR  0.0742 - partial MAP 0.0007
INFO:root:TEST batch 16 / 20 -  partial tp {0: tensor(34586141, device='cuda:0'), 1: tensor(0, device='cuda:0')},fn {0: tensor(0, device='cuda:0'), 1: tensor(20, device='cuda:0')},fp {0: tensor(20, device='cuda:0'), 1: tensor(0, device='cuda:0')}
INFO:root:TEST batch 16 / 20 - measures partial microavg - precision 1.0000 - recall 1.0000 - f1 1.0000 
INFO:root:TEST batch 16 / 20 - measures partial for class 0 - precision 1.0000 - recall 1.0000 - f1 1.0000 
INFO:root:TEST batch 16 / 20 - measures partial for class 1 - precision 0.0000 - recall 0.0000 - f1 0.0000 
INFO:root:TEST batch 16 / 20 - Batch time 17 
INFO:root:TEST batch 17 / 20 - partial error 0.0001 - partial loss 0.0090 - partial MRR  0.0698 - partial MAP 0.0006
INFO:root:TEST batch 17 / 20 -  partial tp {0: tensor(34586125, device='cuda:0'), 1: tensor(0, device='cuda:0')},fn {0: tensor(0, device='cuda:0'), 1: tensor(36, device='cuda:0')},fp {0: tensor(36, device='cuda:0'), 1: tensor(0, device='cuda:0')}
INFO:root:TEST batch 17 / 20 - measures partial microavg - precision 1.0000 - recall 1.0000 - f1 1.0000 
INFO:root:TEST batch 17 / 20 - measures partial for class 0 - precision 1.0000 - recall 1.0000 - f1 1.0000 
INFO:root:TEST batch 17 / 20 - measures partial for class 1 - precision 0.0000 - recall 0.0000 - f1 0.0000 
INFO:root:TEST batch 17 / 20 - Batch time 17 
INFO:root:TEST batch 18 / 20 - partial error 0.0000 - partial loss 0.0090 - partial MRR  0.0682 - partial MAP 0.0006
INFO:root:TEST batch 18 / 20 -  partial tp {0: tensor(34586125, device='cuda:0'), 1: tensor(0, device='cuda:0')},fn {0: tensor(0, device='cuda:0'), 1: tensor(36, device='cuda:0')},fp {0: tensor(36, device='cuda:0'), 1: tensor(0, device='cuda:0')}
INFO:root:TEST batch 18 / 20 - measures partial microavg - precision 1.0000 - recall 1.0000 - f1 1.0000 
INFO:root:TEST batch 18 / 20 - measures partial for class 0 - precision 1.0000 - recall 1.0000 - f1 1.0000 
INFO:root:TEST batch 18 / 20 - measures partial for class 1 - precision 0.0000 - recall 0.0000 - f1 0.0000 
INFO:root:TEST batch 18 / 20 - Batch time 17 
INFO:root:TEST batch 19 / 20 - partial error 0.0000 - partial loss 0.0091 - partial MRR  0.0646 - partial MAP 0.0006
INFO:root:TEST batch 19 / 20 -  partial tp {0: tensor(34586115, device='cuda:0'), 1: tensor(0, device='cuda:0')},fn {0: tensor(0, device='cuda:0'), 1: tensor(46, device='cuda:0')},fp {0: tensor(46, device='cuda:0'), 1: tensor(0, device='cuda:0')}
INFO:root:TEST batch 19 / 20 - measures partial microavg - precision 1.0000 - recall 1.0000 - f1 1.0000 
INFO:root:TEST batch 19 / 20 - measures partial for class 0 - precision 1.0000 - recall 1.0000 - f1 1.0000 
INFO:root:TEST batch 19 / 20 - measures partial for class 1 - precision 0.0000 - recall 0.0000 - f1 0.0000 
INFO:root:TEST batch 19 / 20 - Batch time 17 
INFO:root:TEST batch 20 / 20 - partial error 0.0000 - partial loss 0.0092 - partial MRR  0.0739 - partial MAP 0.0005
INFO:root:TEST batch 20 / 20 -  partial tp {0: tensor(34586159, device='cuda:0'), 1: tensor(0, device='cuda:0')},fn {0: tensor(0, device='cuda:0'), 1: tensor(2, device='cuda:0')},fp {0: tensor(2, device='cuda:0'), 1: tensor(0, device='cuda:0')}
INFO:root:TEST batch 20 / 20 - measures partial microavg - precision 1.0000 - recall 1.0000 - f1 1.0000 
INFO:root:TEST batch 20 / 20 - measures partial for class 0 - precision 1.0000 - recall 1.0000 - f1 1.0000 
INFO:root:TEST batch 20 / 20 - measures partial for class 1 - precision 0.0000 - recall 0.0000 - f1 0.0000 
INFO:root:TEST batch 20 / 20 - Batch time 17 
INFO:root:TEST mean losses tensor(0.0092, device='cuda:0')
INFO:root:TEST mean errors 4.438624091562815e-05
INFO:root:TEST mean MRR 0.0738888680934906 - mean MAP 0.000536767824087292
INFO:root:TEST tp {0: tensor(691692506, device='cuda:0'), 1: tensor(11, device='cuda:0')},fn {0: tensor(29422, device='cuda:0'), 1: tensor(1281, device='cuda:0')},fp {0: tensor(1281, device='cuda:0'), 1: tensor(29422, device='cuda:0')}
INFO:root:TEST measures microavg - precision 1.0000 - recall 1.0000 - f1 1.0000 
INFO:root:TEST measures for class 0 - precision 1.0000 - recall 1.0000 - f1 1.0000 
INFO:root:TEST measures for class 1 - precision 0.0004 - recall 0.0085 - f1 0.0007 
INFO:root:TEST measures@10 microavg - precision 0.8204 - recall 0.0000 - f1 0.0000 
INFO:root:TEST measures@10 for class 0 - precision 0.9950 - recall 0.0000 - f1 0.0000 
INFO:root:TEST measures@10 for class 1 - precision 0.0444 - recall 0.0015 - f1 0.0030 
INFO:root:TEST measures@100 microavg - precision 0.8588 - recall 0.0000 - f1 0.0000 
INFO:root:TEST measures@100 for class 0 - precision 0.9960 - recall 0.0000 - f1 0.0000 
INFO:root:TEST measures@100 for class 1 - precision 0.0093 - recall 0.0023 - f1 0.0037 
INFO:root:TEST measures@1000 microavg - precision 0.8677 - recall 0.0000 - f1 0.0001 
INFO:root:TEST measures@1000 for class 0 - precision 0.9988 - recall 0.0000 - f1 0.0001 
INFO:root:TEST measures@1000 for class 1 - precision 0.0010 - recall 0.0023 - f1 0.0014 
INFO:root:TEST Total epoch time: 364.22471441700327
INFO:root:################ TRAIN epoch 19 ###################
INFO:root:TRAIN mean losses tensor(0.0228, device='cuda:0')
INFO:root:TRAIN mean errors 0.025462191551923752
INFO:root:TRAIN mean MRR 0.0 - mean MAP 0.04991394653916359
INFO:root:TRAIN tp {0: tensor(3831706, device='cuda:0'), 1: tensor(6211, device='cuda:0')},fn {0: tensor(67494, device='cuda:0'), 1: tensor(32781, device='cuda:0')},fp {0: tensor(32781, device='cuda:0'), 1: tensor(67494, device='cuda:0')}
INFO:root:TRAIN measures microavg - precision 0.9745 - recall 0.9745 - f1 0.9745 
INFO:root:TRAIN measures for class 0 - precision 0.9915 - recall 0.9827 - f1 0.9871 
INFO:root:TRAIN measures for class 1 - precision 0.0843 - recall 0.1593 - f1 0.1102 
INFO:root:TRAIN measures@10 microavg - precision 0.6017 - recall 0.0002 - f1 0.0004 
INFO:root:TRAIN measures@10 for class 0 - precision 0.9833 - recall 0.0002 - f1 0.0003 
INFO:root:TRAIN measures@10 for class 1 - precision 0.2200 - recall 0.0034 - f1 0.0067 
INFO:root:TRAIN measures@100 microavg - precision 0.5812 - recall 0.0018 - f1 0.0035 
INFO:root:TRAIN measures@100 for class 0 - precision 0.9945 - recall 0.0015 - f1 0.0031 
INFO:root:TRAIN measures@100 for class 1 - precision 0.1678 - recall 0.0258 - f1 0.0448 
INFO:root:TRAIN measures@1000 microavg - precision 0.5733 - recall 0.0164 - f1 0.0319 
INFO:root:TRAIN measures@1000 for class 0 - precision 0.9952 - recall 0.0153 - f1 0.0302 
INFO:root:TRAIN measures@1000 for class 1 - precision 0.0927 - recall 0.1252 - f1 0.1065 
INFO:root:TRAIN Total epoch time: 9.114762122000684
INFO:root:=> saved epoch checkpoint 'saved_models/EvolveGCN/bitcoinotc-20250514_054702/epoch_20.pkl'
INFO:root:################ VALID epoch 19 ###################
INFO:root:VALID mean losses tensor(0.0050, device='cuda:0')
INFO:root:VALID mean errors 0.0004695056704804301
INFO:root:VALID mean MRR 0.07812999933958054 - mean MAP 0.0006527758669108152
INFO:root:VALID tp {0: tensor(345699048, device='cuda:0'), 1: tensor(178, device='cuda:0')},fn {0: tensor(160216, device='cuda:0'), 1: tensor(2168, device='cuda:0')},fp {0: tensor(2168, device='cuda:0'), 1: tensor(160216, device='cuda:0')}
INFO:root:VALID measures microavg - precision 0.9995 - recall 0.9995 - f1 0.9995 
INFO:root:VALID measures for class 0 - precision 1.0000 - recall 0.9995 - f1 0.9998 
INFO:root:VALID measures for class 1 - precision 0.0011 - recall 0.0759 - f1 0.0022 
INFO:root:VALID measures@10 microavg - precision 0.5316 - recall 0.0000 - f1 0.0000 
INFO:root:VALID measures@10 for class 0 - precision 1.0000 - recall 0.0000 - f1 0.0000 
INFO:root:VALID measures@10 for class 1 - precision 0.0111 - recall 0.0004 - f1 0.0008 
INFO:root:VALID measures@100 microavg - precision 0.5465 - recall 0.0000 - f1 0.0000 
INFO:root:VALID measures@100 for class 0 - precision 0.9990 - recall 0.0000 - f1 0.0000 
INFO:root:VALID measures@100 for class 1 - precision 0.0060 - recall 0.0021 - f1 0.0031 
INFO:root:VALID measures@1000 microavg - precision 0.6143 - recall 0.0000 - f1 0.0001 
INFO:root:VALID measures@1000 for class 0 - precision 0.9999 - recall 0.0000 - f1 0.0001 
INFO:root:VALID measures@1000 for class 1 - precision 0.0016 - recall 0.0043 - f1 0.0023 
INFO:root:VALID Total epoch time: 185.9751957849985
INFO:root:################ TEST epoch 19 ###################
INFO:root:TEST batch 1 / 20 - partial error 0.0003 - partial loss 0.0062 - partial MRR  0.0443 - partial MAP 0.0005
INFO:root:TEST batch 1 / 20 -  partial tp {0: tensor(34574250, device='cuda:0'), 1: tensor(1, device='cuda:0')},fn {0: tensor(11775, device='cuda:0'), 1: tensor(135, device='cuda:0')},fp {0: tensor(135, device='cuda:0'), 1: tensor(11775, device='cuda:0')}
INFO:root:TEST batch 1 / 20 - measures partial microavg - precision 0.9997 - recall 0.9997 - f1 0.9997 
INFO:root:TEST batch 1 / 20 - measures partial for class 0 - precision 1.0000 - recall 0.9997 - f1 0.9998 
INFO:root:TEST batch 1 / 20 - measures partial for class 1 - precision 0.0001 - recall 0.0074 - f1 0.0002 
INFO:root:TEST batch 1 / 20 - Batch time 27 
INFO:root:TEST batch 2 / 20 - partial error 0.0002 - partial loss 0.0063 - partial MRR  0.0695 - partial MAP 0.0005
INFO:root:TEST batch 2 / 20 -  partial tp {0: tensor(34586083, device='cuda:0'), 1: tensor(0, device='cuda:0')},fn {0: tensor(0, device='cuda:0'), 1: tensor(78, device='cuda:0')},fp {0: tensor(78, device='cuda:0'), 1: tensor(0, device='cuda:0')}
INFO:root:TEST batch 2 / 20 - measures partial microavg - precision 1.0000 - recall 1.0000 - f1 1.0000 
INFO:root:TEST batch 2 / 20 - measures partial for class 0 - precision 1.0000 - recall 1.0000 - f1 1.0000 
INFO:root:TEST batch 2 / 20 - measures partial for class 1 - precision 0.0000 - recall 0.0000 - f1 0.0000 
INFO:root:TEST batch 2 / 20 - Batch time 17 
INFO:root:TEST batch 3 / 20 - partial error 0.0001 - partial loss 0.0064 - partial MRR  0.0866 - partial MAP 0.0009
INFO:root:TEST batch 3 / 20 -  partial tp {0: tensor(34586083, device='cuda:0'), 1: tensor(0, device='cuda:0')},fn {0: tensor(0, device='cuda:0'), 1: tensor(78, device='cuda:0')},fp {0: tensor(78, device='cuda:0'), 1: tensor(0, device='cuda:0')}
INFO:root:TEST batch 3 / 20 - measures partial microavg - precision 1.0000 - recall 1.0000 - f1 1.0000 
INFO:root:TEST batch 3 / 20 - measures partial for class 0 - precision 1.0000 - recall 1.0000 - f1 1.0000 
INFO:root:TEST batch 3 / 20 - measures partial for class 1 - precision 0.0000 - recall 0.0000 - f1 0.0000 
INFO:root:TEST batch 3 / 20 - Batch time 17 
INFO:root:TEST batch 4 / 20 - partial error 0.0001 - partial loss 0.0067 - partial MRR  0.0870 - partial MAP 0.0011
INFO:root:TEST batch 4 / 20 -  partial tp {0: tensor(34586089, device='cuda:0'), 1: tensor(0, device='cuda:0')},fn {0: tensor(0, device='cuda:0'), 1: tensor(72, device='cuda:0')},fp {0: tensor(72, device='cuda:0'), 1: tensor(0, device='cuda:0')}
INFO:root:TEST batch 4 / 20 - measures partial microavg - precision 1.0000 - recall 1.0000 - f1 1.0000 
INFO:root:TEST batch 4 / 20 - measures partial for class 0 - precision 1.0000 - recall 1.0000 - f1 1.0000 
INFO:root:TEST batch 4 / 20 - measures partial for class 1 - precision 0.0000 - recall 0.0000 - f1 0.0000 
INFO:root:TEST batch 4 / 20 - Batch time 17 
INFO:root:TEST batch 5 / 20 - partial error 0.0001 - partial loss 0.0070 - partial MRR  0.0754 - partial MAP 0.0009
INFO:root:TEST batch 5 / 20 -  partial tp {0: tensor(34586065, device='cuda:0'), 1: tensor(0, device='cuda:0')},fn {0: tensor(0, device='cuda:0'), 1: tensor(96, device='cuda:0')},fp {0: tensor(96, device='cuda:0'), 1: tensor(0, device='cuda:0')}
INFO:root:TEST batch 5 / 20 - measures partial microavg - precision 1.0000 - recall 1.0000 - f1 1.0000 
INFO:root:TEST batch 5 / 20 - measures partial for class 0 - precision 1.0000 - recall 1.0000 - f1 1.0000 
INFO:root:TEST batch 5 / 20 - measures partial for class 1 - precision 0.0000 - recall 0.0000 - f1 0.0000 
INFO:root:TEST batch 5 / 20 - Batch time 17 
INFO:root:TEST batch 6 / 20 - partial error 0.0001 - partial loss 0.0072 - partial MRR  0.0748 - partial MAP 0.0008
INFO:root:TEST batch 6 / 20 -  partial tp {0: tensor(34585979, device='cuda:0'), 1: tensor(0, device='cuda:0')},fn {0: tensor(0, device='cuda:0'), 1: tensor(182, device='cuda:0')},fp {0: tensor(182, device='cuda:0'), 1: tensor(0, device='cuda:0')}
INFO:root:TEST batch 6 / 20 - measures partial microavg - precision 1.0000 - recall 1.0000 - f1 1.0000 
INFO:root:TEST batch 6 / 20 - measures partial for class 0 - precision 1.0000 - recall 1.0000 - f1 1.0000 
INFO:root:TEST batch 6 / 20 - measures partial for class 1 - precision 0.0000 - recall 0.0000 - f1 0.0000 
INFO:root:TEST batch 6 / 20 - Batch time 17 
INFO:root:TEST batch 7 / 20 - partial error 0.0001 - partial loss 0.0073 - partial MRR  0.0760 - partial MAP 0.0007
INFO:root:TEST batch 7 / 20 -  partial tp {0: tensor(34586057, device='cuda:0'), 1: tensor(0, device='cuda:0')},fn {0: tensor(0, device='cuda:0'), 1: tensor(104, device='cuda:0')},fp {0: tensor(104, device='cuda:0'), 1: tensor(0, device='cuda:0')}
INFO:root:TEST batch 7 / 20 - measures partial microavg - precision 1.0000 - recall 1.0000 - f1 1.0000 
INFO:root:TEST batch 7 / 20 - measures partial for class 0 - precision 1.0000 - recall 1.0000 - f1 1.0000 
INFO:root:TEST batch 7 / 20 - measures partial for class 1 - precision 0.0000 - recall 0.0000 - f1 0.0000 
INFO:root:TEST batch 7 / 20 - Batch time 17 
INFO:root:TEST batch 8 / 20 - partial error 0.0000 - partial loss 0.0074 - partial MRR  0.0693 - partial MAP 0.0006
INFO:root:TEST batch 8 / 20 -  partial tp {0: tensor(34586103, device='cuda:0'), 1: tensor(0, device='cuda:0')},fn {0: tensor(0, device='cuda:0'), 1: tensor(58, device='cuda:0')},fp {0: tensor(58, device='cuda:0'), 1: tensor(0, device='cuda:0')}
INFO:root:TEST batch 8 / 20 - measures partial microavg - precision 1.0000 - recall 1.0000 - f1 1.0000 
INFO:root:TEST batch 8 / 20 - measures partial for class 0 - precision 1.0000 - recall 1.0000 - f1 1.0000 
INFO:root:TEST batch 8 / 20 - measures partial for class 1 - precision 0.0000 - recall 0.0000 - f1 0.0000 
INFO:root:TEST batch 8 / 20 - Batch time 17 
INFO:root:TEST batch 9 / 20 - partial error 0.0000 - partial loss 0.0074 - partial MRR  0.0650 - partial MAP 0.0005
INFO:root:TEST batch 9 / 20 -  partial tp {0: tensor(34586121, device='cuda:0'), 1: tensor(0, device='cuda:0')},fn {0: tensor(0, device='cuda:0'), 1: tensor(40, device='cuda:0')},fp {0: tensor(40, device='cuda:0'), 1: tensor(0, device='cuda:0')}
INFO:root:TEST batch 9 / 20 - measures partial microavg - precision 1.0000 - recall 1.0000 - f1 1.0000 
INFO:root:TEST batch 9 / 20 - measures partial for class 0 - precision 1.0000 - recall 1.0000 - f1 1.0000 
INFO:root:TEST batch 9 / 20 - measures partial for class 1 - precision 0.0000 - recall 0.0000 - f1 0.0000 
INFO:root:TEST batch 9 / 20 - Batch time 17 
INFO:root:TEST batch 10 / 20 - partial error 0.0000 - partial loss 0.0075 - partial MRR  0.0643 - partial MAP 0.0006
INFO:root:TEST batch 10 / 20 -  partial tp {0: tensor(34586079, device='cuda:0'), 1: tensor(0, device='cuda:0')},fn {0: tensor(0, device='cuda:0'), 1: tensor(82, device='cuda:0')},fp {0: tensor(82, device='cuda:0'), 1: tensor(0, device='cuda:0')}
INFO:root:TEST batch 10 / 20 - measures partial microavg - precision 1.0000 - recall 1.0000 - f1 1.0000 
INFO:root:TEST batch 10 / 20 - measures partial for class 0 - precision 1.0000 - recall 1.0000 - f1 1.0000 
INFO:root:TEST batch 10 / 20 - measures partial for class 1 - precision 0.0000 - recall 0.0000 - f1 0.0000 
INFO:root:TEST batch 10 / 20 - Batch time 17 
INFO:root:TEST batch 11 / 20 - partial error 0.0000 - partial loss 0.0076 - partial MRR  0.0618 - partial MAP 0.0005
INFO:root:TEST batch 11 / 20 -  partial tp {0: tensor(34586091, device='cuda:0'), 1: tensor(0, device='cuda:0')},fn {0: tensor(0, device='cuda:0'), 1: tensor(70, device='cuda:0')},fp {0: tensor(70, device='cuda:0'), 1: tensor(0, device='cuda:0')}
INFO:root:TEST batch 11 / 20 - measures partial microavg - precision 1.0000 - recall 1.0000 - f1 1.0000 
INFO:root:TEST batch 11 / 20 - measures partial for class 0 - precision 1.0000 - recall 1.0000 - f1 1.0000 
INFO:root:TEST batch 11 / 20 - measures partial for class 1 - precision 0.0000 - recall 0.0000 - f1 0.0000 
INFO:root:TEST batch 11 / 20 - Batch time 17 
INFO:root:TEST batch 12 / 20 - partial error 0.0000 - partial loss 0.0077 - partial MRR  0.0653 - partial MAP 0.0008
INFO:root:TEST batch 12 / 20 -  partial tp {0: tensor(34586083, device='cuda:0'), 1: tensor(0, device='cuda:0')},fn {0: tensor(0, device='cuda:0'), 1: tensor(78, device='cuda:0')},fp {0: tensor(78, device='cuda:0'), 1: tensor(0, device='cuda:0')}
INFO:root:TEST batch 12 / 20 - measures partial microavg - precision 1.0000 - recall 1.0000 - f1 1.0000 
INFO:root:TEST batch 12 / 20 - measures partial for class 0 - precision 1.0000 - recall 1.0000 - f1 1.0000 
INFO:root:TEST batch 12 / 20 - measures partial for class 1 - precision 0.0000 - recall 0.0000 - f1 0.0000 
INFO:root:TEST batch 12 / 20 - Batch time 17 
INFO:root:TEST batch 13 / 20 - partial error 0.0000 - partial loss 0.0078 - partial MRR  0.0661 - partial MAP 0.0008
INFO:root:TEST batch 13 / 20 -  partial tp {0: tensor(34586137, device='cuda:0'), 1: tensor(0, device='cuda:0')},fn {0: tensor(0, device='cuda:0'), 1: tensor(24, device='cuda:0')},fp {0: tensor(24, device='cuda:0'), 1: tensor(0, device='cuda:0')}
INFO:root:TEST batch 13 / 20 - measures partial microavg - precision 1.0000 - recall 1.0000 - f1 1.0000 
INFO:root:TEST batch 13 / 20 - measures partial for class 0 - precision 1.0000 - recall 1.0000 - f1 1.0000 
INFO:root:TEST batch 13 / 20 - measures partial for class 1 - precision 0.0000 - recall 0.0000 - f1 0.0000 
INFO:root:TEST batch 13 / 20 - Batch time 17 
INFO:root:TEST batch 14 / 20 - partial error 0.0000 - partial loss 0.0079 - partial MRR  0.0652 - partial MAP 0.0007
INFO:root:TEST batch 14 / 20 -  partial tp {0: tensor(34586139, device='cuda:0'), 1: tensor(0, device='cuda:0')},fn {0: tensor(0, device='cuda:0'), 1: tensor(22, device='cuda:0')},fp {0: tensor(22, device='cuda:0'), 1: tensor(0, device='cuda:0')}
INFO:root:TEST batch 14 / 20 - measures partial microavg - precision 1.0000 - recall 1.0000 - f1 1.0000 
INFO:root:TEST batch 14 / 20 - measures partial for class 0 - precision 1.0000 - recall 1.0000 - f1 1.0000 
INFO:root:TEST batch 14 / 20 - measures partial for class 1 - precision 0.0000 - recall 0.0000 - f1 0.0000 
INFO:root:TEST batch 14 / 20 - Batch time 17 
INFO:root:TEST batch 15 / 20 - partial error 0.0000 - partial loss 0.0080 - partial MRR  0.0662 - partial MAP 0.0007
INFO:root:TEST batch 15 / 20 -  partial tp {0: tensor(34586129, device='cuda:0'), 1: tensor(0, device='cuda:0')},fn {0: tensor(0, device='cuda:0'), 1: tensor(32, device='cuda:0')},fp {0: tensor(32, device='cuda:0'), 1: tensor(0, device='cuda:0')}
INFO:root:TEST batch 15 / 20 - measures partial microavg - precision 1.0000 - recall 1.0000 - f1 1.0000 
INFO:root:TEST batch 15 / 20 - measures partial for class 0 - precision 1.0000 - recall 1.0000 - f1 1.0000 
INFO:root:TEST batch 15 / 20 - measures partial for class 1 - precision 0.0000 - recall 0.0000 - f1 0.0000 
INFO:root:TEST batch 15 / 20 - Batch time 17 
INFO:root:TEST batch 16 / 20 - partial error 0.0000 - partial loss 0.0079 - partial MRR  0.0748 - partial MAP 0.0006
INFO:root:TEST batch 16 / 20 -  partial tp {0: tensor(34586141, device='cuda:0'), 1: tensor(0, device='cuda:0')},fn {0: tensor(0, device='cuda:0'), 1: tensor(20, device='cuda:0')},fp {0: tensor(20, device='cuda:0'), 1: tensor(0, device='cuda:0')}
INFO:root:TEST batch 16 / 20 - measures partial microavg - precision 1.0000 - recall 1.0000 - f1 1.0000 
INFO:root:TEST batch 16 / 20 - measures partial for class 0 - precision 1.0000 - recall 1.0000 - f1 1.0000 
INFO:root:TEST batch 16 / 20 - measures partial for class 1 - precision 0.0000 - recall 0.0000 - f1 0.0000 
INFO:root:TEST batch 16 / 20 - Batch time 17 
INFO:root:TEST batch 17 / 20 - partial error 0.0000 - partial loss 0.0080 - partial MRR  0.0704 - partial MAP 0.0006
INFO:root:TEST batch 17 / 20 -  partial tp {0: tensor(34586125, device='cuda:0'), 1: tensor(0, device='cuda:0')},fn {0: tensor(0, device='cuda:0'), 1: tensor(36, device='cuda:0')},fp {0: tensor(36, device='cuda:0'), 1: tensor(0, device='cuda:0')}
INFO:root:TEST batch 17 / 20 - measures partial microavg - precision 1.0000 - recall 1.0000 - f1 1.0000 
INFO:root:TEST batch 17 / 20 - measures partial for class 0 - precision 1.0000 - recall 1.0000 - f1 1.0000 
INFO:root:TEST batch 17 / 20 - measures partial for class 1 - precision 0.0000 - recall 0.0000 - f1 0.0000 
INFO:root:TEST batch 17 / 20 - Batch time 17 
INFO:root:TEST batch 18 / 20 - partial error 0.0000 - partial loss 0.0080 - partial MRR  0.0687 - partial MAP 0.0006
INFO:root:TEST batch 18 / 20 -  partial tp {0: tensor(34586125, device='cuda:0'), 1: tensor(0, device='cuda:0')},fn {0: tensor(0, device='cuda:0'), 1: tensor(36, device='cuda:0')},fp {0: tensor(36, device='cuda:0'), 1: tensor(0, device='cuda:0')}
INFO:root:TEST batch 18 / 20 - measures partial microavg - precision 1.0000 - recall 1.0000 - f1 1.0000 
INFO:root:TEST batch 18 / 20 - measures partial for class 0 - precision 1.0000 - recall 1.0000 - f1 1.0000 
INFO:root:TEST batch 18 / 20 - measures partial for class 1 - precision 0.0000 - recall 0.0000 - f1 0.0000 
INFO:root:TEST batch 18 / 20 - Batch time 17 
INFO:root:TEST batch 19 / 20 - partial error 0.0000 - partial loss 0.0081 - partial MRR  0.0651 - partial MAP 0.0005
INFO:root:TEST batch 19 / 20 -  partial tp {0: tensor(34586115, device='cuda:0'), 1: tensor(0, device='cuda:0')},fn {0: tensor(0, device='cuda:0'), 1: tensor(46, device='cuda:0')},fp {0: tensor(46, device='cuda:0'), 1: tensor(0, device='cuda:0')}
INFO:root:TEST batch 19 / 20 - measures partial microavg - precision 1.0000 - recall 1.0000 - f1 1.0000 
INFO:root:TEST batch 19 / 20 - measures partial for class 0 - precision 1.0000 - recall 1.0000 - f1 1.0000 
INFO:root:TEST batch 19 / 20 - measures partial for class 1 - precision 0.0000 - recall 0.0000 - f1 0.0000 
INFO:root:TEST batch 19 / 20 - Batch time 17 
INFO:root:TEST batch 20 / 20 - partial error 0.0000 - partial loss 0.0082 - partial MRR  0.0619 - partial MAP 0.0005
INFO:root:TEST batch 20 / 20 -  partial tp {0: tensor(34586159, device='cuda:0'), 1: tensor(0, device='cuda:0')},fn {0: tensor(0, device='cuda:0'), 1: tensor(2, device='cuda:0')},fp {0: tensor(2, device='cuda:0'), 1: tensor(0, device='cuda:0')}
INFO:root:TEST batch 20 / 20 - measures partial microavg - precision 1.0000 - recall 1.0000 - f1 1.0000 
INFO:root:TEST batch 20 / 20 - measures partial for class 0 - precision 1.0000 - recall 1.0000 - f1 1.0000 
INFO:root:TEST batch 20 / 20 - measures partial for class 1 - precision 0.0000 - recall 0.0000 - f1 0.0000 
INFO:root:TEST batch 20 / 20 - Batch time 17 
INFO:root:TEST mean losses tensor(0.0082, device='cuda:0')
INFO:root:TEST mean errors 1.8889053535531275e-05
INFO:root:TEST mean MRR 0.0618671178817749 - mean MAP 0.0005151880322955549
INFO:root:TEST tp {0: tensor(691710153, device='cuda:0'), 1: tensor(1, device='cuda:0')},fn {0: tensor(11775, device='cuda:0'), 1: tensor(1291, device='cuda:0')},fp {0: tensor(1291, device='cuda:0'), 1: tensor(11775, device='cuda:0')}
INFO:root:TEST measures microavg - precision 1.0000 - recall 1.0000 - f1 1.0000 
INFO:root:TEST measures for class 0 - precision 1.0000 - recall 1.0000 - f1 1.0000 
INFO:root:TEST measures for class 1 - precision 0.0001 - recall 0.0008 - f1 0.0002 
INFO:root:TEST measures@10 microavg - precision 0.9524 - recall 0.0000 - f1 0.0000 
INFO:root:TEST measures@10 for class 0 - precision 1.0000 - recall 0.0000 - f1 0.0000 
INFO:root:TEST measures@10 for class 1 - precision 0.0000 - recall 0.0000 - f1 0.0000 
INFO:root:TEST measures@100 microavg - precision 0.9505 - recall 0.0000 - f1 0.0000 
INFO:root:TEST measures@100 for class 0 - precision 0.9975 - recall 0.0000 - f1 0.0000 
INFO:root:TEST measures@100 for class 1 - precision 0.0100 - recall 0.0008 - f1 0.0014 
INFO:root:TEST measures@1000 microavg - precision 0.9517 - recall 0.0000 - f1 0.0001 
INFO:root:TEST measures@1000 for class 0 - precision 0.9992 - recall 0.0000 - f1 0.0001 
INFO:root:TEST measures@1000 for class 1 - precision 0.0010 - recall 0.0008 - f1 0.0009 
INFO:root:TEST Total epoch time: 361.7394862229994
INFO:root:################ TRAIN epoch 20 ###################
INFO:root:TRAIN mean losses tensor(0.0228, device='cuda:0')
INFO:root:TRAIN mean errors 0.02629074454307556
INFO:root:TRAIN mean MRR 0.0 - mean MAP 0.04942058026790619
INFO:root:TRAIN tp {0: tensor(3828314, device='cuda:0'), 1: tensor(6340, device='cuda:0')},fn {0: tensor(70886, device='cuda:0'), 1: tensor(32652, device='cuda:0')},fp {0: tensor(32652, device='cuda:0'), 1: tensor(70886, device='cuda:0')}
INFO:root:TRAIN measures microavg - precision 0.9737 - recall 0.9737 - f1 0.9737 
INFO:root:TRAIN measures for class 0 - precision 0.9915 - recall 0.9818 - f1 0.9867 
INFO:root:TRAIN measures for class 1 - precision 0.0821 - recall 0.1626 - f1 0.1091 
INFO:root:TRAIN measures@10 microavg - precision 0.6067 - recall 0.0002 - f1 0.0004 
INFO:root:TRAIN measures@10 for class 0 - precision 1.0000 - recall 0.0002 - f1 0.0003 
INFO:root:TRAIN measures@10 for class 1 - precision 0.2133 - recall 0.0033 - f1 0.0065 
INFO:root:TRAIN measures@100 microavg - precision 0.5816 - recall 0.0018 - f1 0.0035 
INFO:root:TRAIN measures@100 for class 0 - precision 0.9953 - recall 0.0015 - f1 0.0031 
INFO:root:TRAIN measures@100 for class 1 - precision 0.1678 - recall 0.0258 - f1 0.0448 
INFO:root:TRAIN measures@1000 microavg - precision 0.5649 - recall 0.0164 - f1 0.0319 
INFO:root:TRAIN measures@1000 for class 0 - precision 0.9949 - recall 0.0153 - f1 0.0302 
INFO:root:TRAIN measures@1000 for class 1 - precision 0.0919 - recall 0.1285 - f1 0.1071 
INFO:root:TRAIN Total epoch time: 9.21623775199987
INFO:root:=> saved epoch checkpoint 'saved_models/EvolveGCN/bitcoinotc-20250514_054702/epoch_21.pkl'
INFO:root:################ VALID epoch 20 ###################
INFO:root:VALID mean losses tensor(0.0063, device='cuda:0')
INFO:root:VALID mean errors 0.0005967936012893915
INFO:root:VALID mean MRR 0.07467344403266907 - mean MAP 0.001446394482627511
INFO:root:VALID tp {0: tensor(345655004, device='cuda:0'), 1: tensor(198, device='cuda:0')},fn {0: tensor(204260, device='cuda:0'), 1: tensor(2148, device='cuda:0')},fp {0: tensor(2148, device='cuda:0'), 1: tensor(204260, device='cuda:0')}
INFO:root:VALID measures microavg - precision 0.9994 - recall 0.9994 - f1 0.9994 
INFO:root:VALID measures for class 0 - precision 1.0000 - recall 0.9994 - f1 0.9997 
INFO:root:VALID measures for class 1 - precision 0.0010 - recall 0.0844 - f1 0.0019 
INFO:root:VALID measures@10 microavg - precision 0.5361 - recall 0.0000 - f1 0.0000 
INFO:root:VALID measures@10 for class 0 - precision 1.0000 - recall 0.0000 - f1 0.0000 
INFO:root:VALID measures@10 for class 1 - precision 0.0426 - recall 0.0017 - f1 0.0033 
INFO:root:VALID measures@100 microavg - precision 0.5315 - recall 0.0000 - f1 0.0000 
INFO:root:VALID measures@100 for class 0 - precision 1.0000 - recall 0.0000 - f1 0.0000 
INFO:root:VALID measures@100 for class 1 - precision 0.0133 - recall 0.0051 - f1 0.0074 
INFO:root:VALID measures@1000 microavg - precision 0.5318 - recall 0.0000 - f1 0.0001 
INFO:root:VALID measures@1000 for class 0 - precision 0.9995 - recall 0.0000 - f1 0.0001 
INFO:root:VALID measures@1000 for class 1 - precision 0.0022 - recall 0.0081 - f1 0.0034 
INFO:root:VALID Total epoch time: 185.09446368000135
INFO:root:################ TRAIN epoch 21 ###################
INFO:root:TRAIN mean losses tensor(0.0228, device='cuda:0')
INFO:root:TRAIN mean errors 0.02598121203482151
INFO:root:TRAIN mean MRR 0.0 - mean MAP 0.04912426322698593
INFO:root:TRAIN tp {0: tensor(3829670, device='cuda:0'), 1: tensor(6203, device='cuda:0')},fn {0: tensor(69530, device='cuda:0'), 1: tensor(32789, device='cuda:0')},fp {0: tensor(32789, device='cuda:0'), 1: tensor(69530, device='cuda:0')}
INFO:root:TRAIN measures microavg - precision 0.9740 - recall 0.9740 - f1 0.9740 
INFO:root:TRAIN measures for class 0 - precision 0.9915 - recall 0.9822 - f1 0.9868 
INFO:root:TRAIN measures for class 1 - precision 0.0819 - recall 0.1591 - f1 0.1081 
INFO:root:TRAIN measures@10 microavg - precision 0.6058 - recall 0.0002 - f1 0.0004 
INFO:root:TRAIN measures@10 for class 0 - precision 0.9967 - recall 0.0002 - f1 0.0003 
INFO:root:TRAIN measures@10 for class 1 - precision 0.2150 - recall 0.0033 - f1 0.0065 
INFO:root:TRAIN measures@100 microavg - precision 0.5796 - recall 0.0018 - f1 0.0035 
INFO:root:TRAIN measures@100 for class 0 - precision 0.9957 - recall 0.0015 - f1 0.0031 
INFO:root:TRAIN measures@100 for class 1 - precision 0.1635 - recall 0.0252 - f1 0.0436 
INFO:root:TRAIN measures@1000 microavg - precision 0.5773 - recall 0.0164 - f1 0.0319 
INFO:root:TRAIN measures@1000 for class 0 - precision 0.9953 - recall 0.0153 - f1 0.0302 
INFO:root:TRAIN measures@1000 for class 1 - precision 0.0936 - recall 0.1245 - f1 0.1069 
INFO:root:TRAIN Total epoch time: 9.155725975000678
INFO:root:=> saved epoch checkpoint 'saved_models/EvolveGCN/bitcoinotc-20250514_054702/epoch_22.pkl'
INFO:root:################ VALID epoch 21 ###################
INFO:root:VALID mean losses tensor(0.0057, device='cuda:0')
INFO:root:VALID mean errors 0.0002792937739286572
INFO:root:VALID mean MRR 0.08185406774282455 - mean MAP 0.0015709002036601305
INFO:root:VALID tp {0: tensor(345764874, device='cuda:0'), 1: tensor(139, device='cuda:0')},fn {0: tensor(94390, device='cuda:0'), 1: tensor(2207, device='cuda:0')},fp {0: tensor(2207, device='cuda:0'), 1: tensor(94390, device='cuda:0')}
INFO:root:VALID measures microavg - precision 0.9997 - recall 0.9997 - f1 0.9997 
INFO:root:VALID measures for class 0 - precision 1.0000 - recall 0.9997 - f1 0.9999 
INFO:root:VALID measures for class 1 - precision 0.0015 - recall 0.0592 - f1 0.0029 
INFO:root:VALID measures@10 microavg - precision 0.6220 - recall 0.0000 - f1 0.0000 
INFO:root:VALID measures@10 for class 0 - precision 1.0000 - recall 0.0000 - f1 0.0000 
INFO:root:VALID measures@10 for class 1 - precision 0.0312 - recall 0.0009 - f1 0.0017 
INFO:root:VALID measures@100 microavg - precision 0.6247 - recall 0.0000 - f1 0.0000 
INFO:root:VALID measures@100 for class 0 - precision 1.0000 - recall 0.0000 - f1 0.0000 
INFO:root:VALID measures@100 for class 1 - precision 0.0033 - recall 0.0009 - f1 0.0014 
INFO:root:VALID measures@1000 microavg - precision 0.6252 - recall 0.0000 - f1 0.0001 
INFO:root:VALID measures@1000 for class 0 - precision 1.0000 - recall 0.0000 - f1 0.0001 
INFO:root:VALID measures@1000 for class 1 - precision 0.0010 - recall 0.0026 - f1 0.0014 
INFO:root:VALID Total epoch time: 186.53645205800058
INFO:root:################ TEST epoch 21 ###################
INFO:root:TEST batch 1 / 20 - partial error 0.0000 - partial loss 0.0074 - partial MRR  0.0671 - partial MAP 0.0008
INFO:root:TEST batch 1 / 20 -  partial tp {0: tensor(34586025, device='cuda:0'), 1: tensor(0, device='cuda:0')},fn {0: tensor(0, device='cuda:0'), 1: tensor(136, device='cuda:0')},fp {0: tensor(136, device='cuda:0'), 1: tensor(0, device='cuda:0')}
INFO:root:TEST batch 1 / 20 - measures partial microavg - precision 1.0000 - recall 1.0000 - f1 1.0000 
INFO:root:TEST batch 1 / 20 - measures partial for class 0 - precision 1.0000 - recall 1.0000 - f1 1.0000 
INFO:root:TEST batch 1 / 20 - measures partial for class 1 - precision 0.0000 - recall 0.0000 - f1 0.0000 
INFO:root:TEST batch 1 / 20 - Batch time 27 
INFO:root:TEST batch 2 / 20 - partial error 0.0000 - partial loss 0.0074 - partial MRR  0.0801 - partial MAP 0.0009
INFO:root:TEST batch 2 / 20 -  partial tp {0: tensor(34586083, device='cuda:0'), 1: tensor(0, device='cuda:0')},fn {0: tensor(0, device='cuda:0'), 1: tensor(78, device='cuda:0')},fp {0: tensor(78, device='cuda:0'), 1: tensor(0, device='cuda:0')}
INFO:root:TEST batch 2 / 20 - measures partial microavg - precision 1.0000 - recall 1.0000 - f1 1.0000 
INFO:root:TEST batch 2 / 20 - measures partial for class 0 - precision 1.0000 - recall 1.0000 - f1 1.0000 
INFO:root:TEST batch 2 / 20 - measures partial for class 1 - precision 0.0000 - recall 0.0000 - f1 0.0000 
INFO:root:TEST batch 2 / 20 - Batch time 17 
INFO:root:TEST batch 3 / 20 - partial error 0.0000 - partial loss 0.0075 - partial MRR  0.0934 - partial MAP 0.0011
INFO:root:TEST batch 3 / 20 -  partial tp {0: tensor(34586083, device='cuda:0'), 1: tensor(0, device='cuda:0')},fn {0: tensor(0, device='cuda:0'), 1: tensor(78, device='cuda:0')},fp {0: tensor(78, device='cuda:0'), 1: tensor(0, device='cuda:0')}
INFO:root:TEST batch 3 / 20 - measures partial microavg - precision 1.0000 - recall 1.0000 - f1 1.0000 
INFO:root:TEST batch 3 / 20 - measures partial for class 0 - precision 1.0000 - recall 1.0000 - f1 1.0000 
INFO:root:TEST batch 3 / 20 - measures partial for class 1 - precision 0.0000 - recall 0.0000 - f1 0.0000 
INFO:root:TEST batch 3 / 20 - Batch time 17 
INFO:root:TEST batch 4 / 20 - partial error 0.0000 - partial loss 0.0075 - partial MRR  0.0875 - partial MAP 0.0008
INFO:root:TEST batch 4 / 20 -  partial tp {0: tensor(34586089, device='cuda:0'), 1: tensor(0, device='cuda:0')},fn {0: tensor(0, device='cuda:0'), 1: tensor(72, device='cuda:0')},fp {0: tensor(72, device='cuda:0'), 1: tensor(0, device='cuda:0')}
INFO:root:TEST batch 4 / 20 - measures partial microavg - precision 1.0000 - recall 1.0000 - f1 1.0000 
INFO:root:TEST batch 4 / 20 - measures partial for class 0 - precision 1.0000 - recall 1.0000 - f1 1.0000 
INFO:root:TEST batch 4 / 20 - measures partial for class 1 - precision 0.0000 - recall 0.0000 - f1 0.0000 
INFO:root:TEST batch 4 / 20 - Batch time 17 
INFO:root:TEST batch 5 / 20 - partial error 0.0000 - partial loss 0.0076 - partial MRR  0.0701 - partial MAP 0.0007
INFO:root:TEST batch 5 / 20 -  partial tp {0: tensor(34586065, device='cuda:0'), 1: tensor(0, device='cuda:0')},fn {0: tensor(0, device='cuda:0'), 1: tensor(96, device='cuda:0')},fp {0: tensor(96, device='cuda:0'), 1: tensor(0, device='cuda:0')}
INFO:root:TEST batch 5 / 20 - measures partial microavg - precision 1.0000 - recall 1.0000 - f1 1.0000 
INFO:root:TEST batch 5 / 20 - measures partial for class 0 - precision 1.0000 - recall 1.0000 - f1 1.0000 
INFO:root:TEST batch 5 / 20 - measures partial for class 1 - precision 0.0000 - recall 0.0000 - f1 0.0000 
INFO:root:TEST batch 5 / 20 - Batch time 17 
INFO:root:TEST batch 6 / 20 - partial error 0.0000 - partial loss 0.0076 - partial MRR  0.0715 - partial MAP 0.0006
INFO:root:TEST batch 6 / 20 -  partial tp {0: tensor(34585979, device='cuda:0'), 1: tensor(0, device='cuda:0')},fn {0: tensor(0, device='cuda:0'), 1: tensor(182, device='cuda:0')},fp {0: tensor(182, device='cuda:0'), 1: tensor(0, device='cuda:0')}
INFO:root:TEST batch 6 / 20 - measures partial microavg - precision 1.0000 - recall 1.0000 - f1 1.0000 
INFO:root:TEST batch 6 / 20 - measures partial for class 0 - precision 1.0000 - recall 1.0000 - f1 1.0000 
INFO:root:TEST batch 6 / 20 - measures partial for class 1 - precision 0.0000 - recall 0.0000 - f1 0.0000 
INFO:root:TEST batch 6 / 20 - Batch time 17 
INFO:root:TEST batch 7 / 20 - partial error 0.0000 - partial loss 0.0075 - partial MRR  0.0738 - partial MAP 0.0010
INFO:root:TEST batch 7 / 20 -  partial tp {0: tensor(34586057, device='cuda:0'), 1: tensor(0, device='cuda:0')},fn {0: tensor(0, device='cuda:0'), 1: tensor(104, device='cuda:0')},fp {0: tensor(104, device='cuda:0'), 1: tensor(0, device='cuda:0')}
INFO:root:TEST batch 7 / 20 - measures partial microavg - precision 1.0000 - recall 1.0000 - f1 1.0000 
INFO:root:TEST batch 7 / 20 - measures partial for class 0 - precision 1.0000 - recall 1.0000 - f1 1.0000 
INFO:root:TEST batch 7 / 20 - measures partial for class 1 - precision 0.0000 - recall 0.0000 - f1 0.0000 
INFO:root:TEST batch 7 / 20 - Batch time 17 
INFO:root:TEST batch 8 / 20 - partial error 0.0000 - partial loss 0.0074 - partial MRR  0.0671 - partial MAP 0.0009
INFO:root:TEST batch 8 / 20 -  partial tp {0: tensor(34586103, device='cuda:0'), 1: tensor(0, device='cuda:0')},fn {0: tensor(0, device='cuda:0'), 1: tensor(58, device='cuda:0')},fp {0: tensor(58, device='cuda:0'), 1: tensor(0, device='cuda:0')}
INFO:root:TEST batch 8 / 20 - measures partial microavg - precision 1.0000 - recall 1.0000 - f1 1.0000 
INFO:root:TEST batch 8 / 20 - measures partial for class 0 - precision 1.0000 - recall 1.0000 - f1 1.0000 
INFO:root:TEST batch 8 / 20 - measures partial for class 1 - precision 0.0000 - recall 0.0000 - f1 0.0000 
INFO:root:TEST batch 8 / 20 - Batch time 17 
INFO:root:TEST batch 9 / 20 - partial error 0.0000 - partial loss 0.0073 - partial MRR  0.0663 - partial MAP 0.0008
INFO:root:TEST batch 9 / 20 -  partial tp {0: tensor(34586121, device='cuda:0'), 1: tensor(0, device='cuda:0')},fn {0: tensor(0, device='cuda:0'), 1: tensor(40, device='cuda:0')},fp {0: tensor(40, device='cuda:0'), 1: tensor(0, device='cuda:0')}
INFO:root:TEST batch 9 / 20 - measures partial microavg - precision 1.0000 - recall 1.0000 - f1 1.0000 
INFO:root:TEST batch 9 / 20 - measures partial for class 0 - precision 1.0000 - recall 1.0000 - f1 1.0000 
INFO:root:TEST batch 9 / 20 - measures partial for class 1 - precision 0.0000 - recall 0.0000 - f1 0.0000 
INFO:root:TEST batch 9 / 20 - Batch time 17 
INFO:root:TEST batch 10 / 20 - partial error 0.0000 - partial loss 0.0074 - partial MRR  0.0654 - partial MAP 0.0007
INFO:root:TEST batch 10 / 20 -  partial tp {0: tensor(34586079, device='cuda:0'), 1: tensor(0, device='cuda:0')},fn {0: tensor(0, device='cuda:0'), 1: tensor(82, device='cuda:0')},fp {0: tensor(82, device='cuda:0'), 1: tensor(0, device='cuda:0')}
INFO:root:TEST batch 10 / 20 - measures partial microavg - precision 1.0000 - recall 1.0000 - f1 1.0000 
INFO:root:TEST batch 10 / 20 - measures partial for class 0 - precision 1.0000 - recall 1.0000 - f1 1.0000 
INFO:root:TEST batch 10 / 20 - measures partial for class 1 - precision 0.0000 - recall 0.0000 - f1 0.0000 
INFO:root:TEST batch 10 / 20 - Batch time 17 
INFO:root:TEST batch 11 / 20 - partial error 0.0000 - partial loss 0.0073 - partial MRR  0.0617 - partial MAP 0.0007
INFO:root:TEST batch 11 / 20 -  partial tp {0: tensor(34586091, device='cuda:0'), 1: tensor(0, device='cuda:0')},fn {0: tensor(0, device='cuda:0'), 1: tensor(70, device='cuda:0')},fp {0: tensor(70, device='cuda:0'), 1: tensor(0, device='cuda:0')}
INFO:root:TEST batch 11 / 20 - measures partial microavg - precision 1.0000 - recall 1.0000 - f1 1.0000 
INFO:root:TEST batch 11 / 20 - measures partial for class 0 - precision 1.0000 - recall 1.0000 - f1 1.0000 
INFO:root:TEST batch 11 / 20 - measures partial for class 1 - precision 0.0000 - recall 0.0000 - f1 0.0000 
INFO:root:TEST batch 11 / 20 - Batch time 17 
INFO:root:TEST batch 12 / 20 - partial error 0.0000 - partial loss 0.0072 - partial MRR  0.0647 - partial MAP 0.0012
INFO:root:TEST batch 12 / 20 -  partial tp {0: tensor(34586083, device='cuda:0'), 1: tensor(0, device='cuda:0')},fn {0: tensor(0, device='cuda:0'), 1: tensor(78, device='cuda:0')},fp {0: tensor(78, device='cuda:0'), 1: tensor(0, device='cuda:0')}
INFO:root:TEST batch 12 / 20 - measures partial microavg - precision 1.0000 - recall 1.0000 - f1 1.0000 
INFO:root:TEST batch 12 / 20 - measures partial for class 0 - precision 1.0000 - recall 1.0000 - f1 1.0000 
INFO:root:TEST batch 12 / 20 - measures partial for class 1 - precision 0.0000 - recall 0.0000 - f1 0.0000 
INFO:root:TEST batch 12 / 20 - Batch time 17 
INFO:root:TEST batch 13 / 20 - partial error 0.0000 - partial loss 0.0071 - partial MRR  0.0667 - partial MAP 0.0011
INFO:root:TEST batch 13 / 20 -  partial tp {0: tensor(34586137, device='cuda:0'), 1: tensor(0, device='cuda:0')},fn {0: tensor(0, device='cuda:0'), 1: tensor(24, device='cuda:0')},fp {0: tensor(24, device='cuda:0'), 1: tensor(0, device='cuda:0')}
INFO:root:TEST batch 13 / 20 - measures partial microavg - precision 1.0000 - recall 1.0000 - f1 1.0000 
INFO:root:TEST batch 13 / 20 - measures partial for class 0 - precision 1.0000 - recall 1.0000 - f1 1.0000 
INFO:root:TEST batch 13 / 20 - measures partial for class 1 - precision 0.0000 - recall 0.0000 - f1 0.0000 
INFO:root:TEST batch 13 / 20 - Batch time 17 
INFO:root:TEST batch 14 / 20 - partial error 0.0000 - partial loss 0.0071 - partial MRR  0.0689 - partial MAP 0.0010
INFO:root:TEST batch 14 / 20 -  partial tp {0: tensor(34586139, device='cuda:0'), 1: tensor(0, device='cuda:0')},fn {0: tensor(0, device='cuda:0'), 1: tensor(22, device='cuda:0')},fp {0: tensor(22, device='cuda:0'), 1: tensor(0, device='cuda:0')}
INFO:root:TEST batch 14 / 20 - measures partial microavg - precision 1.0000 - recall 1.0000 - f1 1.0000 
INFO:root:TEST batch 14 / 20 - measures partial for class 0 - precision 1.0000 - recall 1.0000 - f1 1.0000 
INFO:root:TEST batch 14 / 20 - measures partial for class 1 - precision 0.0000 - recall 0.0000 - f1 0.0000 
INFO:root:TEST batch 14 / 20 - Batch time 17 
INFO:root:TEST batch 15 / 20 - partial error 0.0000 - partial loss 0.0071 - partial MRR  0.0696 - partial MAP 0.0010
INFO:root:TEST batch 15 / 20 -  partial tp {0: tensor(34586129, device='cuda:0'), 1: tensor(0, device='cuda:0')},fn {0: tensor(0, device='cuda:0'), 1: tensor(32, device='cuda:0')},fp {0: tensor(32, device='cuda:0'), 1: tensor(0, device='cuda:0')}
INFO:root:TEST batch 15 / 20 - measures partial microavg - precision 1.0000 - recall 1.0000 - f1 1.0000 
INFO:root:TEST batch 15 / 20 - measures partial for class 0 - precision 1.0000 - recall 1.0000 - f1 1.0000 
INFO:root:TEST batch 15 / 20 - measures partial for class 1 - precision 0.0000 - recall 0.0000 - f1 0.0000 
INFO:root:TEST batch 15 / 20 - Batch time 17 
INFO:root:TEST batch 16 / 20 - partial error 0.0000 - partial loss 0.0070 - partial MRR  0.0780 - partial MAP 0.0009
INFO:root:TEST batch 16 / 20 -  partial tp {0: tensor(34586141, device='cuda:0'), 1: tensor(0, device='cuda:0')},fn {0: tensor(0, device='cuda:0'), 1: tensor(20, device='cuda:0')},fp {0: tensor(20, device='cuda:0'), 1: tensor(0, device='cuda:0')}
INFO:root:TEST batch 16 / 20 - measures partial microavg - precision 1.0000 - recall 1.0000 - f1 1.0000 
INFO:root:TEST batch 16 / 20 - measures partial for class 0 - precision 1.0000 - recall 1.0000 - f1 1.0000 
INFO:root:TEST batch 16 / 20 - measures partial for class 1 - precision 0.0000 - recall 0.0000 - f1 0.0000 
INFO:root:TEST batch 16 / 20 - Batch time 17 
INFO:root:TEST batch 17 / 20 - partial error 0.0000 - partial loss 0.0070 - partial MRR  0.0734 - partial MAP 0.0009
INFO:root:TEST batch 17 / 20 -  partial tp {0: tensor(34586125, device='cuda:0'), 1: tensor(0, device='cuda:0')},fn {0: tensor(0, device='cuda:0'), 1: tensor(36, device='cuda:0')},fp {0: tensor(36, device='cuda:0'), 1: tensor(0, device='cuda:0')}
INFO:root:TEST batch 17 / 20 - measures partial microavg - precision 1.0000 - recall 1.0000 - f1 1.0000 
INFO:root:TEST batch 17 / 20 - measures partial for class 0 - precision 1.0000 - recall 1.0000 - f1 1.0000 
INFO:root:TEST batch 17 / 20 - measures partial for class 1 - precision 0.0000 - recall 0.0000 - f1 0.0000 
INFO:root:TEST batch 17 / 20 - Batch time 17 
INFO:root:TEST batch 18 / 20 - partial error 0.0000 - partial loss 0.0069 - partial MRR  0.0726 - partial MAP 0.0008
INFO:root:TEST batch 18 / 20 -  partial tp {0: tensor(34586125, device='cuda:0'), 1: tensor(0, device='cuda:0')},fn {0: tensor(0, device='cuda:0'), 1: tensor(36, device='cuda:0')},fp {0: tensor(36, device='cuda:0'), 1: tensor(0, device='cuda:0')}
INFO:root:TEST batch 18 / 20 - measures partial microavg - precision 1.0000 - recall 1.0000 - f1 1.0000 
INFO:root:TEST batch 18 / 20 - measures partial for class 0 - precision 1.0000 - recall 1.0000 - f1 1.0000 
INFO:root:TEST batch 18 / 20 - measures partial for class 1 - precision 0.0000 - recall 0.0000 - f1 0.0000 
INFO:root:TEST batch 18 / 20 - Batch time 17 
INFO:root:TEST batch 19 / 20 - partial error 0.0000 - partial loss 0.0069 - partial MRR  0.0710 - partial MAP 0.0008
INFO:root:TEST batch 19 / 20 -  partial tp {0: tensor(34586115, device='cuda:0'), 1: tensor(0, device='cuda:0')},fn {0: tensor(0, device='cuda:0'), 1: tensor(46, device='cuda:0')},fp {0: tensor(46, device='cuda:0'), 1: tensor(0, device='cuda:0')}
INFO:root:TEST batch 19 / 20 - measures partial microavg - precision 1.0000 - recall 1.0000 - f1 1.0000 
INFO:root:TEST batch 19 / 20 - measures partial for class 0 - precision 1.0000 - recall 1.0000 - f1 1.0000 
INFO:root:TEST batch 19 / 20 - measures partial for class 1 - precision 0.0000 - recall 0.0000 - f1 0.0000 
INFO:root:TEST batch 19 / 20 - Batch time 18 
INFO:root:TEST batch 20 / 20 - partial error 0.0000 - partial loss 0.0069 - partial MRR  0.0799 - partial MAP 0.0007
INFO:root:TEST batch 20 / 20 -  partial tp {0: tensor(34586159, device='cuda:0'), 1: tensor(0, device='cuda:0')},fn {0: tensor(0, device='cuda:0'), 1: tensor(2, device='cuda:0')},fp {0: tensor(2, device='cuda:0'), 1: tensor(0, device='cuda:0')}
INFO:root:TEST batch 20 / 20 - measures partial microavg - precision 1.0000 - recall 1.0000 - f1 1.0000 
INFO:root:TEST batch 20 / 20 - measures partial for class 0 - precision 1.0000 - recall 1.0000 - f1 1.0000 
INFO:root:TEST batch 20 / 20 - measures partial for class 1 - precision 0.0000 - recall 0.0000 - f1 0.0000 
INFO:root:TEST batch 20 / 20 - Batch time 17 
INFO:root:TEST mean losses tensor(0.0069, device='cuda:0')
INFO:root:TEST mean errors 1.8677985735848779e-06
INFO:root:TEST mean MRR 0.07992693781852722 - mean MAP 0.0007302801823243499
INFO:root:TEST tp {0: tensor(691721928, device='cuda:0'), 1: tensor(0, device='cuda:0')},fn {0: tensor(0, device='cuda:0'), 1: tensor(1292, device='cuda:0')},fp {0: tensor(1292, device='cuda:0'), 1: tensor(0, device='cuda:0')}
INFO:root:TEST measures microavg - precision 1.0000 - recall 1.0000 - f1 1.0000 
INFO:root:TEST measures for class 0 - precision 1.0000 - recall 1.0000 - f1 1.0000 
INFO:root:TEST measures for class 1 - precision 0.0000 - recall 0.0000 - f1 0.0000 
INFO:root:TEST measures@10 microavg - precision 0.9900 - recall 0.0000 - f1 0.0000 
INFO:root:TEST measures@10 for class 0 - precision 0.9900 - recall 0.0000 - f1 0.0000 
INFO:root:TEST measures@10 for class 1 - precision 0.0000 - recall 0.0000 - f1 0.0000 
INFO:root:TEST measures@100 microavg - precision 0.9975 - recall 0.0000 - f1 0.0000 
INFO:root:TEST measures@100 for class 0 - precision 0.9975 - recall 0.0000 - f1 0.0000 
INFO:root:TEST measures@100 for class 1 - precision 0.0000 - recall 0.0000 - f1 0.0000 
INFO:root:TEST measures@1000 microavg - precision 0.9996 - recall 0.0000 - f1 0.0001 
INFO:root:TEST measures@1000 for class 0 - precision 0.9996 - recall 0.0000 - f1 0.0001 
INFO:root:TEST measures@1000 for class 1 - precision 0.0000 - recall 0.0000 - f1 0.0000 
INFO:root:TEST Total epoch time: 364.5977099510019
INFO:root:################ TRAIN epoch 22 ###################
INFO:root:TRAIN mean losses tensor(0.0228, device='cuda:0')
INFO:root:TRAIN mean errors 0.02706800401210785
INFO:root:TRAIN mean MRR 0.0 - mean MAP 0.04980679973959923
INFO:root:TRAIN tp {0: tensor(3825180, device='cuda:0'), 1: tensor(6413, device='cuda:0')},fn {0: tensor(74020, device='cuda:0'), 1: tensor(32579, device='cuda:0')},fp {0: tensor(32579, device='cuda:0'), 1: tensor(74020, device='cuda:0')}
INFO:root:TRAIN measures microavg - precision 0.9729 - recall 0.9729 - f1 0.9729 
INFO:root:TRAIN measures for class 0 - precision 0.9916 - recall 0.9810 - f1 0.9863 
INFO:root:TRAIN measures for class 1 - precision 0.0797 - recall 0.1645 - f1 0.1074 
INFO:root:TRAIN measures@10 microavg - precision 0.6025 - recall 0.0002 - f1 0.0004 
INFO:root:TRAIN measures@10 for class 0 - precision 0.9933 - recall 0.0002 - f1 0.0003 
INFO:root:TRAIN measures@10 for class 1 - precision 0.2117 - recall 0.0033 - f1 0.0064 
INFO:root:TRAIN measures@100 microavg - precision 0.5833 - recall 0.0018 - f1 0.0035 
INFO:root:TRAIN measures@100 for class 0 - precision 0.9950 - recall 0.0015 - f1 0.0031 
INFO:root:TRAIN measures@100 for class 1 - precision 0.1717 - recall 0.0264 - f1 0.0458 
INFO:root:TRAIN measures@1000 microavg - precision 0.5646 - recall 0.0164 - f1 0.0319 
INFO:root:TRAIN measures@1000 for class 0 - precision 0.9950 - recall 0.0153 - f1 0.0302 
INFO:root:TRAIN measures@1000 for class 1 - precision 0.0910 - recall 0.1273 - f1 0.1061 
INFO:root:TRAIN Total epoch time: 9.183106846001465
INFO:root:=> saved epoch checkpoint 'saved_models/EvolveGCN/bitcoinotc-20250514_054702/epoch_23.pkl'
INFO:root:################ VALID epoch 22 ###################
INFO:root:VALID mean losses tensor(0.0051, device='cuda:0')
INFO:root:VALID mean errors 0.00022823289327789098
INFO:root:VALID mean MRR 0.07615604251623154 - mean MAP 0.0008100481936708093
INFO:root:VALID tp {0: tensor(345782580, device='cuda:0'), 1: tensor(93, device='cuda:0')},fn {0: tensor(76684, device='cuda:0'), 1: tensor(2253, device='cuda:0')},fp {0: tensor(2253, device='cuda:0'), 1: tensor(76684, device='cuda:0')}
INFO:root:VALID measures microavg - precision 0.9998 - recall 0.9998 - f1 0.9998 
INFO:root:VALID measures for class 0 - precision 1.0000 - recall 0.9998 - f1 0.9999 
INFO:root:VALID measures for class 1 - precision 0.0012 - recall 0.0396 - f1 0.0024 
INFO:root:VALID measures@10 microavg - precision 0.5674 - recall 0.0000 - f1 0.0000 
INFO:root:VALID measures@10 for class 0 - precision 1.0000 - recall 0.0000 - f1 0.0000 
INFO:root:VALID measures@10 for class 1 - precision 0.0128 - recall 0.0004 - f1 0.0008 
INFO:root:VALID measures@100 microavg - precision 0.6127 - recall 0.0000 - f1 0.0000 
INFO:root:VALID measures@100 for class 0 - precision 1.0000 - recall 0.0000 - f1 0.0000 
INFO:root:VALID measures@100 for class 1 - precision 0.0047 - recall 0.0013 - f1 0.0020 
INFO:root:VALID measures@1000 microavg - precision 0.6240 - recall 0.0000 - f1 0.0001 
INFO:root:VALID measures@1000 for class 0 - precision 1.0000 - recall 0.0000 - f1 0.0001 
INFO:root:VALID measures@1000 for class 1 - precision 0.0012 - recall 0.0030 - f1 0.0017 
INFO:root:VALID Total epoch time: 185.1944746349982
INFO:root:################ TRAIN epoch 23 ###################
INFO:root:TRAIN mean losses tensor(0.0228, device='cuda:0')
INFO:root:TRAIN mean errors 0.026015492156147957
INFO:root:TRAIN mean MRR 0.0 - mean MAP 0.05003271624445915
INFO:root:TRAIN tp {0: tensor(3829403, device='cuda:0'), 1: tensor(6335, device='cuda:0')},fn {0: tensor(69797, device='cuda:0'), 1: tensor(32657, device='cuda:0')},fp {0: tensor(32657, device='cuda:0'), 1: tensor(69797, device='cuda:0')}
INFO:root:TRAIN measures microavg - precision 0.9740 - recall 0.9740 - f1 0.9740 
INFO:root:TRAIN measures for class 0 - precision 0.9915 - recall 0.9821 - f1 0.9868 
INFO:root:TRAIN measures for class 1 - precision 0.0832 - recall 0.1625 - f1 0.1101 
INFO:root:TRAIN measures@10 microavg - precision 0.6100 - recall 0.0002 - f1 0.0004 
INFO:root:TRAIN measures@10 for class 0 - precision 0.9967 - recall 0.0002 - f1 0.0003 
INFO:root:TRAIN measures@10 for class 1 - precision 0.2233 - recall 0.0034 - f1 0.0068 
INFO:root:TRAIN measures@100 microavg - precision 0.5836 - recall 0.0018 - f1 0.0035 
INFO:root:TRAIN measures@100 for class 0 - precision 0.9957 - recall 0.0015 - f1 0.0031 
INFO:root:TRAIN measures@100 for class 1 - precision 0.1690 - recall 0.0259 - f1 0.0448 
INFO:root:TRAIN measures@1000 microavg - precision 0.5766 - recall 0.0164 - f1 0.0319 
INFO:root:TRAIN measures@1000 for class 0 - precision 0.9952 - recall 0.0153 - f1 0.0302 
INFO:root:TRAIN measures@1000 for class 1 - precision 0.0940 - recall 0.1255 - f1 0.1075 
INFO:root:TRAIN Total epoch time: 9.094963956998981
INFO:root:=> saved epoch checkpoint 'saved_models/EvolveGCN/bitcoinotc-20250514_054702/epoch_24.pkl'
INFO:root:################ VALID epoch 23 ###################
INFO:root:VALID mean losses tensor(0.0053, device='cuda:0')
INFO:root:VALID mean errors 0.00014254255802370608
INFO:root:VALID mean MRR 0.07710791379213333 - mean MAP 0.0024919810239225626
INFO:root:VALID tp {0: tensor(345812268, device='cuda:0'), 1: tensor(42, device='cuda:0')},fn {0: tensor(46996, device='cuda:0'), 1: tensor(2304, device='cuda:0')},fp {0: tensor(2304, device='cuda:0'), 1: tensor(46996, device='cuda:0')}
INFO:root:VALID measures microavg - precision 0.9999 - recall 0.9999 - f1 0.9999 
INFO:root:VALID measures for class 0 - precision 1.0000 - recall 0.9999 - f1 0.9999 
INFO:root:VALID measures for class 1 - precision 0.0009 - recall 0.0179 - f1 0.0017 
INFO:root:VALID measures@10 microavg - precision 0.7075 - recall 0.0000 - f1 0.0000 
INFO:root:VALID measures@10 for class 0 - precision 1.0000 - recall 0.0000 - f1 0.0000 
INFO:root:VALID measures@10 for class 1 - precision 0.0851 - recall 0.0017 - f1 0.0033 
INFO:root:VALID measures@100 microavg - precision 0.7136 - recall 0.0000 - f1 0.0000 
INFO:root:VALID measures@100 for class 0 - precision 1.0000 - recall 0.0000 - f1 0.0000 
INFO:root:VALID measures@100 for class 1 - precision 0.0098 - recall 0.0017 - f1 0.0029 
INFO:root:VALID measures@1000 microavg - precision 0.7144 - recall 0.0000 - f1 0.0001 
INFO:root:VALID measures@1000 for class 0 - precision 0.9999 - recall 0.0000 - f1 0.0001 
INFO:root:VALID measures@1000 for class 1 - precision 0.0017 - recall 0.0030 - f1 0.0022 
INFO:root:VALID Total epoch time: 187.35837428299783
INFO:root:################ TRAIN epoch 24 ###################
INFO:root:TRAIN mean losses tensor(0.0228, device='cuda:0')
INFO:root:TRAIN mean errors 0.02652689442038536
INFO:root:TRAIN mean MRR 0.0 - mean MAP 0.05034874007105827
INFO:root:TRAIN tp {0: tensor(3827362, device='cuda:0'), 1: tensor(6362, device='cuda:0')},fn {0: tensor(71838, device='cuda:0'), 1: tensor(32630, device='cuda:0')},fp {0: tensor(32630, device='cuda:0'), 1: tensor(71838, device='cuda:0')}
INFO:root:TRAIN measures microavg - precision 0.9735 - recall 0.9735 - f1 0.9735 
INFO:root:TRAIN measures for class 0 - precision 0.9915 - recall 0.9816 - f1 0.9865 
INFO:root:TRAIN measures for class 1 - precision 0.0814 - recall 0.1632 - f1 0.1086 
INFO:root:TRAIN measures@10 microavg - precision 0.6125 - recall 0.0002 - f1 0.0004 
INFO:root:TRAIN measures@10 for class 0 - precision 0.9967 - recall 0.0002 - f1 0.0003 
INFO:root:TRAIN measures@10 for class 1 - precision 0.2283 - recall 0.0035 - f1 0.0069 
INFO:root:TRAIN measures@100 microavg - precision 0.5842 - recall 0.0018 - f1 0.0035 
INFO:root:TRAIN measures@100 for class 0 - precision 0.9965 - recall 0.0015 - f1 0.0031 
INFO:root:TRAIN measures@100 for class 1 - precision 0.1718 - recall 0.0264 - f1 0.0458 
INFO:root:TRAIN measures@1000 microavg - precision 0.5739 - recall 0.0164 - f1 0.0319 
INFO:root:TRAIN measures@1000 for class 0 - precision 0.9959 - recall 0.0153 - f1 0.0302 
INFO:root:TRAIN measures@1000 for class 1 - precision 0.0940 - recall 0.1272 - f1 0.1081 
INFO:root:TRAIN Total epoch time: 9.110750928000925
INFO:root:=> saved epoch checkpoint 'saved_models/EvolveGCN/bitcoinotc-20250514_054702/epoch_25.pkl'
INFO:root:################ VALID epoch 24 ###################
INFO:root:VALID mean losses tensor(0.0053, device='cuda:0')
INFO:root:VALID mean errors 0.0003422813897486776
INFO:root:VALID mean MRR 0.07207140326499939 - mean MAP 0.0005672814440913498
INFO:root:VALID tp {0: tensor(345743077, device='cuda:0'), 1: tensor(151, device='cuda:0')},fn {0: tensor(116187, device='cuda:0'), 1: tensor(2195, device='cuda:0')},fp {0: tensor(2195, device='cuda:0'), 1: tensor(116187, device='cuda:0')}
INFO:root:VALID measures microavg - precision 0.9997 - recall 0.9997 - f1 0.9997 
INFO:root:VALID measures for class 0 - precision 1.0000 - recall 0.9997 - f1 0.9998 
INFO:root:VALID measures for class 1 - precision 0.0013 - recall 0.0644 - f1 0.0025 
INFO:root:VALID measures@10 microavg - precision 0.5464 - recall 0.0000 - f1 0.0000 
INFO:root:VALID measures@10 for class 0 - precision 1.0000 - recall 0.0000 - f1 0.0000 
INFO:root:VALID measures@10 for class 1 - precision 0.0000 - recall 0.0000 - f1 0.0000 
INFO:root:VALID measures@100 microavg - precision 0.5619 - recall 0.0000 - f1 0.0000 
INFO:root:VALID measures@100 for class 0 - precision 1.0000 - recall 0.0000 - f1 0.0000 
INFO:root:VALID measures@100 for class 1 - precision 0.0038 - recall 0.0013 - f1 0.0019 
INFO:root:VALID measures@1000 microavg - precision 0.5856 - recall 0.0000 - f1 0.0001 
INFO:root:VALID measures@1000 for class 0 - precision 1.0000 - recall 0.0000 - f1 0.0001 
INFO:root:VALID measures@1000 for class 1 - precision 0.0007 - recall 0.0021 - f1 0.0011 
INFO:root:VALID Total epoch time: 186.22213648899924
INFO:root:################ TRAIN epoch 25 ###################
INFO:root:TRAIN mean losses tensor(0.0229, device='cuda:0')
INFO:root:TRAIN mean errors 0.025671424344182014
INFO:root:TRAIN mean MRR 0.0 - mean MAP 0.05025385692715645
INFO:root:TRAIN tp {0: tensor(3831087, device='cuda:0'), 1: tensor(6006, device='cuda:0')},fn {0: tensor(68113, device='cuda:0'), 1: tensor(32986, device='cuda:0')},fp {0: tensor(32986, device='cuda:0'), 1: tensor(68113, device='cuda:0')}
INFO:root:TRAIN measures microavg - precision 0.9743 - recall 0.9743 - f1 0.9743 
INFO:root:TRAIN measures for class 0 - precision 0.9915 - recall 0.9825 - f1 0.9870 
INFO:root:TRAIN measures for class 1 - precision 0.0810 - recall 0.1540 - f1 0.1062 
INFO:root:TRAIN measures@10 microavg - precision 0.6183 - recall 0.0002 - f1 0.0004 
INFO:root:TRAIN measures@10 for class 0 - precision 0.9967 - recall 0.0002 - f1 0.0003 
INFO:root:TRAIN measures@10 for class 1 - precision 0.2400 - recall 0.0037 - f1 0.0073 
INFO:root:TRAIN measures@100 microavg - precision 0.5831 - recall 0.0018 - f1 0.0035 
INFO:root:TRAIN measures@100 for class 0 - precision 0.9952 - recall 0.0015 - f1 0.0031 
INFO:root:TRAIN measures@100 for class 1 - precision 0.1710 - recall 0.0263 - f1 0.0456 
INFO:root:TRAIN measures@1000 microavg - precision 0.5944 - recall 0.0163 - f1 0.0318 
INFO:root:TRAIN measures@1000 for class 0 - precision 0.9948 - recall 0.0153 - f1 0.0302 
INFO:root:TRAIN measures@1000 for class 1 - precision 0.0963 - recall 0.1191 - f1 0.1065 
INFO:root:TRAIN Total epoch time: 9.195976683000481
INFO:root:=> saved epoch checkpoint 'saved_models/EvolveGCN/bitcoinotc-20250514_054702/epoch_26.pkl'
INFO:root:################ VALID epoch 25 ###################
INFO:root:VALID mean losses tensor(0.0048, device='cuda:0')
INFO:root:VALID mean errors 0.00031712392228655517
INFO:root:VALID mean MRR 0.06447256356477737 - mean MAP 0.0005059433169662952
INFO:root:VALID tp {0: tensor(345751824, device='cuda:0'), 1: tensor(105, device='cuda:0')},fn {0: tensor(107440, device='cuda:0'), 1: tensor(2241, device='cuda:0')},fp {0: tensor(2241, device='cuda:0'), 1: tensor(107440, device='cuda:0')}
INFO:root:VALID measures microavg - precision 0.9997 - recall 0.9997 - f1 0.9997 
INFO:root:VALID measures for class 0 - precision 1.0000 - recall 0.9997 - f1 0.9998 
INFO:root:VALID measures for class 1 - precision 0.0010 - recall 0.0448 - f1 0.0019 
INFO:root:VALID measures@10 microavg - precision 0.5288 - recall 0.0000 - f1 0.0000 
INFO:root:VALID measures@10 for class 0 - precision 1.0000 - recall 0.0000 - f1 0.0000 
INFO:root:VALID measures@10 for class 1 - precision 0.0110 - recall 0.0004 - f1 0.0008 
INFO:root:VALID measures@100 microavg - precision 0.5786 - recall 0.0000 - f1 0.0000 
INFO:root:VALID measures@100 for class 0 - precision 0.9990 - recall 0.0000 - f1 0.0000 
INFO:root:VALID measures@100 for class 1 - precision 0.0027 - recall 0.0009 - f1 0.0013 
INFO:root:VALID measures@1000 microavg - precision 0.5872 - recall 0.0000 - f1 0.0001 
INFO:root:VALID measures@1000 for class 0 - precision 0.9998 - recall 0.0000 - f1 0.0001 
INFO:root:VALID measures@1000 for class 1 - precision 0.0003 - recall 0.0009 - f1 0.0004 
INFO:root:VALID Total epoch time: 186.44597759200042
INFO:root:################ TRAIN epoch 26 ###################
INFO:root:TRAIN mean losses tensor(0.0230, device='cuda:0')
INFO:root:TRAIN mean errors 0.026077449321746826
INFO:root:TRAIN mean MRR 0.0 - mean MAP 0.0478428453207016
INFO:root:TRAIN tp {0: tensor(3829522, device='cuda:0'), 1: tensor(5972, device='cuda:0')},fn {0: tensor(69678, device='cuda:0'), 1: tensor(33020, device='cuda:0')},fp {0: tensor(33020, device='cuda:0'), 1: tensor(69678, device='cuda:0')}
INFO:root:TRAIN measures microavg - precision 0.9739 - recall 0.9739 - f1 0.9739 
INFO:root:TRAIN measures for class 0 - precision 0.9915 - recall 0.9821 - f1 0.9868 
INFO:root:TRAIN measures for class 1 - precision 0.0789 - recall 0.1532 - f1 0.1042 
INFO:root:TRAIN measures@10 microavg - precision 0.5857 - recall 0.0002 - f1 0.0004 
INFO:root:TRAIN measures@10 for class 0 - precision 0.9850 - recall 0.0002 - f1 0.0003 
INFO:root:TRAIN measures@10 for class 1 - precision 0.1797 - recall 0.0027 - f1 0.0054 
INFO:root:TRAIN measures@100 microavg - precision 0.5847 - recall 0.0018 - f1 0.0035 
INFO:root:TRAIN measures@100 for class 0 - precision 0.9953 - recall 0.0015 - f1 0.0031 
INFO:root:TRAIN measures@100 for class 1 - precision 0.1660 - recall 0.0251 - f1 0.0435 
INFO:root:TRAIN measures@1000 microavg - precision 0.5986 - recall 0.0163 - f1 0.0318 
INFO:root:TRAIN measures@1000 for class 0 - precision 0.9950 - recall 0.0153 - f1 0.0302 
INFO:root:TRAIN measures@1000 for class 1 - precision 0.0957 - recall 0.1161 - f1 0.1049 
INFO:root:TRAIN Total epoch time: 9.034175729997514
INFO:root:=> saved epoch checkpoint 'saved_models/EvolveGCN/bitcoinotc-20250514_054702/epoch_27.pkl'
INFO:root:################ VALID epoch 26 ###################
INFO:root:VALID mean losses tensor(0.0045, device='cuda:0')
INFO:root:VALID mean errors 0.0006688107969239354
INFO:root:VALID mean MRR 0.07208039611577988 - mean MAP 0.0009553976124152541
INFO:root:VALID tp {0: tensor(345630103, device='cuda:0'), 1: tensor(191, device='cuda:0')},fn {0: tensor(229161, device='cuda:0'), 1: tensor(2155, device='cuda:0')},fp {0: tensor(2155, device='cuda:0'), 1: tensor(229161, device='cuda:0')}
INFO:root:VALID measures microavg - precision 0.9993 - recall 0.9993 - f1 0.9993 
INFO:root:VALID measures for class 0 - precision 1.0000 - recall 0.9993 - f1 0.9997 
INFO:root:VALID measures for class 1 - precision 0.0008 - recall 0.0814 - f1 0.0016 
INFO:root:VALID measures@10 microavg - precision 0.5100 - recall 0.0000 - f1 0.0000 
INFO:root:VALID measures@10 for class 0 - precision 1.0000 - recall 0.0000 - f1 0.0000 
INFO:root:VALID measures@10 for class 1 - precision 0.0200 - recall 0.0009 - f1 0.0016 
INFO:root:VALID measures@100 microavg - precision 0.5020 - recall 0.0000 - f1 0.0000 
INFO:root:VALID measures@100 for class 0 - precision 1.0000 - recall 0.0000 - f1 0.0000 
INFO:root:VALID measures@100 for class 1 - precision 0.0040 - recall 0.0017 - f1 0.0024 
INFO:root:VALID measures@1000 microavg - precision 0.5003 - recall 0.0000 - f1 0.0001 
INFO:root:VALID measures@1000 for class 0 - precision 1.0000 - recall 0.0000 - f1 0.0001 
INFO:root:VALID measures@1000 for class 1 - precision 0.0007 - recall 0.0030 - f1 0.0011 
INFO:root:VALID Total epoch time: 186.0595530410028
INFO:root:################ TRAIN epoch 27 ###################
INFO:root:TRAIN mean losses tensor(0.0228, device='cuda:0')
INFO:root:TRAIN mean errors 0.02590097114443779
INFO:root:TRAIN mean MRR 0.0 - mean MAP 0.04943913593888283
INFO:root:TRAIN tp {0: tensor(3830000, device='cuda:0'), 1: tensor(6189, device='cuda:0')},fn {0: tensor(69200, device='cuda:0'), 1: tensor(32803, device='cuda:0')},fp {0: tensor(32803, device='cuda:0'), 1: tensor(69200, device='cuda:0')}
INFO:root:TRAIN measures microavg - precision 0.9741 - recall 0.9741 - f1 0.9741 
INFO:root:TRAIN measures for class 0 - precision 0.9915 - recall 0.9823 - f1 0.9869 
INFO:root:TRAIN measures for class 1 - precision 0.0821 - recall 0.1587 - f1 0.1082 
INFO:root:TRAIN measures@10 microavg - precision 0.6050 - recall 0.0002 - f1 0.0004 
INFO:root:TRAIN measures@10 for class 0 - precision 0.9983 - recall 0.0002 - f1 0.0003 
INFO:root:TRAIN measures@10 for class 1 - precision 0.2117 - recall 0.0033 - f1 0.0064 
INFO:root:TRAIN measures@100 microavg - precision 0.5812 - recall 0.0018 - f1 0.0035 
INFO:root:TRAIN measures@100 for class 0 - precision 0.9972 - recall 0.0015 - f1 0.0031 
INFO:root:TRAIN measures@100 for class 1 - precision 0.1630 - recall 0.0250 - f1 0.0433 
INFO:root:TRAIN measures@1000 microavg - precision 0.5754 - recall 0.0164 - f1 0.0319 
INFO:root:TRAIN measures@1000 for class 0 - precision 0.9955 - recall 0.0153 - f1 0.0302 
INFO:root:TRAIN measures@1000 for class 1 - precision 0.0934 - recall 0.1252 - f1 0.1070 
INFO:root:TRAIN Total epoch time: 9.224372846001643
INFO:root:=> saved epoch checkpoint 'saved_models/EvolveGCN/bitcoinotc-20250514_054702/epoch_28.pkl'
INFO:root:################ VALID epoch 27 ###################
INFO:root:VALID mean losses tensor(0.0046, device='cuda:0')
INFO:root:VALID mean errors 0.0007424038485623896
INFO:root:VALID mean MRR 0.07783764600753784 - mean MAP 0.0005495751393027604
INFO:root:VALID tp {0: tensor(345604596, device='cuda:0'), 1: tensor(245, device='cuda:0')},fn {0: tensor(254668, device='cuda:0'), 1: tensor(2101, device='cuda:0')},fp {0: tensor(2101, device='cuda:0'), 1: tensor(254668, device='cuda:0')}
INFO:root:VALID measures microavg - precision 0.9993 - recall 0.9993 - f1 0.9993 
INFO:root:VALID measures for class 0 - precision 1.0000 - recall 0.9993 - f1 0.9996 
INFO:root:VALID measures for class 1 - precision 0.0010 - recall 0.1044 - f1 0.0019 
INFO:root:VALID measures@10 microavg - precision 0.5000 - recall 0.0000 - f1 0.0000 
INFO:root:VALID measures@10 for class 0 - precision 1.0000 - recall 0.0000 - f1 0.0000 
INFO:root:VALID measures@10 for class 1 - precision 0.0000 - recall 0.0000 - f1 0.0000 
INFO:root:VALID measures@100 microavg - precision 0.5040 - recall 0.0000 - f1 0.0000 
INFO:root:VALID measures@100 for class 0 - precision 1.0000 - recall 0.0000 - f1 0.0000 
INFO:root:VALID measures@100 for class 1 - precision 0.0080 - recall 0.0034 - f1 0.0048 
INFO:root:VALID measures@1000 microavg - precision 0.5073 - recall 0.0000 - f1 0.0001 
INFO:root:VALID measures@1000 for class 0 - precision 1.0000 - recall 0.0000 - f1 0.0001 
INFO:root:VALID measures@1000 for class 1 - precision 0.0024 - recall 0.0098 - f1 0.0038 
INFO:root:VALID Total epoch time: 187.69808541900056
INFO:root:################ TRAIN epoch 28 ###################
INFO:root:TRAIN mean losses tensor(0.0228, device='cuda:0')
INFO:root:TRAIN mean errors 0.025438576936721802
INFO:root:TRAIN mean MRR 0.0 - mean MAP 0.05011461302638054
INFO:root:TRAIN tp {0: tensor(3831861, device='cuda:0'), 1: tensor(6149, device='cuda:0')},fn {0: tensor(67339, device='cuda:0'), 1: tensor(32843, device='cuda:0')},fp {0: tensor(32843, device='cuda:0'), 1: tensor(67339, device='cuda:0')}
INFO:root:TRAIN measures microavg - precision 0.9746 - recall 0.9746 - f1 0.9746 
INFO:root:TRAIN measures for class 0 - precision 0.9915 - recall 0.9827 - f1 0.9871 
INFO:root:TRAIN measures for class 1 - precision 0.0837 - recall 0.1577 - f1 0.1093 
INFO:root:TRAIN measures@10 microavg - precision 0.6000 - recall 0.0002 - f1 0.0004 
INFO:root:TRAIN measures@10 for class 0 - precision 0.9967 - recall 0.0002 - f1 0.0003 
INFO:root:TRAIN measures@10 for class 1 - precision 0.2033 - recall 0.0031 - f1 0.0062 
INFO:root:TRAIN measures@100 microavg - precision 0.5818 - recall 0.0018 - f1 0.0035 
INFO:root:TRAIN measures@100 for class 0 - precision 0.9950 - recall 0.0015 - f1 0.0031 
INFO:root:TRAIN measures@100 for class 1 - precision 0.1687 - recall 0.0260 - f1 0.0450 
INFO:root:TRAIN measures@1000 microavg - precision 0.5893 - recall 0.0164 - f1 0.0319 
INFO:root:TRAIN measures@1000 for class 0 - precision 0.9956 - recall 0.0153 - f1 0.0302 
INFO:root:TRAIN measures@1000 for class 1 - precision 0.0958 - recall 0.1214 - f1 0.1071 
INFO:root:TRAIN Total epoch time: 8.99587882600099
INFO:root:=> saved epoch checkpoint 'saved_models/EvolveGCN/bitcoinotc-20250514_054702/epoch_29.pkl'
INFO:root:################ VALID epoch 28 ###################
INFO:root:VALID mean losses tensor(0.0044, device='cuda:0')
INFO:root:VALID mean errors 0.0003658023488242179
INFO:root:VALID mean MRR 0.06625344604253769 - mean MAP 0.0007028071559034288
INFO:root:VALID tp {0: tensor(345734937, device='cuda:0'), 1: tensor(156, device='cuda:0')},fn {0: tensor(124327, device='cuda:0'), 1: tensor(2190, device='cuda:0')},fp {0: tensor(2190, device='cuda:0'), 1: tensor(124327, device='cuda:0')}
INFO:root:VALID measures microavg - precision 0.9996 - recall 0.9996 - f1 0.9996 
INFO:root:VALID measures for class 0 - precision 1.0000 - recall 0.9996 - f1 0.9998 
INFO:root:VALID measures for class 1 - precision 0.0013 - recall 0.0665 - f1 0.0025 
INFO:root:VALID measures@10 microavg - precision 0.5421 - recall 0.0000 - f1 0.0000 
INFO:root:VALID measures@10 for class 0 - precision 1.0000 - recall 0.0000 - f1 0.0000 
INFO:root:VALID measures@10 for class 1 - precision 0.0333 - recall 0.0013 - f1 0.0025 
INFO:root:VALID measures@100 microavg - precision 0.5463 - recall 0.0000 - f1 0.0000 
INFO:root:VALID measures@100 for class 0 - precision 1.0000 - recall 0.0000 - f1 0.0000 
INFO:root:VALID measures@100 for class 1 - precision 0.0036 - recall 0.0013 - f1 0.0019 
INFO:root:VALID measures@1000 microavg - precision 0.5548 - recall 0.0000 - f1 0.0001 
INFO:root:VALID measures@1000 for class 0 - precision 1.0000 - recall 0.0000 - f1 0.0001 
INFO:root:VALID measures@1000 for class 1 - precision 0.0009 - recall 0.0030 - f1 0.0013 
INFO:root:VALID Total epoch time: 184.28419082300024
INFO:root:################ TRAIN epoch 29 ###################
INFO:root:TRAIN mean losses tensor(0.0229, device='cuda:0')
INFO:root:TRAIN mean errors 0.023563096299767494
INFO:root:TRAIN mean MRR 0.0 - mean MAP 0.05045716091990471
INFO:root:TRAIN tp {0: tensor(3839612, device='cuda:0'), 1: tensor(5784, device='cuda:0')},fn {0: tensor(59588, device='cuda:0'), 1: tensor(33208, device='cuda:0')},fp {0: tensor(33208, device='cuda:0'), 1: tensor(59588, device='cuda:0')}
INFO:root:TRAIN measures microavg - precision 0.9764 - recall 0.9764 - f1 0.9764 
INFO:root:TRAIN measures for class 0 - precision 0.9914 - recall 0.9847 - f1 0.9881 
INFO:root:TRAIN measures for class 1 - precision 0.0885 - recall 0.1483 - f1 0.1108 
INFO:root:TRAIN measures@10 microavg - precision 0.6025 - recall 0.0002 - f1 0.0004 
INFO:root:TRAIN measures@10 for class 0 - precision 0.9950 - recall 0.0002 - f1 0.0003 
INFO:root:TRAIN measures@10 for class 1 - precision 0.2100 - recall 0.0032 - f1 0.0064 
INFO:root:TRAIN measures@100 microavg - precision 0.5858 - recall 0.0018 - f1 0.0035 
INFO:root:TRAIN measures@100 for class 0 - precision 0.9952 - recall 0.0015 - f1 0.0031 
INFO:root:TRAIN measures@100 for class 1 - precision 0.1733 - recall 0.0265 - f1 0.0459 
INFO:root:TRAIN measures@1000 microavg - precision 0.6125 - recall 0.0163 - f1 0.0318 
INFO:root:TRAIN measures@1000 for class 0 - precision 0.9953 - recall 0.0153 - f1 0.0302 
INFO:root:TRAIN measures@1000 for class 1 - precision 0.1005 - recall 0.1156 - f1 0.1075 
INFO:root:TRAIN Total epoch time: 9.17673988200113
INFO:root:=> saved epoch checkpoint 'saved_models/EvolveGCN/bitcoinotc-20250514_054702/epoch_30.pkl'
INFO:root:################ VALID epoch 29 ###################
INFO:root:VALID mean losses tensor(0.0056, device='cuda:0')
INFO:root:VALID mean errors 0.0010155477793887258
INFO:root:VALID mean MRR 0.07477470487356186 - mean MAP 0.0003551761619746685
INFO:root:VALID tp {0: tensor(345510120, device='cuda:0'), 1: tensor(251, device='cuda:0')},fn {0: tensor(349144, device='cuda:0'), 1: tensor(2095, device='cuda:0')},fp {0: tensor(2095, device='cuda:0'), 1: tensor(349144, device='cuda:0')}
INFO:root:VALID measures microavg - precision 0.9990 - recall 0.9990 - f1 0.9990 
INFO:root:VALID measures for class 0 - precision 1.0000 - recall 0.9990 - f1 0.9995 
INFO:root:VALID measures for class 1 - precision 0.0007 - recall 0.1070 - f1 0.0014 
INFO:root:VALID measures@10 microavg - precision 0.5050 - recall 0.0000 - f1 0.0000 
INFO:root:VALID measures@10 for class 0 - precision 1.0000 - recall 0.0000 - f1 0.0000 
INFO:root:VALID measures@10 for class 1 - precision 0.0100 - recall 0.0004 - f1 0.0008 
INFO:root:VALID measures@100 microavg - precision 0.5005 - recall 0.0000 - f1 0.0000 
INFO:root:VALID measures@100 for class 0 - precision 1.0000 - recall 0.0000 - f1 0.0000 
INFO:root:VALID measures@100 for class 1 - precision 0.0010 - recall 0.0004 - f1 0.0006 
INFO:root:VALID measures@1000 microavg - precision 0.5002 - recall 0.0000 - f1 0.0001 
INFO:root:VALID measures@1000 for class 0 - precision 0.9999 - recall 0.0000 - f1 0.0001 
INFO:root:VALID measures@1000 for class 1 - precision 0.0005 - recall 0.0021 - f1 0.0008 
INFO:root:VALID Total epoch time: 189.8257620080003
INFO:root:################ TRAIN epoch 30 ###################
INFO:root:TRAIN mean losses tensor(0.0228, device='cuda:0')
INFO:root:TRAIN mean errors 0.024383271113038063
INFO:root:TRAIN mean MRR 0.0 - mean MAP 0.05043346434831619
INFO:root:TRAIN tp {0: tensor(3836381, device='cuda:0'), 1: tensor(5785, device='cuda:0')},fn {0: tensor(62819, device='cuda:0'), 1: tensor(33207, device='cuda:0')},fp {0: tensor(33207, device='cuda:0'), 1: tensor(62819, device='cuda:0')}
INFO:root:TRAIN measures microavg - precision 0.9756 - recall 0.9756 - f1 0.9756 
INFO:root:TRAIN measures for class 0 - precision 0.9914 - recall 0.9839 - f1 0.9876 
INFO:root:TRAIN measures for class 1 - precision 0.0843 - recall 0.1484 - f1 0.1075 
INFO:root:TRAIN measures@10 microavg - precision 0.5983 - recall 0.0002 - f1 0.0004 
INFO:root:TRAIN measures@10 for class 0 - precision 0.9967 - recall 0.0002 - f1 0.0003 
INFO:root:TRAIN measures@10 for class 1 - precision 0.2000 - recall 0.0031 - f1 0.0061 
INFO:root:TRAIN measures@100 microavg - precision 0.5870 - recall 0.0018 - f1 0.0036 
INFO:root:TRAIN measures@100 for class 0 - precision 0.9957 - recall 0.0015 - f1 0.0031 
INFO:root:TRAIN measures@100 for class 1 - precision 0.1782 - recall 0.0274 - f1 0.0475 
INFO:root:TRAIN measures@1000 microavg - precision 0.5866 - recall 0.0164 - f1 0.0319 
INFO:root:TRAIN measures@1000 for class 0 - precision 0.9953 - recall 0.0153 - f1 0.0302 
INFO:root:TRAIN measures@1000 for class 1 - precision 0.0962 - recall 0.1234 - f1 0.1081 
INFO:root:TRAIN Total epoch time: 9.143008219001786
INFO:root:=> saved epoch checkpoint 'saved_models/EvolveGCN/bitcoinotc-20250514_054702/epoch_31.pkl'
INFO:root:################ VALID epoch 30 ###################
INFO:root:VALID mean losses tensor(0.0056, device='cuda:0')
INFO:root:VALID mean errors 0.0008464136044494808
INFO:root:VALID mean MRR 0.0754784494638443 - mean MAP 0.0004907747497782111
INFO:root:VALID tp {0: tensor(345568628, device='cuda:0'), 1: tensor(240, device='cuda:0')},fn {0: tensor(290636, device='cuda:0'), 1: tensor(2106, device='cuda:0')},fp {0: tensor(2106, device='cuda:0'), 1: tensor(290636, device='cuda:0')}
INFO:root:VALID measures microavg - precision 0.9992 - recall 0.9992 - f1 0.9992 
INFO:root:VALID measures for class 0 - precision 1.0000 - recall 0.9992 - f1 0.9996 
INFO:root:VALID measures for class 1 - precision 0.0008 - recall 0.1023 - f1 0.0016 
INFO:root:VALID measures@10 microavg - precision 0.5000 - recall 0.0000 - f1 0.0000 
INFO:root:VALID measures@10 for class 0 - precision 1.0000 - recall 0.0000 - f1 0.0000 
INFO:root:VALID measures@10 for class 1 - precision 0.0000 - recall 0.0000 - f1 0.0000 
INFO:root:VALID measures@100 microavg - precision 0.5015 - recall 0.0000 - f1 0.0000 
INFO:root:VALID measures@100 for class 0 - precision 1.0000 - recall 0.0000 - f1 0.0000 
INFO:root:VALID measures@100 for class 1 - precision 0.0030 - recall 0.0013 - f1 0.0018 
INFO:root:VALID measures@1000 microavg - precision 0.5008 - recall 0.0000 - f1 0.0001 
INFO:root:VALID measures@1000 for class 0 - precision 1.0000 - recall 0.0000 - f1 0.0001 
INFO:root:VALID measures@1000 for class 1 - precision 0.0016 - recall 0.0068 - f1 0.0026 
INFO:root:VALID Total epoch time: 186.80207302699637
INFO:root:################ TRAIN epoch 31 ###################
INFO:root:TRAIN mean losses tensor(0.0227, device='cuda:0')
INFO:root:TRAIN mean errors 0.02458920143544674
INFO:root:TRAIN mean MRR 0.0 - mean MAP 0.050962433218955994
INFO:root:TRAIN tp {0: tensor(3835356, device='cuda:0'), 1: tensor(5999, device='cuda:0')},fn {0: tensor(63844, device='cuda:0'), 1: tensor(32993, device='cuda:0')},fp {0: tensor(32993, device='cuda:0'), 1: tensor(63844, device='cuda:0')}
INFO:root:TRAIN measures microavg - precision 0.9754 - recall 0.9754 - f1 0.9754 
INFO:root:TRAIN measures for class 0 - precision 0.9915 - recall 0.9836 - f1 0.9875 
INFO:root:TRAIN measures for class 1 - precision 0.0859 - recall 0.1539 - f1 0.1102 
INFO:root:TRAIN measures@10 microavg - precision 0.6000 - recall 0.0002 - f1 0.0004 
INFO:root:TRAIN measures@10 for class 0 - precision 0.9967 - recall 0.0002 - f1 0.0003 
INFO:root:TRAIN measures@10 for class 1 - precision 0.2033 - recall 0.0031 - f1 0.0062 
INFO:root:TRAIN measures@100 microavg - precision 0.5882 - recall 0.0018 - f1 0.0036 
INFO:root:TRAIN measures@100 for class 0 - precision 0.9968 - recall 0.0015 - f1 0.0031 
INFO:root:TRAIN measures@100 for class 1 - precision 0.1795 - recall 0.0276 - f1 0.0479 
INFO:root:TRAIN measures@1000 microavg - precision 0.5790 - recall 0.0164 - f1 0.0319 
INFO:root:TRAIN measures@1000 for class 0 - precision 0.9956 - recall 0.0153 - f1 0.0302 
INFO:root:TRAIN measures@1000 for class 1 - precision 0.0948 - recall 0.1255 - f1 0.1080 
INFO:root:TRAIN Total epoch time: 9.069263121000404
INFO:root:=> saved epoch checkpoint 'saved_models/EvolveGCN/bitcoinotc-20250514_054702/epoch_32.pkl'
INFO:root:################ VALID epoch 31 ###################
INFO:root:VALID mean losses tensor(0.0055, device='cuda:0')
INFO:root:VALID mean errors 0.0010486968094483018
INFO:root:VALID mean MRR 0.07493472844362259 - mean MAP 0.000368239707313478
INFO:root:VALID tp {0: tensor(345498639, device='cuda:0'), 1: tensor(267, device='cuda:0')},fn {0: tensor(360625, device='cuda:0'), 1: tensor(2079, device='cuda:0')},fp {0: tensor(2079, device='cuda:0'), 1: tensor(360625, device='cuda:0')}
INFO:root:VALID measures microavg - precision 0.9990 - recall 0.9990 - f1 0.9990 
INFO:root:VALID measures for class 0 - precision 1.0000 - recall 0.9990 - f1 0.9995 
INFO:root:VALID measures for class 1 - precision 0.0007 - recall 0.1138 - f1 0.0015 
INFO:root:VALID measures@10 microavg - precision 0.5000 - recall 0.0000 - f1 0.0000 
INFO:root:VALID measures@10 for class 0 - precision 1.0000 - recall 0.0000 - f1 0.0000 
INFO:root:VALID measures@10 for class 1 - precision 0.0000 - recall 0.0000 - f1 0.0000 
INFO:root:VALID measures@100 microavg - precision 0.4995 - recall 0.0000 - f1 0.0000 
INFO:root:VALID measures@100 for class 0 - precision 0.9990 - recall 0.0000 - f1 0.0000 
INFO:root:VALID measures@100 for class 1 - precision 0.0000 - recall 0.0000 - f1 0.0000 
INFO:root:VALID measures@1000 microavg - precision 0.5003 - recall 0.0000 - f1 0.0001 
INFO:root:VALID measures@1000 for class 0 - precision 0.9999 - recall 0.0000 - f1 0.0001 
INFO:root:VALID measures@1000 for class 1 - precision 0.0007 - recall 0.0030 - f1 0.0011 
INFO:root:VALID Total epoch time: 187.79910140799984
INFO:root:################ TRAIN epoch 32 ###################
INFO:root:TRAIN mean losses tensor(0.0228, device='cuda:0')
INFO:root:TRAIN mean errors 0.024150677025318146
INFO:root:TRAIN mean MRR 0.0 - mean MAP 0.051273245364427567
INFO:root:TRAIN tp {0: tensor(3837142, device='cuda:0'), 1: tensor(5940, device='cuda:0')},fn {0: tensor(62058, device='cuda:0'), 1: tensor(33052, device='cuda:0')},fp {0: tensor(33052, device='cuda:0'), 1: tensor(62058, device='cuda:0')}
INFO:root:TRAIN measures microavg - precision 0.9758 - recall 0.9758 - f1 0.9758 
INFO:root:TRAIN measures for class 0 - precision 0.9915 - recall 0.9841 - f1 0.9878 
INFO:root:TRAIN measures for class 1 - precision 0.0874 - recall 0.1523 - f1 0.1110 
INFO:root:TRAIN measures@10 microavg - precision 0.6058 - recall 0.0002 - f1 0.0004 
INFO:root:TRAIN measures@10 for class 0 - precision 0.9983 - recall 0.0002 - f1 0.0003 
INFO:root:TRAIN measures@10 for class 1 - precision 0.2133 - recall 0.0033 - f1 0.0065 
INFO:root:TRAIN measures@100 microavg - precision 0.5890 - recall 0.0018 - f1 0.0036 
INFO:root:TRAIN measures@100 for class 0 - precision 0.9957 - recall 0.0015 - f1 0.0031 
INFO:root:TRAIN measures@100 for class 1 - precision 0.1823 - recall 0.0281 - f1 0.0486 
INFO:root:TRAIN measures@1000 microavg - precision 0.5827 - recall 0.0164 - f1 0.0319 
INFO:root:TRAIN measures@1000 for class 0 - precision 0.9952 - recall 0.0153 - f1 0.0302 
INFO:root:TRAIN measures@1000 for class 1 - precision 0.0962 - recall 0.1254 - f1 0.1089 
INFO:root:TRAIN Total epoch time: 9.061501550997491
INFO:root:=> saved epoch checkpoint 'saved_models/EvolveGCN/bitcoinotc-20250514_054702/epoch_33.pkl'
INFO:root:################ VALID epoch 32 ###################
INFO:root:VALID mean losses tensor(0.0051, device='cuda:0')
INFO:root:VALID mean errors 0.000561392109375447
INFO:root:VALID mean MRR 0.07407055795192719 - mean MAP 0.0014692079275846481
INFO:root:VALID tp {0: tensor(345667228, device='cuda:0'), 1: tensor(218, device='cuda:0')},fn {0: tensor(192036, device='cuda:0'), 1: tensor(2128, device='cuda:0')},fp {0: tensor(2128, device='cuda:0'), 1: tensor(192036, device='cuda:0')}
INFO:root:VALID measures microavg - precision 0.9994 - recall 0.9994 - f1 0.9994 
INFO:root:VALID measures for class 0 - precision 1.0000 - recall 0.9994 - f1 0.9997 
INFO:root:VALID measures for class 1 - precision 0.0011 - recall 0.0929 - f1 0.0022 
INFO:root:VALID measures@10 microavg - precision 0.5200 - recall 0.0000 - f1 0.0000 
INFO:root:VALID measures@10 for class 0 - precision 1.0000 - recall 0.0000 - f1 0.0000 
INFO:root:VALID measures@10 for class 1 - precision 0.0400 - recall 0.0017 - f1 0.0033 
INFO:root:VALID measures@100 microavg - precision 0.5065 - recall 0.0000 - f1 0.0000 
INFO:root:VALID measures@100 for class 0 - precision 1.0000 - recall 0.0000 - f1 0.0000 
INFO:root:VALID measures@100 for class 1 - precision 0.0130 - recall 0.0055 - f1 0.0078 
INFO:root:VALID measures@1000 microavg - precision 0.5329 - recall 0.0000 - f1 0.0001 
INFO:root:VALID measures@1000 for class 0 - precision 1.0000 - recall 0.0000 - f1 0.0001 
INFO:root:VALID measures@1000 for class 1 - precision 0.0024 - recall 0.0090 - f1 0.0038 
INFO:root:VALID Total epoch time: 187.80283880299976
INFO:root:################ TRAIN epoch 33 ###################
INFO:root:TRAIN mean losses tensor(0.0228, device='cuda:0')
INFO:root:TRAIN mean errors 0.025771217420697212
INFO:root:TRAIN mean MRR 0.0 - mean MAP 0.05100543051958084
INFO:root:TRAIN tp {0: tensor(3830600, device='cuda:0'), 1: tensor(6100, device='cuda:0')},fn {0: tensor(68600, device='cuda:0'), 1: tensor(32892, device='cuda:0')},fp {0: tensor(32892, device='cuda:0'), 1: tensor(68600, device='cuda:0')}
INFO:root:TRAIN measures microavg - precision 0.9742 - recall 0.9742 - f1 0.9742 
INFO:root:TRAIN measures for class 0 - precision 0.9915 - recall 0.9824 - f1 0.9869 
INFO:root:TRAIN measures for class 1 - precision 0.0817 - recall 0.1564 - f1 0.1073 
INFO:root:TRAIN measures@10 microavg - precision 0.6058 - recall 0.0002 - f1 0.0004 
INFO:root:TRAIN measures@10 for class 0 - precision 0.9933 - recall 0.0002 - f1 0.0003 
INFO:root:TRAIN measures@10 for class 1 - precision 0.2183 - recall 0.0034 - f1 0.0066 
INFO:root:TRAIN measures@100 microavg - precision 0.5893 - recall 0.0018 - f1 0.0036 
INFO:root:TRAIN measures@100 for class 0 - precision 0.9953 - recall 0.0015 - f1 0.0031 
INFO:root:TRAIN measures@100 for class 1 - precision 0.1802 - recall 0.0275 - f1 0.0477 
INFO:root:TRAIN measures@1000 microavg - precision 0.5978 - recall 0.0163 - f1 0.0318 
INFO:root:TRAIN measures@1000 for class 0 - precision 0.9955 - recall 0.0153 - f1 0.0302 
INFO:root:TRAIN measures@1000 for class 1 - precision 0.0971 - recall 0.1186 - f1 0.1068 
INFO:root:TRAIN Total epoch time: 9.178864953999437
INFO:root:=> saved epoch checkpoint 'saved_models/EvolveGCN/bitcoinotc-20250514_054702/epoch_34.pkl'
INFO:root:################ VALID epoch 33 ###################
INFO:root:VALID mean losses tensor(0.0060, device='cuda:0')
INFO:root:VALID mean errors 0.0003267636348027736
INFO:root:VALID mean MRR 0.06852476298809052 - mean MAP 0.0006677628844045103
INFO:root:VALID tp {0: tensor(345748442, device='cuda:0'), 1: tensor(153, device='cuda:0')},fn {0: tensor(110822, device='cuda:0'), 1: tensor(2193, device='cuda:0')},fp {0: tensor(2193, device='cuda:0'), 1: tensor(110822, device='cuda:0')}
INFO:root:VALID measures microavg - precision 0.9997 - recall 0.9997 - f1 0.9997 
INFO:root:VALID measures for class 0 - precision 1.0000 - recall 0.9997 - f1 0.9998 
INFO:root:VALID measures for class 1 - precision 0.0014 - recall 0.0652 - f1 0.0027 
INFO:root:VALID measures@10 microavg - precision 0.5000 - recall 0.0000 - f1 0.0000 
INFO:root:VALID measures@10 for class 0 - precision 1.0000 - recall 0.0000 - f1 0.0000 
INFO:root:VALID measures@10 for class 1 - precision 0.0000 - recall 0.0000 - f1 0.0000 
INFO:root:VALID measures@100 microavg - precision 0.5387 - recall 0.0000 - f1 0.0000 
INFO:root:VALID measures@100 for class 0 - precision 0.9980 - recall 0.0000 - f1 0.0000 
INFO:root:VALID measures@100 for class 1 - precision 0.0047 - recall 0.0017 - f1 0.0025 
INFO:root:VALID measures@1000 microavg - precision 0.5540 - recall 0.0000 - f1 0.0001 
INFO:root:VALID measures@1000 for class 0 - precision 0.9996 - recall 0.0000 - f1 0.0001 
INFO:root:VALID measures@1000 for class 1 - precision 0.0011 - recall 0.0038 - f1 0.0017 
INFO:root:VALID Total epoch time: 185.96831266600202
INFO:root:################ TRAIN epoch 34 ###################
INFO:root:TRAIN mean losses tensor(0.0228, device='cuda:0')
INFO:root:TRAIN mean errors 0.024736223742365837
INFO:root:TRAIN mean MRR 0.0 - mean MAP 0.0515211820602417
INFO:root:TRAIN tp {0: tensor(3834694, device='cuda:0'), 1: tensor(6082, device='cuda:0')},fn {0: tensor(64506, device='cuda:0'), 1: tensor(32910, device='cuda:0')},fp {0: tensor(32910, device='cuda:0'), 1: tensor(64506, device='cuda:0')}
INFO:root:TRAIN measures microavg - precision 0.9753 - recall 0.9753 - f1 0.9753 
INFO:root:TRAIN measures for class 0 - precision 0.9915 - recall 0.9835 - f1 0.9875 
INFO:root:TRAIN measures for class 1 - precision 0.0862 - recall 0.1560 - f1 0.1110 
INFO:root:TRAIN measures@10 microavg - precision 0.6033 - recall 0.0002 - f1 0.0004 
INFO:root:TRAIN measures@10 for class 0 - precision 0.9967 - recall 0.0002 - f1 0.0003 
INFO:root:TRAIN measures@10 for class 1 - precision 0.2100 - recall 0.0032 - f1 0.0064 
INFO:root:TRAIN measures@100 microavg - precision 0.5881 - recall 0.0018 - f1 0.0036 
INFO:root:TRAIN measures@100 for class 0 - precision 0.9950 - recall 0.0015 - f1 0.0031 
INFO:root:TRAIN measures@100 for class 1 - precision 0.1812 - recall 0.0279 - f1 0.0483 
INFO:root:TRAIN measures@1000 microavg - precision 0.5825 - recall 0.0164 - f1 0.0319 
INFO:root:TRAIN measures@1000 for class 0 - precision 0.9957 - recall 0.0153 - f1 0.0302 
INFO:root:TRAIN measures@1000 for class 1 - precision 0.0961 - recall 0.1256 - f1 0.1089 
INFO:root:TRAIN Total epoch time: 9.15686621200075
INFO:root:=> saved epoch checkpoint 'saved_models/EvolveGCN/bitcoinotc-20250514_054702/epoch_35.pkl'
INFO:root:################ VALID epoch 34 ###################
INFO:root:VALID mean losses tensor(0.0071, device='cuda:0')
INFO:root:VALID mean errors 0.0008392517920583487
INFO:root:VALID mean MRR 0.06789357960224152 - mean MAP 0.0007615745416842401
INFO:root:VALID tp {0: tensor(345571117, device='cuda:0'), 1: tensor(228, device='cuda:0')},fn {0: tensor(288147, device='cuda:0'), 1: tensor(2118, device='cuda:0')},fp {0: tensor(2118, device='cuda:0'), 1: tensor(288147, device='cuda:0')}
INFO:root:VALID measures microavg - precision 0.9992 - recall 0.9992 - f1 0.9992 
INFO:root:VALID measures for class 0 - precision 1.0000 - recall 0.9992 - f1 0.9996 
INFO:root:VALID measures for class 1 - precision 0.0008 - recall 0.0972 - f1 0.0016 
INFO:root:VALID measures@10 microavg - precision 0.5263 - recall 0.0000 - f1 0.0000 
INFO:root:VALID measures@10 for class 0 - precision 1.0000 - recall 0.0000 - f1 0.0000 
INFO:root:VALID measures@10 for class 1 - precision 0.0000 - recall 0.0000 - f1 0.0000 
INFO:root:VALID measures@100 microavg - precision 0.5274 - recall 0.0000 - f1 0.0000 
INFO:root:VALID measures@100 for class 0 - precision 0.9980 - recall 0.0000 - f1 0.0000 
INFO:root:VALID measures@100 for class 1 - precision 0.0044 - recall 0.0017 - f1 0.0025 
INFO:root:VALID measures@1000 microavg - precision 0.5263 - recall 0.0000 - f1 0.0001 
INFO:root:VALID measures@1000 for class 0 - precision 0.9994 - recall 0.0000 - f1 0.0001 
INFO:root:VALID measures@1000 for class 1 - precision 0.0006 - recall 0.0021 - f1 0.0009 
INFO:root:VALID Total epoch time: 187.6037115020008
INFO:root:################ TRAIN epoch 35 ###################
INFO:root:TRAIN mean losses tensor(0.0229, device='cuda:0')
INFO:root:TRAIN mean errors 0.025201920419931412
INFO:root:TRAIN mean MRR 0.0 - mean MAP 0.0515080988407135
INFO:root:TRAIN tp {0: tensor(3832840, device='cuda:0'), 1: tensor(6102, device='cuda:0')},fn {0: tensor(66360, device='cuda:0'), 1: tensor(32890, device='cuda:0')},fp {0: tensor(32890, device='cuda:0'), 1: tensor(66360, device='cuda:0')}
INFO:root:TRAIN measures microavg - precision 0.9748 - recall 0.9748 - f1 0.9748 
INFO:root:TRAIN measures for class 0 - precision 0.9915 - recall 0.9830 - f1 0.9872 
INFO:root:TRAIN measures for class 1 - precision 0.0842 - recall 0.1565 - f1 0.1095 
INFO:root:TRAIN measures@10 microavg - precision 0.6067 - recall 0.0002 - f1 0.0004 
INFO:root:TRAIN measures@10 for class 0 - precision 0.9967 - recall 0.0002 - f1 0.0003 
INFO:root:TRAIN measures@10 for class 1 - precision 0.2167 - recall 0.0033 - f1 0.0066 
INFO:root:TRAIN measures@100 microavg - precision 0.5891 - recall 0.0018 - f1 0.0036 
INFO:root:TRAIN measures@100 for class 0 - precision 0.9958 - recall 0.0015 - f1 0.0031 
INFO:root:TRAIN measures@100 for class 1 - precision 0.1823 - recall 0.0281 - f1 0.0486 
INFO:root:TRAIN measures@1000 microavg - precision 0.5765 - recall 0.0164 - f1 0.0319 
INFO:root:TRAIN measures@1000 for class 0 - precision 0.9950 - recall 0.0153 - f1 0.0302 
INFO:root:TRAIN measures@1000 for class 1 - precision 0.0953 - recall 0.1275 - f1 0.1091 
INFO:root:TRAIN Total epoch time: 9.135483825000847
INFO:root:=> saved epoch checkpoint 'saved_models/EvolveGCN/bitcoinotc-20250514_054702/epoch_36.pkl'
INFO:root:################ VALID epoch 35 ###################
INFO:root:VALID mean losses tensor(0.0048, device='cuda:0')
INFO:root:VALID mean errors 0.0005793646560050547
INFO:root:VALID mean MRR 0.06940078735351562 - mean MAP 0.00046711874892935157
INFO:root:VALID tp {0: tensor(345661050, device='cuda:0'), 1: tensor(180, device='cuda:0')},fn {0: tensor(198214, device='cuda:0'), 1: tensor(2166, device='cuda:0')},fp {0: tensor(2166, device='cuda:0'), 1: tensor(198214, device='cuda:0')}
INFO:root:VALID measures microavg - precision 0.9994 - recall 0.9994 - f1 0.9994 
INFO:root:VALID measures for class 0 - precision 1.0000 - recall 0.9994 - f1 0.9997 
INFO:root:VALID measures for class 1 - precision 0.0009 - recall 0.0767 - f1 0.0018 
INFO:root:VALID measures@10 microavg - precision 0.5000 - recall 0.0000 - f1 0.0000 
INFO:root:VALID measures@10 for class 0 - precision 1.0000 - recall 0.0000 - f1 0.0000 
INFO:root:VALID measures@10 for class 1 - precision 0.0000 - recall 0.0000 - f1 0.0000 
INFO:root:VALID measures@100 microavg - precision 0.5020 - recall 0.0000 - f1 0.0000 
INFO:root:VALID measures@100 for class 0 - precision 1.0000 - recall 0.0000 - f1 0.0000 
INFO:root:VALID measures@100 for class 1 - precision 0.0040 - recall 0.0017 - f1 0.0024 
INFO:root:VALID measures@1000 microavg - precision 0.5007 - recall 0.0000 - f1 0.0001 
INFO:root:VALID measures@1000 for class 0 - precision 1.0000 - recall 0.0000 - f1 0.0001 
INFO:root:VALID measures@1000 for class 1 - precision 0.0013 - recall 0.0055 - f1 0.0021 
INFO:root:VALID Total epoch time: 186.83815120500003
INFO:root:################ TRAIN epoch 36 ###################
INFO:root:TRAIN mean losses tensor(0.0227, device='cuda:0')
INFO:root:TRAIN mean errors 0.024202730506658554
INFO:root:TRAIN mean MRR 0.0 - mean MAP 0.05202464386820793
INFO:root:TRAIN tp {0: tensor(3836706, device='cuda:0'), 1: tensor(6171, device='cuda:0')},fn {0: tensor(62494, device='cuda:0'), 1: tensor(32821, device='cuda:0')},fp {0: tensor(32821, device='cuda:0'), 1: tensor(62494, device='cuda:0')}
INFO:root:TRAIN measures microavg - precision 0.9758 - recall 0.9758 - f1 0.9758 
INFO:root:TRAIN measures for class 0 - precision 0.9915 - recall 0.9840 - f1 0.9877 
INFO:root:TRAIN measures for class 1 - precision 0.0899 - recall 0.1583 - f1 0.1146 
INFO:root:TRAIN measures@10 microavg - precision 0.6025 - recall 0.0002 - f1 0.0004 
INFO:root:TRAIN measures@10 for class 0 - precision 0.9933 - recall 0.0002 - f1 0.0003 
INFO:root:TRAIN measures@10 for class 1 - precision 0.2117 - recall 0.0033 - f1 0.0064 
INFO:root:TRAIN measures@100 microavg - precision 0.5895 - recall 0.0018 - f1 0.0036 
INFO:root:TRAIN measures@100 for class 0 - precision 0.9952 - recall 0.0015 - f1 0.0031 
INFO:root:TRAIN measures@100 for class 1 - precision 0.1838 - recall 0.0283 - f1 0.0490 
INFO:root:TRAIN measures@1000 microavg - precision 0.5761 - recall 0.0164 - f1 0.0319 
INFO:root:TRAIN measures@1000 for class 0 - precision 0.9958 - recall 0.0153 - f1 0.0302 
INFO:root:TRAIN measures@1000 for class 1 - precision 0.0947 - recall 0.1270 - f1 0.1085 
INFO:root:TRAIN Total epoch time: 9.287228793000395
INFO:root:=> saved epoch checkpoint 'saved_models/EvolveGCN/bitcoinotc-20250514_054702/epoch_37.pkl'
INFO:root:################ VALID epoch 36 ###################
INFO:root:VALID mean losses tensor(0.0051, device='cuda:0')
INFO:root:VALID mean errors 0.0006556060980074108
INFO:root:VALID mean MRR 0.06719229370355606 - mean MAP 0.0003729095624294132
INFO:root:VALID tp {0: tensor(345634660, device='cuda:0'), 1: tensor(201, device='cuda:0')},fn {0: tensor(224604, device='cuda:0'), 1: tensor(2145, device='cuda:0')},fp {0: tensor(2145, device='cuda:0'), 1: tensor(224604, device='cuda:0')}
INFO:root:VALID measures microavg - precision 0.9993 - recall 0.9993 - f1 0.9993 
INFO:root:VALID measures for class 0 - precision 1.0000 - recall 0.9994 - f1 0.9997 
INFO:root:VALID measures for class 1 - precision 0.0009 - recall 0.0857 - f1 0.0018 
INFO:root:VALID measures@10 microavg - precision 0.5000 - recall 0.0000 - f1 0.0000 
INFO:root:VALID measures@10 for class 0 - precision 1.0000 - recall 0.0000 - f1 0.0000 
INFO:root:VALID measures@10 for class 1 - precision 0.0000 - recall 0.0000 - f1 0.0000 
INFO:root:VALID measures@100 microavg - precision 0.5000 - recall 0.0000 - f1 0.0000 
INFO:root:VALID measures@100 for class 0 - precision 1.0000 - recall 0.0000 - f1 0.0000 
INFO:root:VALID measures@100 for class 1 - precision 0.0000 - recall 0.0000 - f1 0.0000 
INFO:root:VALID measures@1000 microavg - precision 0.5000 - recall 0.0000 - f1 0.0001 
INFO:root:VALID measures@1000 for class 0 - precision 1.0000 - recall 0.0000 - f1 0.0001 
INFO:root:VALID measures@1000 for class 1 - precision 0.0000 - recall 0.0000 - f1 0.0000 
INFO:root:VALID Total epoch time: 183.34288434700284
INFO:root:################ TRAIN epoch 37 ###################
INFO:root:TRAIN mean losses tensor(0.0227, device='cuda:0')
INFO:root:TRAIN mean errors 0.024984560906887054
INFO:root:TRAIN mean MRR 0.0 - mean MAP 0.05192169174551964
INFO:root:TRAIN tp {0: tensor(3833550, device='cuda:0'), 1: tensor(6248, device='cuda:0')},fn {0: tensor(65650, device='cuda:0'), 1: tensor(32744, device='cuda:0')},fp {0: tensor(32744, device='cuda:0'), 1: tensor(65650, device='cuda:0')}
INFO:root:TRAIN measures microavg - precision 0.9750 - recall 0.9750 - f1 0.9750 
INFO:root:TRAIN measures for class 0 - precision 0.9915 - recall 0.9832 - f1 0.9873 
INFO:root:TRAIN measures for class 1 - precision 0.0869 - recall 0.1602 - f1 0.1127 
INFO:root:TRAIN measures@10 microavg - precision 0.6150 - recall 0.0002 - f1 0.0004 
INFO:root:TRAIN measures@10 for class 0 - precision 1.0000 - recall 0.0002 - f1 0.0003 
INFO:root:TRAIN measures@10 for class 1 - precision 0.2300 - recall 0.0035 - f1 0.0070 
INFO:root:TRAIN measures@100 microavg - precision 0.5883 - recall 0.0018 - f1 0.0036 
INFO:root:TRAIN measures@100 for class 0 - precision 0.9965 - recall 0.0015 - f1 0.0031 
INFO:root:TRAIN measures@100 for class 1 - precision 0.1800 - recall 0.0277 - f1 0.0480 
INFO:root:TRAIN measures@1000 microavg - precision 0.5670 - recall 0.0165 - f1 0.0320 
INFO:root:TRAIN measures@1000 for class 0 - precision 0.9956 - recall 0.0153 - f1 0.0302 
INFO:root:TRAIN measures@1000 for class 1 - precision 0.0942 - recall 0.1315 - f1 0.1098 
INFO:root:TRAIN Total epoch time: 9.207585354000912
INFO:root:=> saved epoch checkpoint 'saved_models/EvolveGCN/bitcoinotc-20250514_054702/epoch_38.pkl'
INFO:root:################ VALID epoch 37 ###################
INFO:root:VALID mean losses tensor(0.0062, device='cuda:0')
INFO:root:VALID mean errors 0.0006047505303286016
INFO:root:VALID mean MRR 0.06861606985330582 - mean MAP 0.00043345862650312483
INFO:root:VALID tp {0: tensor(345652275, device='cuda:0'), 1: tensor(175, device='cuda:0')},fn {0: tensor(206989, device='cuda:0'), 1: tensor(2171, device='cuda:0')},fp {0: tensor(2171, device='cuda:0'), 1: tensor(206989, device='cuda:0')}
INFO:root:VALID measures microavg - precision 0.9994 - recall 0.9994 - f1 0.9994 
INFO:root:VALID measures for class 0 - precision 1.0000 - recall 0.9994 - f1 0.9997 
INFO:root:VALID measures for class 1 - precision 0.0008 - recall 0.0746 - f1 0.0017 
INFO:root:VALID measures@10 microavg - precision 0.5000 - recall 0.0000 - f1 0.0000 
INFO:root:VALID measures@10 for class 0 - precision 1.0000 - recall 0.0000 - f1 0.0000 
INFO:root:VALID measures@10 for class 1 - precision 0.0000 - recall 0.0000 - f1 0.0000 
INFO:root:VALID measures@100 microavg - precision 0.5010 - recall 0.0000 - f1 0.0000 
INFO:root:VALID measures@100 for class 0 - precision 0.9990 - recall 0.0000 - f1 0.0000 
INFO:root:VALID measures@100 for class 1 - precision 0.0030 - recall 0.0013 - f1 0.0018 
INFO:root:VALID measures@1000 microavg - precision 0.5003 - recall 0.0000 - f1 0.0001 
INFO:root:VALID measures@1000 for class 0 - precision 0.9999 - recall 0.0000 - f1 0.0001 
INFO:root:VALID measures@1000 for class 1 - precision 0.0008 - recall 0.0034 - f1 0.0013 
INFO:root:VALID Total epoch time: 186.22935411099752
INFO:root:################ TRAIN epoch 38 ###################
INFO:root:TRAIN mean losses tensor(0.0227, device='cuda:0')
INFO:root:TRAIN mean errors 0.024074245244264603
INFO:root:TRAIN mean MRR 0.0 - mean MAP 0.05215977504849434
INFO:root:TRAIN tp {0: tensor(3837277, device='cuda:0'), 1: tensor(6106, device='cuda:0')},fn {0: tensor(61923, device='cuda:0'), 1: tensor(32886, device='cuda:0')},fp {0: tensor(32886, device='cuda:0'), 1: tensor(61923, device='cuda:0')}
INFO:root:TRAIN measures microavg - precision 0.9759 - recall 0.9759 - f1 0.9759 
INFO:root:TRAIN measures for class 0 - precision 0.9915 - recall 0.9841 - f1 0.9878 
INFO:root:TRAIN measures for class 1 - precision 0.0898 - recall 0.1566 - f1 0.1141 
INFO:root:TRAIN measures@10 microavg - precision 0.5950 - recall 0.0002 - f1 0.0004 
INFO:root:TRAIN measures@10 for class 0 - precision 0.9950 - recall 0.0002 - f1 0.0003 
INFO:root:TRAIN measures@10 for class 1 - precision 0.1950 - recall 0.0030 - f1 0.0059 
INFO:root:TRAIN measures@100 microavg - precision 0.5899 - recall 0.0018 - f1 0.0036 
INFO:root:TRAIN measures@100 for class 0 - precision 0.9963 - recall 0.0015 - f1 0.0031 
INFO:root:TRAIN measures@100 for class 1 - precision 0.1835 - recall 0.0282 - f1 0.0489 
INFO:root:TRAIN measures@1000 microavg - precision 0.5755 - recall 0.0164 - f1 0.0319 
INFO:root:TRAIN measures@1000 for class 0 - precision 0.9952 - recall 0.0153 - f1 0.0302 
INFO:root:TRAIN measures@1000 for class 1 - precision 0.0952 - recall 0.1281 - f1 0.1093 
INFO:root:TRAIN Total epoch time: 9.200868398002058
INFO:root:=> saved epoch checkpoint 'saved_models/EvolveGCN/bitcoinotc-20250514_054702/epoch_39.pkl'
INFO:root:################ VALID epoch 38 ###################
INFO:root:VALID mean losses tensor(0.0057, device='cuda:0')
INFO:root:VALID mean errors 0.00042843722621910274
INFO:root:VALID mean MRR 0.06545860320329666 - mean MAP 0.0010037143947556615
INFO:root:VALID tp {0: tensor(345713298, device='cuda:0'), 1: tensor(132, device='cuda:0')},fn {0: tensor(145966, device='cuda:0'), 1: tensor(2214, device='cuda:0')},fp {0: tensor(2214, device='cuda:0'), 1: tensor(145966, device='cuda:0')}
INFO:root:VALID measures microavg - precision 0.9996 - recall 0.9996 - f1 0.9996 
INFO:root:VALID measures for class 0 - precision 1.0000 - recall 0.9996 - f1 0.9998 
INFO:root:VALID measures for class 1 - precision 0.0009 - recall 0.0563 - f1 0.0018 
INFO:root:VALID measures@10 microavg - precision 0.5263 - recall 0.0000 - f1 0.0000 
INFO:root:VALID measures@10 for class 0 - precision 1.0000 - recall 0.0000 - f1 0.0000 
INFO:root:VALID measures@10 for class 1 - precision 0.0000 - recall 0.0000 - f1 0.0000 
INFO:root:VALID measures@100 microavg - precision 0.5268 - recall 0.0000 - f1 0.0000 
INFO:root:VALID measures@100 for class 0 - precision 0.9990 - recall 0.0000 - f1 0.0000 
INFO:root:VALID measures@100 for class 1 - precision 0.0022 - recall 0.0009 - f1 0.0012 
INFO:root:VALID measures@1000 microavg - precision 0.5263 - recall 0.0000 - f1 0.0001 
INFO:root:VALID measures@1000 for class 0 - precision 0.9995 - recall 0.0000 - f1 0.0001 
INFO:root:VALID measures@1000 for class 1 - precision 0.0006 - recall 0.0021 - f1 0.0009 
INFO:root:VALID Total epoch time: 185.18921086899718
INFO:root:################ TRAIN epoch 39 ###################
INFO:root:TRAIN mean losses tensor(0.0227, device='cuda:0')
INFO:root:TRAIN mean errors 0.024548320099711418
INFO:root:TRAIN mean MRR 0.0 - mean MAP 0.05256744474172592
INFO:root:TRAIN tp {0: tensor(3835245, device='cuda:0'), 1: tensor(6271, device='cuda:0')},fn {0: tensor(63955, device='cuda:0'), 1: tensor(32721, device='cuda:0')},fp {0: tensor(32721, device='cuda:0'), 1: tensor(63955, device='cuda:0')}
INFO:root:TRAIN measures microavg - precision 0.9755 - recall 0.9755 - f1 0.9755 
INFO:root:TRAIN measures for class 0 - precision 0.9915 - recall 0.9836 - f1 0.9876 
INFO:root:TRAIN measures for class 1 - precision 0.0893 - recall 0.1608 - f1 0.1148 
INFO:root:TRAIN measures@10 microavg - precision 0.6117 - recall 0.0002 - f1 0.0004 
INFO:root:TRAIN measures@10 for class 0 - precision 0.9950 - recall 0.0002 - f1 0.0003 
INFO:root:TRAIN measures@10 for class 1 - precision 0.2283 - recall 0.0035 - f1 0.0069 
INFO:root:TRAIN measures@100 microavg - precision 0.5897 - recall 0.0018 - f1 0.0036 
INFO:root:TRAIN measures@100 for class 0 - precision 0.9962 - recall 0.0015 - f1 0.0031 
INFO:root:TRAIN measures@100 for class 1 - precision 0.1833 - recall 0.0282 - f1 0.0489 
INFO:root:TRAIN measures@1000 microavg - precision 0.5708 - recall 0.0165 - f1 0.0320 
INFO:root:TRAIN measures@1000 for class 0 - precision 0.9954 - recall 0.0153 - f1 0.0302 
INFO:root:TRAIN measures@1000 for class 1 - precision 0.0960 - recall 0.1321 - f1 0.1112 
INFO:root:TRAIN Total epoch time: 9.214820908997353
INFO:root:=> saved epoch checkpoint 'saved_models/EvolveGCN/bitcoinotc-20250514_054702/epoch_40.pkl'
INFO:root:################ VALID epoch 39 ###################
INFO:root:VALID mean losses tensor(0.0056, device='cuda:0')
INFO:root:VALID mean errors 0.000591167074162513
INFO:root:VALID mean MRR 0.06291507184505463 - mean MAP 0.000989724532701075
INFO:root:VALID tp {0: tensor(345656964, device='cuda:0'), 1: tensor(184, device='cuda:0')},fn {0: tensor(202300, device='cuda:0'), 1: tensor(2162, device='cuda:0')},fp {0: tensor(2162, device='cuda:0'), 1: tensor(202300, device='cuda:0')}
INFO:root:VALID measures microavg - precision 0.9994 - recall 0.9994 - f1 0.9994 
INFO:root:VALID measures for class 0 - precision 1.0000 - recall 0.9994 - f1 0.9997 
INFO:root:VALID measures for class 1 - precision 0.0009 - recall 0.0784 - f1 0.0018 
INFO:root:VALID measures@10 microavg - precision 0.5050 - recall 0.0000 - f1 0.0000 
INFO:root:VALID measures@10 for class 0 - precision 1.0000 - recall 0.0000 - f1 0.0000 
INFO:root:VALID measures@10 for class 1 - precision 0.0100 - recall 0.0004 - f1 0.0008 
INFO:root:VALID measures@100 microavg - precision 0.5015 - recall 0.0000 - f1 0.0000 
INFO:root:VALID measures@100 for class 0 - precision 1.0000 - recall 0.0000 - f1 0.0000 
INFO:root:VALID measures@100 for class 1 - precision 0.0030 - recall 0.0013 - f1 0.0018 
INFO:root:VALID measures@1000 microavg - precision 0.5002 - recall 0.0000 - f1 0.0001 
INFO:root:VALID measures@1000 for class 0 - precision 0.9998 - recall 0.0000 - f1 0.0001 
INFO:root:VALID measures@1000 for class 1 - precision 0.0007 - recall 0.0030 - f1 0.0011 
INFO:root:VALID Total epoch time: 188.972687280002
INFO:root:################ TRAIN epoch 40 ###################
INFO:root:TRAIN mean losses tensor(0.0226, device='cuda:0')
INFO:root:TRAIN mean errors 0.02510644495487213
INFO:root:TRAIN mean MRR 0.0 - mean MAP 0.05198410153388977
INFO:root:TRAIN tp {0: tensor(3832940, device='cuda:0'), 1: tensor(6378, device='cuda:0')},fn {0: tensor(66260, device='cuda:0'), 1: tensor(32614, device='cuda:0')},fp {0: tensor(32614, device='cuda:0'), 1: tensor(66260, device='cuda:0')}
INFO:root:TRAIN measures microavg - precision 0.9749 - recall 0.9749 - f1 0.9749 
INFO:root:TRAIN measures for class 0 - precision 0.9916 - recall 0.9830 - f1 0.9873 
INFO:root:TRAIN measures for class 1 - precision 0.0878 - recall 0.1636 - f1 0.1143 
INFO:root:TRAIN measures@10 microavg - precision 0.5967 - recall 0.0002 - f1 0.0004 
INFO:root:TRAIN measures@10 for class 0 - precision 0.9967 - recall 0.0002 - f1 0.0003 
INFO:root:TRAIN measures@10 for class 1 - precision 0.1967 - recall 0.0030 - f1 0.0060 
INFO:root:TRAIN measures@100 microavg - precision 0.5896 - recall 0.0018 - f1 0.0036 
INFO:root:TRAIN measures@100 for class 0 - precision 0.9962 - recall 0.0015 - f1 0.0031 
INFO:root:TRAIN measures@100 for class 1 - precision 0.1830 - recall 0.0282 - f1 0.0488 
INFO:root:TRAIN measures@1000 microavg - precision 0.5685 - recall 0.0165 - f1 0.0320 
INFO:root:TRAIN measures@1000 for class 0 - precision 0.9958 - recall 0.0153 - f1 0.0302 
INFO:root:TRAIN measures@1000 for class 1 - precision 0.0947 - recall 0.1314 - f1 0.1101 
INFO:root:TRAIN Total epoch time: 9.363992949998647
INFO:root:=> saved epoch checkpoint 'saved_models/EvolveGCN/bitcoinotc-20250514_054702/epoch_41.pkl'
INFO:root:################ VALID epoch 40 ###################
INFO:root:VALID mean losses tensor(0.0060, device='cuda:0')
INFO:root:VALID mean errors 0.0002899049432016909
INFO:root:VALID mean MRR 0.07103880494832993 - mean MAP 0.0004617965023498982
INFO:root:VALID tp {0: tensor(345761240, device='cuda:0'), 1: tensor(103, device='cuda:0')},fn {0: tensor(98024, device='cuda:0'), 1: tensor(2243, device='cuda:0')},fp {0: tensor(2243, device='cuda:0'), 1: tensor(98024, device='cuda:0')}
INFO:root:VALID measures microavg - precision 0.9997 - recall 0.9997 - f1 0.9997 
INFO:root:VALID measures for class 0 - precision 1.0000 - recall 0.9997 - f1 0.9999 
INFO:root:VALID measures for class 1 - precision 0.0010 - recall 0.0439 - f1 0.0021 
INFO:root:VALID measures@10 microavg - precision 0.5263 - recall 0.0000 - f1 0.0000 
INFO:root:VALID measures@10 for class 0 - precision 0.9900 - recall 0.0000 - f1 0.0000 
INFO:root:VALID measures@10 for class 1 - precision 0.0111 - recall 0.0004 - f1 0.0008 
INFO:root:VALID measures@100 microavg - precision 0.5255 - recall 0.0000 - f1 0.0000 
INFO:root:VALID measures@100 for class 0 - precision 0.9960 - recall 0.0000 - f1 0.0000 
INFO:root:VALID measures@100 for class 1 - precision 0.0033 - recall 0.0013 - f1 0.0018 
INFO:root:VALID measures@1000 microavg - precision 0.5265 - recall 0.0000 - f1 0.0001 
INFO:root:VALID measures@1000 for class 0 - precision 0.9994 - recall 0.0000 - f1 0.0001 
INFO:root:VALID measures@1000 for class 1 - precision 0.0011 - recall 0.0043 - f1 0.0018 
INFO:root:VALID Total epoch time: 186.4046666590002
INFO:root:################ TRAIN epoch 41 ###################
INFO:root:TRAIN mean losses tensor(0.0227, device='cuda:0')
INFO:root:TRAIN mean errors 0.024001622572541237
INFO:root:TRAIN mean MRR 0.0 - mean MAP 0.05263768509030342
INFO:root:TRAIN tp {0: tensor(3837593, device='cuda:0'), 1: tensor(6076, device='cuda:0')},fn {0: tensor(61607, device='cuda:0'), 1: tensor(32916, device='cuda:0')},fp {0: tensor(32916, device='cuda:0'), 1: tensor(61607, device='cuda:0')}
INFO:root:TRAIN measures microavg - precision 0.9760 - recall 0.9760 - f1 0.9760 
INFO:root:TRAIN measures for class 0 - precision 0.9915 - recall 0.9842 - f1 0.9878 
INFO:root:TRAIN measures for class 1 - precision 0.0898 - recall 0.1558 - f1 0.1139 
INFO:root:TRAIN measures@10 microavg - precision 0.6058 - recall 0.0002 - f1 0.0004 
INFO:root:TRAIN measures@10 for class 0 - precision 0.9933 - recall 0.0002 - f1 0.0003 
INFO:root:TRAIN measures@10 for class 1 - precision 0.2183 - recall 0.0034 - f1 0.0066 
INFO:root:TRAIN measures@100 microavg - precision 0.5907 - recall 0.0018 - f1 0.0036 
INFO:root:TRAIN measures@100 for class 0 - precision 0.9973 - recall 0.0015 - f1 0.0031 
INFO:root:TRAIN measures@100 for class 1 - precision 0.1842 - recall 0.0283 - f1 0.0491 
INFO:root:TRAIN measures@1000 microavg - precision 0.5834 - recall 0.0164 - f1 0.0320 
INFO:root:TRAIN measures@1000 for class 0 - precision 0.9957 - recall 0.0153 - f1 0.0302 
INFO:root:TRAIN measures@1000 for class 1 - precision 0.0978 - recall 0.1278 - f1 0.1108 
INFO:root:TRAIN Total epoch time: 9.252174245000788
INFO:root:=> saved epoch checkpoint 'saved_models/EvolveGCN/bitcoinotc-20250514_054702/epoch_42.pkl'
INFO:root:################ VALID epoch 41 ###################
INFO:root:VALID mean losses tensor(0.0063, device='cuda:0')
INFO:root:VALID mean errors 0.00025368237402290106
INFO:root:VALID mean MRR 0.06178803741931915 - mean MAP 0.000904887798242271
INFO:root:VALID tp {0: tensor(345773798, device='cuda:0'), 1: tensor(73, device='cuda:0')},fn {0: tensor(85466, device='cuda:0'), 1: tensor(2273, device='cuda:0')},fp {0: tensor(2273, device='cuda:0'), 1: tensor(85466, device='cuda:0')}
INFO:root:VALID measures microavg - precision 0.9997 - recall 0.9997 - f1 0.9997 
INFO:root:VALID measures for class 0 - precision 1.0000 - recall 0.9998 - f1 0.9999 
INFO:root:VALID measures for class 1 - precision 0.0009 - recall 0.0311 - f1 0.0017 
INFO:root:VALID measures@10 microavg - precision 0.5263 - recall 0.0000 - f1 0.0000 
INFO:root:VALID measures@10 for class 0 - precision 1.0000 - recall 0.0000 - f1 0.0000 
INFO:root:VALID measures@10 for class 1 - precision 0.0000 - recall 0.0000 - f1 0.0000 
INFO:root:VALID measures@100 microavg - precision 0.5605 - recall 0.0000 - f1 0.0000 
INFO:root:VALID measures@100 for class 0 - precision 0.9980 - recall 0.0000 - f1 0.0000 
INFO:root:VALID measures@100 for class 1 - precision 0.0150 - recall 0.0051 - f1 0.0076 
INFO:root:VALID measures@1000 microavg - precision 0.5848 - recall 0.0000 - f1 0.0001 
INFO:root:VALID measures@1000 for class 0 - precision 0.9998 - recall 0.0000 - f1 0.0001 
INFO:root:VALID measures@1000 for class 1 - precision 0.0022 - recall 0.0068 - f1 0.0034 
INFO:root:VALID Total epoch time: 185.27351570999963
INFO:root:################ TRAIN epoch 42 ###################
INFO:root:TRAIN mean losses tensor(0.0228, device='cuda:0')
INFO:root:TRAIN mean errors 0.02396632730960846
INFO:root:TRAIN mean MRR 0.0 - mean MAP 0.05240543931722641
INFO:root:TRAIN tp {0: tensor(3837810, device='cuda:0'), 1: tensor(5998, device='cuda:0')},fn {0: tensor(61390, device='cuda:0'), 1: tensor(32994, device='cuda:0')},fp {0: tensor(32994, device='cuda:0'), 1: tensor(61390, device='cuda:0')}
INFO:root:TRAIN measures microavg - precision 0.9760 - recall 0.9760 - f1 0.9760 
INFO:root:TRAIN measures for class 0 - precision 0.9915 - recall 0.9843 - f1 0.9879 
INFO:root:TRAIN measures for class 1 - precision 0.0890 - recall 0.1538 - f1 0.1128 
INFO:root:TRAIN measures@10 microavg - precision 0.6117 - recall 0.0002 - f1 0.0004 
INFO:root:TRAIN measures@10 for class 0 - precision 0.9967 - recall 0.0002 - f1 0.0003 
INFO:root:TRAIN measures@10 for class 1 - precision 0.2267 - recall 0.0035 - f1 0.0069 
INFO:root:TRAIN measures@100 microavg - precision 0.5890 - recall 0.0018 - f1 0.0036 
INFO:root:TRAIN measures@100 for class 0 - precision 0.9957 - recall 0.0015 - f1 0.0031 
INFO:root:TRAIN measures@100 for class 1 - precision 0.1793 - recall 0.0274 - f1 0.0475 
INFO:root:TRAIN measures@1000 microavg - precision 0.5908 - recall 0.0164 - f1 0.0319 
INFO:root:TRAIN measures@1000 for class 0 - precision 0.9956 - recall 0.0153 - f1 0.0302 
INFO:root:TRAIN measures@1000 for class 1 - precision 0.0976 - recall 0.1232 - f1 0.1089 
INFO:root:TRAIN Total epoch time: 9.059130688998266
INFO:root:=> saved epoch checkpoint 'saved_models/EvolveGCN/bitcoinotc-20250514_054702/epoch_43.pkl'
INFO:root:################ VALID epoch 42 ###################
INFO:root:VALID mean losses tensor(0.0062, device='cuda:0')
INFO:root:VALID mean errors 0.0004132230533286929
INFO:root:VALID mean MRR 0.06809809803962708 - mean MAP 0.0003939622256439179
INFO:root:VALID tp {0: tensor(345718561, device='cuda:0'), 1: tensor(131, device='cuda:0')},fn {0: tensor(140703, device='cuda:0'), 1: tensor(2215, device='cuda:0')},fp {0: tensor(2215, device='cuda:0'), 1: tensor(140703, device='cuda:0')}
INFO:root:VALID measures microavg - precision 0.9996 - recall 0.9996 - f1 0.9996 
INFO:root:VALID measures for class 0 - precision 1.0000 - recall 0.9996 - f1 0.9998 
INFO:root:VALID measures for class 1 - precision 0.0009 - recall 0.0558 - f1 0.0018 
INFO:root:VALID measures@10 microavg - precision 0.5000 - recall 0.0000 - f1 0.0000 
INFO:root:VALID measures@10 for class 0 - precision 1.0000 - recall 0.0000 - f1 0.0000 
INFO:root:VALID measures@10 for class 1 - precision 0.0000 - recall 0.0000 - f1 0.0000 
INFO:root:VALID measures@100 microavg - precision 0.5010 - recall 0.0000 - f1 0.0000 
INFO:root:VALID measures@100 for class 0 - precision 1.0000 - recall 0.0000 - f1 0.0000 
INFO:root:VALID measures@100 for class 1 - precision 0.0020 - recall 0.0009 - f1 0.0012 
INFO:root:VALID measures@1000 microavg - precision 0.5003 - recall 0.0000 - f1 0.0001 
INFO:root:VALID measures@1000 for class 0 - precision 1.0000 - recall 0.0000 - f1 0.0001 
INFO:root:VALID measures@1000 for class 1 - precision 0.0006 - recall 0.0026 - f1 0.0010 
INFO:root:VALID Total epoch time: 186.38323642699834
INFO:root:################ TRAIN epoch 43 ###################
INFO:root:TRAIN mean losses tensor(0.0227, device='cuda:0')
INFO:root:TRAIN mean errors 0.023498091846704483
INFO:root:TRAIN mean MRR 0.0 - mean MAP 0.05170289799571037
INFO:root:TRAIN tp {0: tensor(3839872, device='cuda:0'), 1: tensor(5780, device='cuda:0')},fn {0: tensor(59328, device='cuda:0'), 1: tensor(33212, device='cuda:0')},fp {0: tensor(33212, device='cuda:0'), 1: tensor(59328, device='cuda:0')}
INFO:root:TRAIN measures microavg - precision 0.9765 - recall 0.9765 - f1 0.9765 
INFO:root:TRAIN measures for class 0 - precision 0.9914 - recall 0.9848 - f1 0.9881 
INFO:root:TRAIN measures for class 1 - precision 0.0888 - recall 0.1482 - f1 0.1110 
INFO:root:TRAIN measures@10 microavg - precision 0.6083 - recall 0.0002 - f1 0.0004 
INFO:root:TRAIN measures@10 for class 0 - precision 0.9967 - recall 0.0002 - f1 0.0003 
INFO:root:TRAIN measures@10 for class 1 - precision 0.2200 - recall 0.0034 - f1 0.0067 
INFO:root:TRAIN measures@100 microavg - precision 0.5903 - recall 0.0018 - f1 0.0036 
INFO:root:TRAIN measures@100 for class 0 - precision 0.9953 - recall 0.0015 - f1 0.0031 
INFO:root:TRAIN measures@100 for class 1 - precision 0.1828 - recall 0.0280 - f1 0.0485 
INFO:root:TRAIN measures@1000 microavg - precision 0.5806 - recall 0.0164 - f1 0.0319 
INFO:root:TRAIN measures@1000 for class 0 - precision 0.9957 - recall 0.0153 - f1 0.0302 
INFO:root:TRAIN measures@1000 for class 1 - precision 0.0947 - recall 0.1245 - f1 0.1076 
INFO:root:TRAIN Total epoch time: 9.141096003997518
INFO:root:=> saved epoch checkpoint 'saved_models/EvolveGCN/bitcoinotc-20250514_054702/epoch_44.pkl'
INFO:root:################ VALID epoch 43 ###################
INFO:root:VALID mean losses tensor(0.0055, device='cuda:0')
INFO:root:VALID mean errors 0.0002404516562819481
INFO:root:VALID mean MRR 0.06539399176836014 - mean MAP 0.0004920779610984027
INFO:root:VALID tp {0: tensor(345778367, device='cuda:0'), 1: tensor(80, device='cuda:0')},fn {0: tensor(80897, device='cuda:0'), 1: tensor(2266, device='cuda:0')},fp {0: tensor(2266, device='cuda:0'), 1: tensor(80897, device='cuda:0')}
INFO:root:VALID measures microavg - precision 0.9998 - recall 0.9998 - f1 0.9998 
INFO:root:VALID measures for class 0 - precision 1.0000 - recall 0.9998 - f1 0.9999 
INFO:root:VALID measures for class 1 - precision 0.0010 - recall 0.0341 - f1 0.0019 
INFO:root:VALID measures@10 microavg - precision 0.5291 - recall 0.0000 - f1 0.0000 
INFO:root:VALID measures@10 for class 0 - precision 1.0000 - recall 0.0000 - f1 0.0000 
INFO:root:VALID measures@10 for class 1 - precision 0.0000 - recall 0.0000 - f1 0.0000 
INFO:root:VALID measures@100 microavg - precision 0.5696 - recall 0.0000 - f1 0.0000 
INFO:root:VALID measures@100 for class 0 - precision 1.0000 - recall 0.0000 - f1 0.0000 
INFO:root:VALID measures@100 for class 1 - precision 0.0039 - recall 0.0013 - f1 0.0019 
INFO:root:VALID measures@1000 microavg - precision 0.5864 - recall 0.0000 - f1 0.0001 
INFO:root:VALID measures@1000 for class 0 - precision 0.9999 - recall 0.0000 - f1 0.0001 
INFO:root:VALID measures@1000 for class 1 - precision 0.0008 - recall 0.0026 - f1 0.0013 
INFO:root:VALID Total epoch time: 186.27638280199972
INFO:root:################ TRAIN epoch 44 ###################
INFO:root:TRAIN mean losses tensor(0.0228, device='cuda:0')
INFO:root:TRAIN mean errors 0.023409472778439522
INFO:root:TRAIN mean MRR 0.0 - mean MAP 0.05172458291053772
INFO:root:TRAIN tp {0: tensor(3840432, device='cuda:0'), 1: tensor(5569, device='cuda:0')},fn {0: tensor(58768, device='cuda:0'), 1: tensor(33423, device='cuda:0')},fp {0: tensor(33423, device='cuda:0'), 1: tensor(58768, device='cuda:0')}
INFO:root:TRAIN measures microavg - precision 0.9766 - recall 0.9766 - f1 0.9766 
INFO:root:TRAIN measures for class 0 - precision 0.9914 - recall 0.9849 - f1 0.9881 
INFO:root:TRAIN measures for class 1 - precision 0.0866 - recall 0.1428 - f1 0.1078 
INFO:root:TRAIN measures@10 microavg - precision 0.6092 - recall 0.0002 - f1 0.0004 
INFO:root:TRAIN measures@10 for class 0 - precision 0.9933 - recall 0.0002 - f1 0.0003 
INFO:root:TRAIN measures@10 for class 1 - precision 0.2250 - recall 0.0035 - f1 0.0068 
INFO:root:TRAIN measures@100 microavg - precision 0.5895 - recall 0.0018 - f1 0.0036 
INFO:root:TRAIN measures@100 for class 0 - precision 0.9957 - recall 0.0015 - f1 0.0031 
INFO:root:TRAIN measures@100 for class 1 - precision 0.1797 - recall 0.0274 - f1 0.0476 
INFO:root:TRAIN measures@1000 microavg - precision 0.6072 - recall 0.0163 - f1 0.0318 
INFO:root:TRAIN measures@1000 for class 0 - precision 0.9956 - recall 0.0153 - f1 0.0302 
INFO:root:TRAIN measures@1000 for class 1 - precision 0.0978 - recall 0.1147 - f1 0.1056 
INFO:root:TRAIN Total epoch time: 9.293166210998606
INFO:root:=> saved epoch checkpoint 'saved_models/EvolveGCN/bitcoinotc-20250514_054702/epoch_45.pkl'
INFO:root:################ VALID epoch 44 ###################
INFO:root:VALID mean losses tensor(0.0059, device='cuda:0')
INFO:root:VALID mean errors 0.0006687587592750788
INFO:root:VALID mean MRR 0.06853488832712173 - mean MAP 0.0003446906921453774
INFO:root:VALID tp {0: tensor(345630114, device='cuda:0'), 1: tensor(198, device='cuda:0')},fn {0: tensor(229150, device='cuda:0'), 1: tensor(2148, device='cuda:0')},fp {0: tensor(2148, device='cuda:0'), 1: tensor(229150, device='cuda:0')}
INFO:root:VALID measures microavg - precision 0.9993 - recall 0.9993 - f1 0.9993 
INFO:root:VALID measures for class 0 - precision 1.0000 - recall 0.9993 - f1 0.9997 
INFO:root:VALID measures for class 1 - precision 0.0009 - recall 0.0844 - f1 0.0017 
INFO:root:VALID measures@10 microavg - precision 0.4950 - recall 0.0000 - f1 0.0000 
INFO:root:VALID measures@10 for class 0 - precision 0.9900 - recall 0.0000 - f1 0.0000 
INFO:root:VALID measures@10 for class 1 - precision 0.0000 - recall 0.0000 - f1 0.0000 
INFO:root:VALID measures@100 microavg - precision 0.4995 - recall 0.0000 - f1 0.0000 
INFO:root:VALID measures@100 for class 0 - precision 0.9970 - recall 0.0000 - f1 0.0000 
INFO:root:VALID measures@100 for class 1 - precision 0.0020 - recall 0.0009 - f1 0.0012 
INFO:root:VALID measures@1000 microavg - precision 0.5000 - recall 0.0000 - f1 0.0001 
INFO:root:VALID measures@1000 for class 0 - precision 0.9994 - recall 0.0000 - f1 0.0001 
INFO:root:VALID measures@1000 for class 1 - precision 0.0005 - recall 0.0021 - f1 0.0008 
INFO:root:VALID Total epoch time: 185.92414631000065
INFO:root:################ TRAIN epoch 45 ###################
INFO:root:TRAIN mean losses tensor(0.0228, device='cuda:0')
INFO:root:TRAIN mean errors 0.02452622912824154
INFO:root:TRAIN mean MRR 0.0 - mean MAP 0.051699548959732056
INFO:root:TRAIN tp {0: tensor(3835533, device='cuda:0'), 1: tensor(6070, device='cuda:0')},fn {0: tensor(63667, device='cuda:0'), 1: tensor(32922, device='cuda:0')},fp {0: tensor(32922, device='cuda:0'), 1: tensor(63667, device='cuda:0')}
INFO:root:TRAIN measures microavg - precision 0.9755 - recall 0.9755 - f1 0.9755 
INFO:root:TRAIN measures for class 0 - precision 0.9915 - recall 0.9837 - f1 0.9876 
INFO:root:TRAIN measures for class 1 - precision 0.0870 - recall 0.1557 - f1 0.1117 
INFO:root:TRAIN measures@10 microavg - precision 0.5975 - recall 0.0002 - f1 0.0004 
INFO:root:TRAIN measures@10 for class 0 - precision 1.0000 - recall 0.0002 - f1 0.0003 
INFO:root:TRAIN measures@10 for class 1 - precision 0.1950 - recall 0.0030 - f1 0.0059 
INFO:root:TRAIN measures@100 microavg - precision 0.5896 - recall 0.0018 - f1 0.0036 
INFO:root:TRAIN measures@100 for class 0 - precision 0.9970 - recall 0.0015 - f1 0.0031 
INFO:root:TRAIN measures@100 for class 1 - precision 0.1785 - recall 0.0272 - f1 0.0472 
INFO:root:TRAIN measures@1000 microavg - precision 0.6027 - recall 0.0163 - f1 0.0318 
INFO:root:TRAIN measures@1000 for class 0 - precision 0.9952 - recall 0.0153 - f1 0.0302 
INFO:root:TRAIN measures@1000 for class 1 - precision 0.0989 - recall 0.1185 - f1 0.1078 
INFO:root:TRAIN Total epoch time: 9.38598183999784
INFO:root:=> saved epoch checkpoint 'saved_models/EvolveGCN/bitcoinotc-20250514_054702/epoch_46.pkl'
INFO:root:################ VALID epoch 45 ###################
INFO:root:VALID mean losses tensor(0.0066, device='cuda:0')
INFO:root:VALID mean errors 0.00017661976744420826
INFO:root:VALID mean MRR 0.06534747034311295 - mean MAP 0.00047012424329295754
INFO:root:VALID tp {0: tensor(345800470, device='cuda:0'), 1: tensor(54, device='cuda:0')},fn {0: tensor(58794, device='cuda:0'), 1: tensor(2292, device='cuda:0')},fp {0: tensor(2292, device='cuda:0'), 1: tensor(58794, device='cuda:0')}
INFO:root:VALID measures microavg - precision 0.9998 - recall 0.9998 - f1 0.9998 
INFO:root:VALID measures for class 0 - precision 1.0000 - recall 0.9998 - f1 0.9999 
INFO:root:VALID measures for class 1 - precision 0.0009 - recall 0.0230 - f1 0.0018 
INFO:root:VALID measures@10 microavg - precision 0.5263 - recall 0.0000 - f1 0.0000 
INFO:root:VALID measures@10 for class 0 - precision 1.0000 - recall 0.0000 - f1 0.0000 
INFO:root:VALID measures@10 for class 1 - precision 0.0000 - recall 0.0000 - f1 0.0000 
INFO:root:VALID measures@100 microavg - precision 0.6058 - recall 0.0000 - f1 0.0000 
INFO:root:VALID measures@100 for class 0 - precision 0.9960 - recall 0.0000 - f1 0.0000 
INFO:root:VALID measures@100 for class 1 - precision 0.0000 - recall 0.0000 - f1 0.0000 
INFO:root:VALID measures@1000 microavg - precision 0.6232 - recall 0.0000 - f1 0.0001 
INFO:root:VALID measures@1000 for class 0 - precision 0.9994 - recall 0.0000 - f1 0.0001 
INFO:root:VALID measures@1000 for class 1 - precision 0.0008 - recall 0.0021 - f1 0.0012 
INFO:root:VALID Total epoch time: 184.45835320100014
INFO:root:################ TRAIN epoch 46 ###################
INFO:root:TRAIN mean losses tensor(0.0227, device='cuda:0')
INFO:root:TRAIN mean errors 0.024610532447695732
INFO:root:TRAIN mean MRR 0.0 - mean MAP 0.05205725133419037
INFO:root:TRAIN tp {0: tensor(3835109, device='cuda:0'), 1: tensor(6162, device='cuda:0')},fn {0: tensor(64091, device='cuda:0'), 1: tensor(32830, device='cuda:0')},fp {0: tensor(32830, device='cuda:0'), 1: tensor(64091, device='cuda:0')}
INFO:root:TRAIN measures microavg - precision 0.9754 - recall 0.9754 - f1 0.9754 
INFO:root:TRAIN measures for class 0 - precision 0.9915 - recall 0.9836 - f1 0.9875 
INFO:root:TRAIN measures for class 1 - precision 0.0877 - recall 0.1580 - f1 0.1128 
INFO:root:TRAIN measures@10 microavg - precision 0.6092 - recall 0.0002 - f1 0.0004 
INFO:root:TRAIN measures@10 for class 0 - precision 0.9967 - recall 0.0002 - f1 0.0003 
INFO:root:TRAIN measures@10 for class 1 - precision 0.2217 - recall 0.0034 - f1 0.0067 
INFO:root:TRAIN measures@100 microavg - precision 0.5906 - recall 0.0018 - f1 0.0036 
INFO:root:TRAIN measures@100 for class 0 - precision 0.9967 - recall 0.0015 - f1 0.0031 
INFO:root:TRAIN measures@100 for class 1 - precision 0.1845 - recall 0.0284 - f1 0.0492 
INFO:root:TRAIN measures@1000 microavg - precision 0.5754 - recall 0.0164 - f1 0.0320 
INFO:root:TRAIN measures@1000 for class 0 - precision 0.9959 - recall 0.0153 - f1 0.0302 
INFO:root:TRAIN measures@1000 for class 1 - precision 0.0952 - recall 0.1283 - f1 0.1093 
INFO:root:TRAIN Total epoch time: 9.200681132999307
INFO:root:=> saved epoch checkpoint 'saved_models/EvolveGCN/bitcoinotc-20250514_054702/epoch_47.pkl'
INFO:root:################ VALID epoch 46 ###################
INFO:root:VALID mean losses tensor(0.0060, device='cuda:0')
INFO:root:VALID mean errors 0.00017724139615893364
INFO:root:VALID mean MRR 0.06833498179912567 - mean MAP 0.0005836716154590249
INFO:root:VALID tp {0: tensor(345800246, device='cuda:0'), 1: tensor(63, device='cuda:0')},fn {0: tensor(59018, device='cuda:0'), 1: tensor(2283, device='cuda:0')},fp {0: tensor(2283, device='cuda:0'), 1: tensor(59018, device='cuda:0')}
INFO:root:VALID measures microavg - precision 0.9998 - recall 0.9998 - f1 0.9998 
INFO:root:VALID measures for class 0 - precision 1.0000 - recall 0.9998 - f1 0.9999 
INFO:root:VALID measures for class 1 - precision 0.0011 - recall 0.0269 - f1 0.0021 
INFO:root:VALID measures@10 microavg - precision 0.5556 - recall 0.0000 - f1 0.0000 
INFO:root:VALID measures@10 for class 0 - precision 1.0000 - recall 0.0000 - f1 0.0000 
INFO:root:VALID measures@10 for class 1 - precision 0.0000 - recall 0.0000 - f1 0.0000 
INFO:root:VALID measures@100 microavg - precision 0.5703 - recall 0.0000 - f1 0.0000 
INFO:root:VALID measures@100 for class 0 - precision 0.9990 - recall 0.0000 - f1 0.0000 
INFO:root:VALID measures@100 for class 1 - precision 0.0040 - recall 0.0013 - f1 0.0019 
INFO:root:VALID measures@1000 microavg - precision 0.6191 - recall 0.0000 - f1 0.0001 
INFO:root:VALID measures@1000 for class 0 - precision 0.9999 - recall 0.0000 - f1 0.0001 
INFO:root:VALID measures@1000 for class 1 - precision 0.0010 - recall 0.0026 - f1 0.0014 
INFO:root:VALID Total epoch time: 183.95760974899895
INFO:root:################ TRAIN epoch 47 ###################
INFO:root:TRAIN mean losses tensor(0.0227, device='cuda:0')
INFO:root:TRAIN mean errors 0.02505134418606758
INFO:root:TRAIN mean MRR 0.0 - mean MAP 0.052853040397167206
INFO:root:TRAIN tp {0: tensor(3833430, device='cuda:0'), 1: tensor(6105, device='cuda:0')},fn {0: tensor(65770, device='cuda:0'), 1: tensor(32887, device='cuda:0')},fp {0: tensor(32887, device='cuda:0'), 1: tensor(65770, device='cuda:0')}
INFO:root:TRAIN measures microavg - precision 0.9749 - recall 0.9749 - f1 0.9749 
INFO:root:TRAIN measures for class 0 - precision 0.9915 - recall 0.9831 - f1 0.9873 
INFO:root:TRAIN measures for class 1 - precision 0.0849 - recall 0.1566 - f1 0.1101 
INFO:root:TRAIN measures@10 microavg - precision 0.6300 - recall 0.0002 - f1 0.0004 
INFO:root:TRAIN measures@10 for class 0 - precision 0.9950 - recall 0.0002 - f1 0.0003 
INFO:root:TRAIN measures@10 for class 1 - precision 0.2650 - recall 0.0041 - f1 0.0080 
INFO:root:TRAIN measures@100 microavg - precision 0.5893 - recall 0.0018 - f1 0.0036 
INFO:root:TRAIN measures@100 for class 0 - precision 0.9958 - recall 0.0015 - f1 0.0031 
INFO:root:TRAIN measures@100 for class 1 - precision 0.1797 - recall 0.0274 - f1 0.0476 
INFO:root:TRAIN measures@1000 microavg - precision 0.5966 - recall 0.0164 - f1 0.0319 
INFO:root:TRAIN measures@1000 for class 0 - precision 0.9960 - recall 0.0153 - f1 0.0302 
INFO:root:TRAIN measures@1000 for class 1 - precision 0.0983 - recall 0.1213 - f1 0.1086 
INFO:root:TRAIN Total epoch time: 9.158579631002794
INFO:root:=> saved epoch checkpoint 'saved_models/EvolveGCN/bitcoinotc-20250514_054702/epoch_48.pkl'
INFO:root:################ VALID epoch 47 ###################
INFO:root:VALID mean losses tensor(0.0062, device='cuda:0')
INFO:root:VALID mean errors 0.00015353827620856464
INFO:root:VALID mean MRR 0.06470061093568802 - mean MAP 0.0005036131478846073
INFO:root:VALID tp {0: tensor(345808457, device='cuda:0'), 1: tensor(50, device='cuda:0')},fn {0: tensor(50807, device='cuda:0'), 1: tensor(2296, device='cuda:0')},fp {0: tensor(2296, device='cuda:0'), 1: tensor(50807, device='cuda:0')}
INFO:root:VALID measures microavg - precision 0.9998 - recall 0.9998 - f1 0.9998 
INFO:root:VALID measures for class 0 - precision 1.0000 - recall 0.9999 - f1 0.9999 
INFO:root:VALID measures for class 1 - precision 0.0010 - recall 0.0213 - f1 0.0019 
INFO:root:VALID measures@10 microavg - precision 0.5618 - recall 0.0000 - f1 0.0000 
INFO:root:VALID measures@10 for class 0 - precision 1.0000 - recall 0.0000 - f1 0.0000 
INFO:root:VALID measures@10 for class 1 - precision 0.0000 - recall 0.0000 - f1 0.0000 
INFO:root:VALID measures@100 microavg - precision 0.6080 - recall 0.0000 - f1 0.0000 
INFO:root:VALID measures@100 for class 0 - precision 0.9990 - recall 0.0000 - f1 0.0000 
INFO:root:VALID measures@100 for class 1 - precision 0.0046 - recall 0.0013 - f1 0.0020 
INFO:root:VALID measures@1000 microavg - precision 0.6238 - recall 0.0000 - f1 0.0001 
INFO:root:VALID measures@1000 for class 0 - precision 0.9997 - recall 0.0000 - f1 0.0001 
INFO:root:VALID measures@1000 for class 1 - precision 0.0021 - recall 0.0055 - f1 0.0031 
INFO:root:VALID Total epoch time: 186.08488276500066
INFO:root:################ TRAIN epoch 48 ###################
INFO:root:TRAIN mean losses tensor(0.0227, device='cuda:0')
INFO:root:TRAIN mean errors 0.02607719413936138
INFO:root:TRAIN mean MRR 0.0 - mean MAP 0.05219979211688042
INFO:root:TRAIN tp {0: tensor(3828978, device='cuda:0'), 1: tensor(6517, device='cuda:0')},fn {0: tensor(70222, device='cuda:0'), 1: tensor(32475, device='cuda:0')},fp {0: tensor(32475, device='cuda:0'), 1: tensor(70222, device='cuda:0')}
INFO:root:TRAIN measures microavg - precision 0.9739 - recall 0.9739 - f1 0.9739 
INFO:root:TRAIN measures for class 0 - precision 0.9916 - recall 0.9820 - f1 0.9868 
INFO:root:TRAIN measures for class 1 - precision 0.0849 - recall 0.1671 - f1 0.1126 
INFO:root:TRAIN measures@10 microavg - precision 0.6058 - recall 0.0002 - f1 0.0004 
INFO:root:TRAIN measures@10 for class 0 - precision 0.9950 - recall 0.0002 - f1 0.0003 
INFO:root:TRAIN measures@10 for class 1 - precision 0.2167 - recall 0.0033 - f1 0.0066 
INFO:root:TRAIN measures@100 microavg - precision 0.5877 - recall 0.0018 - f1 0.0036 
INFO:root:TRAIN measures@100 for class 0 - precision 0.9945 - recall 0.0015 - f1 0.0031 
INFO:root:TRAIN measures@100 for class 1 - precision 0.1787 - recall 0.0273 - f1 0.0474 
INFO:root:TRAIN measures@1000 microavg - precision 0.5813 - recall 0.0164 - f1 0.0319 
INFO:root:TRAIN measures@1000 for class 0 - precision 0.9951 - recall 0.0153 - f1 0.0302 
INFO:root:TRAIN measures@1000 for class 1 - precision 0.0971 - recall 0.1276 - f1 0.1103 
INFO:root:TRAIN Total epoch time: 9.306649156002095
INFO:root:=> saved epoch checkpoint 'saved_models/EvolveGCN/bitcoinotc-20250514_054702/epoch_49.pkl'
INFO:root:################ VALID epoch 48 ###################
INFO:root:VALID mean losses tensor(0.0048, device='cuda:0')
INFO:root:VALID mean errors 0.00022745512251276523
INFO:root:VALID mean MRR 0.07017679512500763 - mean MAP 0.000411012937547639
INFO:root:VALID tp {0: tensor(345782875, device='cuda:0'), 1: tensor(67, device='cuda:0')},fn {0: tensor(76389, device='cuda:0'), 1: tensor(2279, device='cuda:0')},fp {0: tensor(2279, device='cuda:0'), 1: tensor(76389, device='cuda:0')}
INFO:root:VALID measures microavg - precision 0.9998 - recall 0.9998 - f1 0.9998 
INFO:root:VALID measures for class 0 - precision 1.0000 - recall 0.9998 - f1 0.9999 
INFO:root:VALID measures for class 1 - precision 0.0009 - recall 0.0286 - f1 0.0017 
INFO:root:VALID measures@10 microavg - precision 0.5263 - recall 0.0000 - f1 0.0000 
INFO:root:VALID measures@10 for class 0 - precision 1.0000 - recall 0.0000 - f1 0.0000 
INFO:root:VALID measures@10 for class 1 - precision 0.0000 - recall 0.0000 - f1 0.0000 
INFO:root:VALID measures@100 microavg - precision 0.5440 - recall 0.0000 - f1 0.0000 
INFO:root:VALID measures@100 for class 0 - precision 1.0000 - recall 0.0000 - f1 0.0000 
INFO:root:VALID measures@100 for class 1 - precision 0.0012 - recall 0.0004 - f1 0.0006 
INFO:root:VALID measures@1000 microavg - precision 0.5832 - recall 0.0000 - f1 0.0001 
INFO:root:VALID measures@1000 for class 0 - precision 1.0000 - recall 0.0000 - f1 0.0001 
INFO:root:VALID measures@1000 for class 1 - precision 0.0006 - recall 0.0017 - f1 0.0008 
INFO:root:VALID Total epoch time: 185.67026505200192
INFO:root:################ TRAIN epoch 49 ###################
INFO:root:TRAIN mean losses tensor(0.0227, device='cuda:0')
INFO:root:TRAIN mean errors 0.02440663054585457
INFO:root:TRAIN mean MRR 0.0 - mean MAP 0.0533246286213398
INFO:root:TRAIN tp {0: tensor(3835885, device='cuda:0'), 1: tensor(6189, device='cuda:0')},fn {0: tensor(63315, device='cuda:0'), 1: tensor(32803, device='cuda:0')},fp {0: tensor(32803, device='cuda:0'), 1: tensor(63315, device='cuda:0')}
INFO:root:TRAIN measures microavg - precision 0.9756 - recall 0.9756 - f1 0.9756 
INFO:root:TRAIN measures for class 0 - precision 0.9915 - recall 0.9838 - f1 0.9876 
INFO:root:TRAIN measures for class 1 - precision 0.0890 - recall 0.1587 - f1 0.1141 
INFO:root:TRAIN measures@10 microavg - precision 0.6142 - recall 0.0002 - f1 0.0004 
INFO:root:TRAIN measures@10 for class 0 - precision 0.9933 - recall 0.0002 - f1 0.0003 
INFO:root:TRAIN measures@10 for class 1 - precision 0.2350 - recall 0.0036 - f1 0.0071 
INFO:root:TRAIN measures@100 microavg - precision 0.5924 - recall 0.0018 - f1 0.0036 
INFO:root:TRAIN measures@100 for class 0 - precision 0.9962 - recall 0.0015 - f1 0.0031 
INFO:root:TRAIN measures@100 for class 1 - precision 0.1879 - recall 0.0289 - f1 0.0500 
INFO:root:TRAIN measures@1000 microavg - precision 0.5883 - recall 0.0164 - f1 0.0319 
INFO:root:TRAIN measures@1000 for class 0 - precision 0.9956 - recall 0.0153 - f1 0.0302 
INFO:root:TRAIN measures@1000 for class 1 - precision 0.0980 - recall 0.1252 - f1 0.1099 
INFO:root:TRAIN Total epoch time: 9.294491798998934
INFO:root:=> saved epoch checkpoint 'saved_models/EvolveGCN/bitcoinotc-20250514_054702/epoch_50.pkl'
INFO:root:################ VALID epoch 49 ###################
INFO:root:VALID mean losses tensor(0.0052, device='cuda:0')
INFO:root:VALID mean errors 0.00020990186021663249
INFO:root:VALID mean MRR 0.06625500321388245 - mean MAP 0.00037921007606200874
INFO:root:VALID tp {0: tensor(345788956, device='cuda:0'), 1: tensor(57, device='cuda:0')},fn {0: tensor(70308, device='cuda:0'), 1: tensor(2289, device='cuda:0')},fp {0: tensor(2289, device='cuda:0'), 1: tensor(70308, device='cuda:0')}
INFO:root:VALID measures microavg - precision 0.9998 - recall 0.9998 - f1 0.9998 
INFO:root:VALID measures for class 0 - precision 1.0000 - recall 0.9998 - f1 0.9999 
INFO:root:VALID measures for class 1 - precision 0.0008 - recall 0.0243 - f1 0.0016 
INFO:root:VALID measures@10 microavg - precision 0.5706 - recall 0.0000 - f1 0.0000 
INFO:root:VALID measures@10 for class 0 - precision 1.0000 - recall 0.0000 - f1 0.0000 
INFO:root:VALID measures@10 for class 1 - precision 0.0130 - recall 0.0004 - f1 0.0008 
INFO:root:VALID measures@100 microavg - precision 0.5864 - recall 0.0000 - f1 0.0000 
INFO:root:VALID measures@100 for class 0 - precision 1.0000 - recall 0.0000 - f1 0.0000 
INFO:root:VALID measures@100 for class 1 - precision 0.0014 - recall 0.0004 - f1 0.0007 
INFO:root:VALID measures@1000 microavg - precision 0.5881 - recall 0.0000 - f1 0.0001 
INFO:root:VALID measures@1000 for class 0 - precision 0.9996 - recall 0.0000 - f1 0.0001 
INFO:root:VALID measures@1000 for class 1 - precision 0.0009 - recall 0.0026 - f1 0.0013 
INFO:root:VALID Total epoch time: 185.01708367600077
INFO:root:################ TRAIN epoch 50 ###################
INFO:root:TRAIN mean losses tensor(0.0227, device='cuda:0')
INFO:root:TRAIN mean errors 0.025317201390862465
INFO:root:TRAIN mean MRR 0.0 - mean MAP 0.05208933725953102
INFO:root:TRAIN tp {0: tensor(3832202, device='cuda:0'), 1: tensor(6286, device='cuda:0')},fn {0: tensor(66998, device='cuda:0'), 1: tensor(32706, device='cuda:0')},fp {0: tensor(32706, device='cuda:0'), 1: tensor(66998, device='cuda:0')}
INFO:root:TRAIN measures microavg - precision 0.9747 - recall 0.9747 - f1 0.9747 
INFO:root:TRAIN measures for class 0 - precision 0.9915 - recall 0.9828 - f1 0.9872 
INFO:root:TRAIN measures for class 1 - precision 0.0858 - recall 0.1612 - f1 0.1120 
INFO:root:TRAIN measures@10 microavg - precision 0.6075 - recall 0.0002 - f1 0.0004 
INFO:root:TRAIN measures@10 for class 0 - precision 0.9967 - recall 0.0002 - f1 0.0003 
INFO:root:TRAIN measures@10 for class 1 - precision 0.2183 - recall 0.0034 - f1 0.0066 
INFO:root:TRAIN measures@100 microavg - precision 0.5859 - recall 0.0018 - f1 0.0036 
INFO:root:TRAIN measures@100 for class 0 - precision 0.9970 - recall 0.0015 - f1 0.0031 
INFO:root:TRAIN measures@100 for class 1 - precision 0.1748 - recall 0.0269 - f1 0.0466 
INFO:root:TRAIN measures@1000 microavg - precision 0.5915 - recall 0.0164 - f1 0.0319 
INFO:root:TRAIN measures@1000 for class 0 - precision 0.9953 - recall 0.0153 - f1 0.0302 
INFO:root:TRAIN measures@1000 for class 1 - precision 0.0979 - recall 0.1232 - f1 0.1091 
INFO:root:TRAIN Total epoch time: 9.148467380997317
INFO:root:=> saved epoch checkpoint 'saved_models/EvolveGCN/bitcoinotc-20250514_054702/epoch_51.pkl'
INFO:root:################ VALID epoch 50 ###################
INFO:root:VALID mean losses tensor(0.0044, device='cuda:0')
INFO:root:VALID mean errors 0.0003791429626289755
INFO:root:VALID mean MRR 0.0704556405544281 - mean MAP 0.00042652967385947704
INFO:root:VALID tp {0: tensor(345730368, device='cuda:0'), 1: tensor(111, device='cuda:0')},fn {0: tensor(128896, device='cuda:0'), 1: tensor(2235, device='cuda:0')},fp {0: tensor(2235, device='cuda:0'), 1: tensor(128896, device='cuda:0')}
INFO:root:VALID measures microavg - precision 0.9996 - recall 0.9996 - f1 0.9996 
INFO:root:VALID measures for class 0 - precision 1.0000 - recall 0.9996 - f1 0.9998 
INFO:root:VALID measures for class 1 - precision 0.0009 - recall 0.0473 - f1 0.0017 
INFO:root:VALID measures@10 microavg - precision 0.5050 - recall 0.0000 - f1 0.0000 
INFO:root:VALID measures@10 for class 0 - precision 1.0000 - recall 0.0000 - f1 0.0000 
INFO:root:VALID measures@10 for class 1 - precision 0.0100 - recall 0.0004 - f1 0.0008 
INFO:root:VALID measures@100 microavg - precision 0.5000 - recall 0.0000 - f1 0.0000 
INFO:root:VALID measures@100 for class 0 - precision 0.9990 - recall 0.0000 - f1 0.0000 
INFO:root:VALID measures@100 for class 1 - precision 0.0010 - recall 0.0004 - f1 0.0006 
INFO:root:VALID measures@1000 microavg - precision 0.5001 - recall 0.0000 - f1 0.0001 
INFO:root:VALID measures@1000 for class 0 - precision 0.9998 - recall 0.0000 - f1 0.0001 
INFO:root:VALID measures@1000 for class 1 - precision 0.0004 - recall 0.0017 - f1 0.0006 
INFO:root:VALID Total epoch time: 185.01681950800048
INFO:root:################ TRAIN epoch 51 ###################
INFO:root:TRAIN mean losses tensor(0.0227, device='cuda:0')
INFO:root:TRAIN mean errors 0.024363718926906586
INFO:root:TRAIN mean MRR 0.0 - mean MAP 0.05294074863195419
INFO:root:TRAIN tp {0: tensor(3836288, device='cuda:0'), 1: tensor(5955, device='cuda:0')},fn {0: tensor(62912, device='cuda:0'), 1: tensor(33037, device='cuda:0')},fp {0: tensor(33037, device='cuda:0'), 1: tensor(62912, device='cuda:0')}
INFO:root:TRAIN measures microavg - precision 0.9756 - recall 0.9756 - f1 0.9756 
INFO:root:TRAIN measures for class 0 - precision 0.9915 - recall 0.9839 - f1 0.9876 
INFO:root:TRAIN measures for class 1 - precision 0.0865 - recall 0.1527 - f1 0.1104 
INFO:root:TRAIN measures@10 microavg - precision 0.6117 - recall 0.0002 - f1 0.0004 
INFO:root:TRAIN measures@10 for class 0 - precision 0.9933 - recall 0.0002 - f1 0.0003 
INFO:root:TRAIN measures@10 for class 1 - precision 0.2300 - recall 0.0035 - f1 0.0070 
INFO:root:TRAIN measures@100 microavg - precision 0.5928 - recall 0.0018 - f1 0.0036 
INFO:root:TRAIN measures@100 for class 0 - precision 0.9958 - recall 0.0015 - f1 0.0031 
INFO:root:TRAIN measures@100 for class 1 - precision 0.1898 - recall 0.0292 - f1 0.0506 
INFO:root:TRAIN measures@1000 microavg - precision 0.6023 - recall 0.0164 - f1 0.0319 
INFO:root:TRAIN measures@1000 for class 0 - precision 0.9962 - recall 0.0153 - f1 0.0302 
INFO:root:TRAIN measures@1000 for class 1 - precision 0.0990 - recall 0.1192 - f1 0.1081 
INFO:root:TRAIN Total epoch time: 9.175411798001733
INFO:root:=> saved epoch checkpoint 'saved_models/EvolveGCN/bitcoinotc-20250514_054702/epoch_52.pkl'
INFO:root:################ VALID epoch 51 ###################
INFO:root:VALID mean losses tensor(0.0048, device='cuda:0')
INFO:root:VALID mean errors 0.00043312119669280946
INFO:root:VALID mean MRR 0.0683569684624672 - mean MAP 0.00032788788666948676
INFO:root:VALID tp {0: tensor(345711713, device='cuda:0'), 1: tensor(97, device='cuda:0')},fn {0: tensor(147551, device='cuda:0'), 1: tensor(2249, device='cuda:0')},fp {0: tensor(2249, device='cuda:0'), 1: tensor(147551, device='cuda:0')}
INFO:root:VALID measures microavg - precision 0.9996 - recall 0.9996 - f1 0.9996 
INFO:root:VALID measures for class 0 - precision 1.0000 - recall 0.9996 - f1 0.9998 
INFO:root:VALID measures for class 1 - precision 0.0007 - recall 0.0413 - f1 0.0013 
INFO:root:VALID measures@10 microavg - precision 0.5000 - recall 0.0000 - f1 0.0000 
INFO:root:VALID measures@10 for class 0 - precision 1.0000 - recall 0.0000 - f1 0.0000 
INFO:root:VALID measures@10 for class 1 - precision 0.0000 - recall 0.0000 - f1 0.0000 
INFO:root:VALID measures@100 microavg - precision 0.5000 - recall 0.0000 - f1 0.0000 
INFO:root:VALID measures@100 for class 0 - precision 1.0000 - recall 0.0000 - f1 0.0000 
INFO:root:VALID measures@100 for class 1 - precision 0.0000 - recall 0.0000 - f1 0.0000 
INFO:root:VALID measures@1000 microavg - precision 0.5001 - recall 0.0000 - f1 0.0001 
INFO:root:VALID measures@1000 for class 0 - precision 0.9999 - recall 0.0000 - f1 0.0001 
INFO:root:VALID measures@1000 for class 1 - precision 0.0004 - recall 0.0017 - f1 0.0006 
INFO:root:VALID Total epoch time: 186.49364489000072
INFO:root:################ TRAIN epoch 52 ###################
INFO:root:TRAIN mean losses tensor(0.0226, device='cuda:0')
INFO:root:TRAIN mean errors 0.026062212884426117
INFO:root:TRAIN mean MRR 0.0 - mean MAP 0.05300790071487427
INFO:root:TRAIN tp {0: tensor(3829102, device='cuda:0'), 1: tensor(6452, device='cuda:0')},fn {0: tensor(70098, device='cuda:0'), 1: tensor(32540, device='cuda:0')},fp {0: tensor(32540, device='cuda:0'), 1: tensor(70098, device='cuda:0')}
INFO:root:TRAIN measures microavg - precision 0.9739 - recall 0.9739 - f1 0.9739 
INFO:root:TRAIN measures for class 0 - precision 0.9916 - recall 0.9820 - f1 0.9868 
INFO:root:TRAIN measures for class 1 - precision 0.0843 - recall 0.1655 - f1 0.1117 
INFO:root:TRAIN measures@10 microavg - precision 0.6208 - recall 0.0002 - f1 0.0004 
INFO:root:TRAIN measures@10 for class 0 - precision 0.9967 - recall 0.0002 - f1 0.0003 
INFO:root:TRAIN measures@10 for class 1 - precision 0.2450 - recall 0.0038 - f1 0.0074 
INFO:root:TRAIN measures@100 microavg - precision 0.5880 - recall 0.0018 - f1 0.0036 
INFO:root:TRAIN measures@100 for class 0 - precision 0.9963 - recall 0.0015 - f1 0.0031 
INFO:root:TRAIN measures@100 for class 1 - precision 0.1797 - recall 0.0276 - f1 0.0479 
INFO:root:TRAIN measures@1000 microavg - precision 0.5992 - recall 0.0164 - f1 0.0319 
INFO:root:TRAIN measures@1000 for class 0 - precision 0.9953 - recall 0.0153 - f1 0.0302 
INFO:root:TRAIN measures@1000 for class 1 - precision 0.1009 - recall 0.1235 - f1 0.1111 
INFO:root:TRAIN Total epoch time: 9.162150117001147
INFO:root:=> saved epoch checkpoint 'saved_models/EvolveGCN/bitcoinotc-20250514_054702/epoch_53.pkl'
INFO:root:################ VALID epoch 52 ###################
INFO:root:VALID mean losses tensor(0.0044, device='cuda:0')
INFO:root:VALID mean errors 0.0005131445359438658
INFO:root:VALID mean MRR 0.06377773731946945 - mean MAP 0.00033890162012539804
INFO:root:VALID tp {0: tensor(345684011, device='cuda:0'), 1: tensor(122, device='cuda:0')},fn {0: tensor(175253, device='cuda:0'), 1: tensor(2224, device='cuda:0')},fp {0: tensor(2224, device='cuda:0'), 1: tensor(175253, device='cuda:0')}
INFO:root:VALID measures microavg - precision 0.9995 - recall 0.9995 - f1 0.9995 
INFO:root:VALID measures for class 0 - precision 1.0000 - recall 0.9995 - f1 0.9997 
INFO:root:VALID measures for class 1 - precision 0.0007 - recall 0.0520 - f1 0.0014 
INFO:root:VALID measures@10 microavg - precision 0.5000 - recall 0.0000 - f1 0.0000 
INFO:root:VALID measures@10 for class 0 - precision 1.0000 - recall 0.0000 - f1 0.0000 
INFO:root:VALID measures@10 for class 1 - precision 0.0000 - recall 0.0000 - f1 0.0000 
INFO:root:VALID measures@100 microavg - precision 0.5005 - recall 0.0000 - f1 0.0000 
INFO:root:VALID measures@100 for class 0 - precision 1.0000 - recall 0.0000 - f1 0.0000 
INFO:root:VALID measures@100 for class 1 - precision 0.0010 - recall 0.0004 - f1 0.0006 
INFO:root:VALID measures@1000 microavg - precision 0.5002 - recall 0.0000 - f1 0.0001 
INFO:root:VALID measures@1000 for class 0 - precision 0.9999 - recall 0.0000 - f1 0.0001 
INFO:root:VALID measures@1000 for class 1 - precision 0.0005 - recall 0.0021 - f1 0.0008 
INFO:root:VALID Total epoch time: 184.64098578900303
INFO:root:################ TRAIN epoch 53 ###################
INFO:root:TRAIN mean losses tensor(0.0226, device='cuda:0')
INFO:root:TRAIN mean errors 0.024991925805807114
INFO:root:TRAIN mean MRR 0.0 - mean MAP 0.05245191976428032
INFO:root:TRAIN tp {0: tensor(3833581, device='cuda:0'), 1: tensor(6188, device='cuda:0')},fn {0: tensor(65619, device='cuda:0'), 1: tensor(32804, device='cuda:0')},fp {0: tensor(32804, device='cuda:0'), 1: tensor(65619, device='cuda:0')}
INFO:root:TRAIN measures microavg - precision 0.9750 - recall 0.9750 - f1 0.9750 
INFO:root:TRAIN measures for class 0 - precision 0.9915 - recall 0.9832 - f1 0.9873 
INFO:root:TRAIN measures for class 1 - precision 0.0862 - recall 0.1587 - f1 0.1117 
INFO:root:TRAIN measures@10 microavg - precision 0.6058 - recall 0.0002 - f1 0.0004 
INFO:root:TRAIN measures@10 for class 0 - precision 0.9950 - recall 0.0002 - f1 0.0003 
INFO:root:TRAIN measures@10 for class 1 - precision 0.2167 - recall 0.0033 - f1 0.0066 
INFO:root:TRAIN measures@100 microavg - precision 0.5876 - recall 0.0018 - f1 0.0036 
INFO:root:TRAIN measures@100 for class 0 - precision 0.9950 - recall 0.0015 - f1 0.0031 
INFO:root:TRAIN measures@100 for class 1 - precision 0.1799 - recall 0.0277 - f1 0.0480 
INFO:root:TRAIN measures@1000 microavg - precision 0.6047 - recall 0.0164 - f1 0.0319 
INFO:root:TRAIN measures@1000 for class 0 - precision 0.9954 - recall 0.0153 - f1 0.0302 
INFO:root:TRAIN measures@1000 for class 1 - precision 0.1018 - recall 0.1217 - f1 0.1109 
INFO:root:TRAIN Total epoch time: 9.072995507998712
INFO:root:=> saved epoch checkpoint 'saved_models/EvolveGCN/bitcoinotc-20250514_054702/epoch_54.pkl'
INFO:root:################ VALID epoch 53 ###################
INFO:root:VALID mean losses tensor(0.0050, device='cuda:0')
INFO:root:VALID mean errors 0.0006124791107140481
INFO:root:VALID mean MRR 0.06693079322576523 - mean MAP 0.0005657789879478514
INFO:root:VALID tp {0: tensor(345649637, device='cuda:0'), 1: tensor(140, device='cuda:0')},fn {0: tensor(209627, device='cuda:0'), 1: tensor(2206, device='cuda:0')},fp {0: tensor(2206, device='cuda:0'), 1: tensor(209627, device='cuda:0')}
INFO:root:VALID measures microavg - precision 0.9994 - recall 0.9994 - f1 0.9994 
INFO:root:VALID measures for class 0 - precision 1.0000 - recall 0.9994 - f1 0.9997 
INFO:root:VALID measures for class 1 - precision 0.0007 - recall 0.0597 - f1 0.0013 
INFO:root:VALID measures@10 microavg - precision 0.5100 - recall 0.0000 - f1 0.0000 
INFO:root:VALID measures@10 for class 0 - precision 1.0000 - recall 0.0000 - f1 0.0000 
INFO:root:VALID measures@10 for class 1 - precision 0.0200 - recall 0.0009 - f1 0.0016 
INFO:root:VALID measures@100 microavg - precision 0.5010 - recall 0.0000 - f1 0.0000 
INFO:root:VALID measures@100 for class 0 - precision 1.0000 - recall 0.0000 - f1 0.0000 
INFO:root:VALID measures@100 for class 1 - precision 0.0020 - recall 0.0009 - f1 0.0012 
INFO:root:VALID measures@1000 microavg - precision 0.5001 - recall 0.0000 - f1 0.0001 
INFO:root:VALID measures@1000 for class 0 - precision 0.9999 - recall 0.0000 - f1 0.0001 
INFO:root:VALID measures@1000 for class 1 - precision 0.0004 - recall 0.0017 - f1 0.0006 
INFO:root:VALID Total epoch time: 185.816246159
INFO:root:################ TRAIN epoch 54 ###################
INFO:root:TRAIN mean losses tensor(0.0226, device='cuda:0')
INFO:root:TRAIN mean errors 0.025643493980169296
INFO:root:TRAIN mean MRR 0.0 - mean MAP 0.05376121774315834
INFO:root:TRAIN tp {0: tensor(3830891, device='cuda:0'), 1: tensor(6312, device='cuda:0')},fn {0: tensor(68309, device='cuda:0'), 1: tensor(32680, device='cuda:0')},fp {0: tensor(32680, device='cuda:0'), 1: tensor(68309, device='cuda:0')}
INFO:root:TRAIN measures microavg - precision 0.9744 - recall 0.9744 - f1 0.9744 
INFO:root:TRAIN measures for class 0 - precision 0.9915 - recall 0.9825 - f1 0.9870 
INFO:root:TRAIN measures for class 1 - precision 0.0846 - recall 0.1619 - f1 0.1111 
INFO:root:TRAIN measures@10 microavg - precision 0.6167 - recall 0.0002 - f1 0.0004 
INFO:root:TRAIN measures@10 for class 0 - precision 0.9983 - recall 0.0002 - f1 0.0003 
INFO:root:TRAIN measures@10 for class 1 - precision 0.2350 - recall 0.0036 - f1 0.0071 
INFO:root:TRAIN measures@100 microavg - precision 0.5909 - recall 0.0018 - f1 0.0036 
INFO:root:TRAIN measures@100 for class 0 - precision 0.9968 - recall 0.0015 - f1 0.0031 
INFO:root:TRAIN measures@100 for class 1 - precision 0.1833 - recall 0.0281 - f1 0.0487 
INFO:root:TRAIN measures@1000 microavg - precision 0.6038 - recall 0.0164 - f1 0.0319 
INFO:root:TRAIN measures@1000 for class 0 - precision 0.9958 - recall 0.0153 - f1 0.0302 
INFO:root:TRAIN measures@1000 for class 1 - precision 0.1016 - recall 0.1221 - f1 0.1109 
INFO:root:TRAIN Total epoch time: 9.071706508002535
INFO:root:=> saved epoch checkpoint 'saved_models/EvolveGCN/bitcoinotc-20250514_054702/epoch_55.pkl'
INFO:root:################ VALID epoch 54 ###################
INFO:root:VALID mean losses tensor(0.0041, device='cuda:0')
INFO:root:VALID mean errors 0.00117607438005507
INFO:root:VALID mean MRR 0.07315129786729813 - mean MAP 0.00032123952405527234
INFO:root:VALID tp {0: tensor(345454587, device='cuda:0'), 1: tensor(264, device='cuda:0')},fn {0: tensor(404677, device='cuda:0'), 1: tensor(2082, device='cuda:0')},fp {0: tensor(2082, device='cuda:0'), 1: tensor(404677, device='cuda:0')}
INFO:root:VALID measures microavg - precision 0.9988 - recall 0.9988 - f1 0.9988 
INFO:root:VALID measures for class 0 - precision 1.0000 - recall 0.9988 - f1 0.9994 
INFO:root:VALID measures for class 1 - precision 0.0007 - recall 0.1125 - f1 0.0013 
INFO:root:VALID measures@10 microavg - precision 0.5000 - recall 0.0000 - f1 0.0000 
INFO:root:VALID measures@10 for class 0 - precision 1.0000 - recall 0.0000 - f1 0.0000 
INFO:root:VALID measures@10 for class 1 - precision 0.0000 - recall 0.0000 - f1 0.0000 
INFO:root:VALID measures@100 microavg - precision 0.5000 - recall 0.0000 - f1 0.0000 
INFO:root:VALID measures@100 for class 0 - precision 1.0000 - recall 0.0000 - f1 0.0000 
INFO:root:VALID measures@100 for class 1 - precision 0.0000 - recall 0.0000 - f1 0.0000 
INFO:root:VALID measures@1000 microavg - precision 0.5002 - recall 0.0000 - f1 0.0001 
INFO:root:VALID measures@1000 for class 0 - precision 1.0000 - recall 0.0000 - f1 0.0001 
INFO:root:VALID measures@1000 for class 1 - precision 0.0005 - recall 0.0021 - f1 0.0008 
INFO:root:VALID Total epoch time: 184.70363051499953
INFO:root:################ TRAIN epoch 55 ###################
INFO:root:TRAIN mean losses tensor(0.0227, device='cuda:0')
INFO:root:TRAIN mean errors 0.025496724992990494
INFO:root:TRAIN mean MRR 0.0 - mean MAP 0.053177300840616226
INFO:root:TRAIN tp {0: tensor(3831464, device='cuda:0'), 1: tensor(6317, device='cuda:0')},fn {0: tensor(67736, device='cuda:0'), 1: tensor(32675, device='cuda:0')},fp {0: tensor(32675, device='cuda:0'), 1: tensor(67736, device='cuda:0')}
INFO:root:TRAIN measures microavg - precision 0.9745 - recall 0.9745 - f1 0.9745 
INFO:root:TRAIN measures for class 0 - precision 0.9915 - recall 0.9826 - f1 0.9871 
INFO:root:TRAIN measures for class 1 - precision 0.0853 - recall 0.1620 - f1 0.1118 
INFO:root:TRAIN measures@10 microavg - precision 0.6142 - recall 0.0002 - f1 0.0004 
INFO:root:TRAIN measures@10 for class 0 - precision 0.9967 - recall 0.0002 - f1 0.0003 
INFO:root:TRAIN measures@10 for class 1 - precision 0.2317 - recall 0.0036 - f1 0.0070 
INFO:root:TRAIN measures@100 microavg - precision 0.5884 - recall 0.0018 - f1 0.0036 
INFO:root:TRAIN measures@100 for class 0 - precision 0.9948 - recall 0.0015 - f1 0.0031 
INFO:root:TRAIN measures@100 for class 1 - precision 0.1820 - recall 0.0280 - f1 0.0485 
INFO:root:TRAIN measures@1000 microavg - precision 0.6164 - recall 0.0163 - f1 0.0318 
INFO:root:TRAIN measures@1000 for class 0 - precision 0.9952 - recall 0.0153 - f1 0.0302 
INFO:root:TRAIN measures@1000 for class 1 - precision 0.1043 - recall 0.1187 - f1 0.1110 
INFO:root:TRAIN Total epoch time: 9.069298861002608
INFO:root:=> saved epoch checkpoint 'saved_models/EvolveGCN/bitcoinotc-20250514_054702/epoch_56.pkl'
INFO:root:################ VALID epoch 55 ###################
INFO:root:VALID mean losses tensor(0.0042, device='cuda:0')
INFO:root:VALID mean errors 0.0014318355824798346
INFO:root:VALID mean MRR 0.07347828149795532 - mean MAP 0.00034751262865029275
INFO:root:VALID tp {0: tensor(345366085, device='cuda:0'), 1: tensor(308, device='cuda:0')},fn {0: tensor(493179, device='cuda:0'), 1: tensor(2038, device='cuda:0')},fp {0: tensor(2038, device='cuda:0'), 1: tensor(493179, device='cuda:0')}
INFO:root:VALID measures microavg - precision 0.9986 - recall 0.9986 - f1 0.9986 
INFO:root:VALID measures for class 0 - precision 1.0000 - recall 0.9986 - f1 0.9993 
INFO:root:VALID measures for class 1 - precision 0.0006 - recall 0.1313 - f1 0.0012 
INFO:root:VALID measures@10 microavg - precision 0.5000 - recall 0.0000 - f1 0.0000 
INFO:root:VALID measures@10 for class 0 - precision 1.0000 - recall 0.0000 - f1 0.0000 
INFO:root:VALID measures@10 for class 1 - precision 0.0000 - recall 0.0000 - f1 0.0000 
INFO:root:VALID measures@100 microavg - precision 0.5005 - recall 0.0000 - f1 0.0000 
INFO:root:VALID measures@100 for class 0 - precision 1.0000 - recall 0.0000 - f1 0.0000 
INFO:root:VALID measures@100 for class 1 - precision 0.0010 - recall 0.0004 - f1 0.0006 
INFO:root:VALID measures@1000 microavg - precision 0.5003 - recall 0.0000 - f1 0.0001 
INFO:root:VALID measures@1000 for class 0 - precision 1.0000 - recall 0.0000 - f1 0.0001 
INFO:root:VALID measures@1000 for class 1 - precision 0.0006 - recall 0.0026 - f1 0.0010 
INFO:root:VALID Total epoch time: 186.8416265829983
INFO:root:################ TRAIN epoch 56 ###################
INFO:root:TRAIN mean losses tensor(0.0227, device='cuda:0')
INFO:root:TRAIN mean errors 0.02585678920149803
INFO:root:TRAIN mean MRR 0.0 - mean MAP 0.05219954997301102
INFO:root:TRAIN tp {0: tensor(3829831, device='cuda:0'), 1: tensor(6532, device='cuda:0')},fn {0: tensor(69369, device='cuda:0'), 1: tensor(32460, device='cuda:0')},fp {0: tensor(32460, device='cuda:0'), 1: tensor(69369, device='cuda:0')}
INFO:root:TRAIN measures microavg - precision 0.9741 - recall 0.9741 - f1 0.9741 
INFO:root:TRAIN measures for class 0 - precision 0.9916 - recall 0.9822 - f1 0.9869 
INFO:root:TRAIN measures for class 1 - precision 0.0861 - recall 0.1675 - f1 0.1137 
INFO:root:TRAIN measures@10 microavg - precision 0.6050 - recall 0.0002 - f1 0.0004 
INFO:root:TRAIN measures@10 for class 0 - precision 0.9983 - recall 0.0002 - f1 0.0003 
INFO:root:TRAIN measures@10 for class 1 - precision 0.2117 - recall 0.0033 - f1 0.0064 
INFO:root:TRAIN measures@100 microavg - precision 0.5934 - recall 0.0018 - f1 0.0036 
INFO:root:TRAIN measures@100 for class 0 - precision 0.9965 - recall 0.0015 - f1 0.0031 
INFO:root:TRAIN measures@100 for class 1 - precision 0.1866 - recall 0.0285 - f1 0.0494 
INFO:root:TRAIN measures@1000 microavg - precision 0.6005 - recall 0.0164 - f1 0.0319 
INFO:root:TRAIN measures@1000 for class 0 - precision 0.9957 - recall 0.0153 - f1 0.0302 
INFO:root:TRAIN measures@1000 for class 1 - precision 0.1004 - recall 0.1221 - f1 0.1102 
INFO:root:TRAIN Total epoch time: 9.116062306002277
INFO:root:=> saved epoch checkpoint 'saved_models/EvolveGCN/bitcoinotc-20250514_054702/epoch_57.pkl'
INFO:root:################ VALID epoch 56 ###################
INFO:root:VALID mean losses tensor(0.0046, device='cuda:0')
INFO:root:VALID mean errors 0.0011224402114748955
INFO:root:VALID mean MRR 0.06669135391712189 - mean MAP 0.00033329191501252353
INFO:root:VALID tp {0: tensor(345473139, device='cuda:0'), 1: tensor(262, device='cuda:0')},fn {0: tensor(386125, device='cuda:0'), 1: tensor(2084, device='cuda:0')},fp {0: tensor(2084, device='cuda:0'), 1: tensor(386125, device='cuda:0')}
INFO:root:VALID measures microavg - precision 0.9989 - recall 0.9989 - f1 0.9989 
INFO:root:VALID measures for class 0 - precision 1.0000 - recall 0.9989 - f1 0.9994 
INFO:root:VALID measures for class 1 - precision 0.0007 - recall 0.1117 - f1 0.0013 
INFO:root:VALID measures@10 microavg - precision 0.5000 - recall 0.0000 - f1 0.0000 
INFO:root:VALID measures@10 for class 0 - precision 1.0000 - recall 0.0000 - f1 0.0000 
INFO:root:VALID measures@10 for class 1 - precision 0.0000 - recall 0.0000 - f1 0.0000 
INFO:root:VALID measures@100 microavg - precision 0.4995 - recall 0.0000 - f1 0.0000 
INFO:root:VALID measures@100 for class 0 - precision 0.9990 - recall 0.0000 - f1 0.0000 
INFO:root:VALID measures@100 for class 1 - precision 0.0000 - recall 0.0000 - f1 0.0000 
INFO:root:VALID measures@1000 microavg - precision 0.5001 - recall 0.0000 - f1 0.0001 
INFO:root:VALID measures@1000 for class 0 - precision 0.9997 - recall 0.0000 - f1 0.0001 
INFO:root:VALID measures@1000 for class 1 - precision 0.0006 - recall 0.0026 - f1 0.0010 
INFO:root:VALID Total epoch time: 187.73928300400075
INFO:root:################ TRAIN epoch 57 ###################
INFO:root:TRAIN mean losses tensor(0.0227, device='cuda:0')
INFO:root:TRAIN mean errors 0.02513590082526207
INFO:root:TRAIN mean MRR 0.0 - mean MAP 0.05188776180148125
INFO:root:TRAIN tp {0: tensor(3832770, device='cuda:0'), 1: tensor(6432, device='cuda:0')},fn {0: tensor(66430, device='cuda:0'), 1: tensor(32560, device='cuda:0')},fp {0: tensor(32560, device='cuda:0'), 1: tensor(66430, device='cuda:0')}
INFO:root:TRAIN measures microavg - precision 0.9749 - recall 0.9749 - f1 0.9749 
INFO:root:TRAIN measures for class 0 - precision 0.9916 - recall 0.9830 - f1 0.9873 
INFO:root:TRAIN measures for class 1 - precision 0.0883 - recall 0.1650 - f1 0.1150 
INFO:root:TRAIN measures@10 microavg - precision 0.6100 - recall 0.0002 - f1 0.0004 
INFO:root:TRAIN measures@10 for class 0 - precision 0.9933 - recall 0.0002 - f1 0.0003 
INFO:root:TRAIN measures@10 for class 1 - precision 0.2267 - recall 0.0035 - f1 0.0069 
INFO:root:TRAIN measures@100 microavg - precision 0.5870 - recall 0.0018 - f1 0.0036 
INFO:root:TRAIN measures@100 for class 0 - precision 0.9947 - recall 0.0015 - f1 0.0031 
INFO:root:TRAIN measures@100 for class 1 - precision 0.1791 - recall 0.0275 - f1 0.0477 
INFO:root:TRAIN measures@1000 microavg - precision 0.5951 - recall 0.0164 - f1 0.0319 
INFO:root:TRAIN measures@1000 for class 0 - precision 0.9953 - recall 0.0153 - f1 0.0302 
INFO:root:TRAIN measures@1000 for class 1 - precision 0.1005 - recall 0.1251 - f1 0.1115 
INFO:root:TRAIN Total epoch time: 9.068894994998118
INFO:root:=> saved epoch checkpoint 'saved_models/EvolveGCN/bitcoinotc-20250514_054702/epoch_58.pkl'
INFO:root:################ VALID epoch 57 ###################
INFO:root:VALID mean losses tensor(0.0046, device='cuda:0')
INFO:root:VALID mean errors 0.0007218493847176433
INFO:root:VALID mean MRR 0.06835617125034332 - mean MAP 0.0004085419059265405
INFO:root:VALID tp {0: tensor(345611763, device='cuda:0'), 1: tensor(187, device='cuda:0')},fn {0: tensor(247501, device='cuda:0'), 1: tensor(2159, device='cuda:0')},fp {0: tensor(2159, device='cuda:0'), 1: tensor(247501, device='cuda:0')}
INFO:root:VALID measures microavg - precision 0.9993 - recall 0.9993 - f1 0.9993 
INFO:root:VALID measures for class 0 - precision 1.0000 - recall 0.9993 - f1 0.9996 
INFO:root:VALID measures for class 1 - precision 0.0008 - recall 0.0797 - f1 0.0015 
INFO:root:VALID measures@10 microavg - precision 0.5128 - recall 0.0000 - f1 0.0000 
INFO:root:VALID measures@10 for class 0 - precision 1.0000 - recall 0.0000 - f1 0.0000 
INFO:root:VALID measures@10 for class 1 - precision 0.0000 - recall 0.0000 - f1 0.0000 
INFO:root:VALID measures@100 microavg - precision 0.5260 - recall 0.0000 - f1 0.0000 
INFO:root:VALID measures@100 for class 0 - precision 1.0000 - recall 0.0000 - f1 0.0000 
INFO:root:VALID measures@100 for class 1 - precision 0.0022 - recall 0.0009 - f1 0.0012 
INFO:root:VALID measures@1000 microavg - precision 0.5266 - recall 0.0000 - f1 0.0001 
INFO:root:VALID measures@1000 for class 0 - precision 0.9999 - recall 0.0000 - f1 0.0001 
INFO:root:VALID measures@1000 for class 1 - precision 0.0010 - recall 0.0038 - f1 0.0016 
INFO:root:VALID Total epoch time: 187.361797046
INFO:root:################ TRAIN epoch 58 ###################
INFO:root:TRAIN mean losses tensor(0.0228, device='cuda:0')
INFO:root:TRAIN mean errors 0.025063784793019295
INFO:root:TRAIN mean MRR 0.0 - mean MAP 0.05105332285165787
INFO:root:TRAIN tp {0: tensor(3833467, device='cuda:0'), 1: tensor(6019, device='cuda:0')},fn {0: tensor(65733, device='cuda:0'), 1: tensor(32973, device='cuda:0')},fp {0: tensor(32973, device='cuda:0'), 1: tensor(65733, device='cuda:0')}
INFO:root:TRAIN measures microavg - precision 0.9749 - recall 0.9749 - f1 0.9749 
INFO:root:TRAIN measures for class 0 - precision 0.9915 - recall 0.9831 - f1 0.9873 
INFO:root:TRAIN measures for class 1 - precision 0.0839 - recall 0.1544 - f1 0.1087 
INFO:root:TRAIN measures@10 microavg - precision 0.5967 - recall 0.0002 - f1 0.0004 
INFO:root:TRAIN measures@10 for class 0 - precision 0.9933 - recall 0.0002 - f1 0.0003 
INFO:root:TRAIN measures@10 for class 1 - precision 0.2000 - recall 0.0031 - f1 0.0061 
INFO:root:TRAIN measures@100 microavg - precision 0.5853 - recall 0.0018 - f1 0.0036 
INFO:root:TRAIN measures@100 for class 0 - precision 0.9953 - recall 0.0015 - f1 0.0031 
INFO:root:TRAIN measures@100 for class 1 - precision 0.1753 - recall 0.0270 - f1 0.0468 
INFO:root:TRAIN measures@1000 microavg - precision 0.6097 - recall 0.0163 - f1 0.0318 
INFO:root:TRAIN measures@1000 for class 0 - precision 0.9958 - recall 0.0153 - f1 0.0302 
INFO:root:TRAIN measures@1000 for class 1 - precision 0.0998 - recall 0.1163 - f1 0.1074 
INFO:root:TRAIN Total epoch time: 9.12524013499933
INFO:root:=> saved epoch checkpoint 'saved_models/EvolveGCN/bitcoinotc-20250514_054702/epoch_59.pkl'
INFO:root:################ VALID epoch 58 ###################
INFO:root:VALID mean losses tensor(0.0050, device='cuda:0')
INFO:root:VALID mean errors 0.0009474106482230127
INFO:root:VALID mean MRR 0.07053109258413315 - mean MAP 0.00035364972427487373
INFO:root:VALID tp {0: tensor(345533679, device='cuda:0'), 1: tensor(258, device='cuda:0')},fn {0: tensor(325585, device='cuda:0'), 1: tensor(2088, device='cuda:0')},fp {0: tensor(2088, device='cuda:0'), 1: tensor(325585, device='cuda:0')}
INFO:root:VALID measures microavg - precision 0.9991 - recall 0.9991 - f1 0.9991 
INFO:root:VALID measures for class 0 - precision 1.0000 - recall 0.9991 - f1 0.9995 
INFO:root:VALID measures for class 1 - precision 0.0008 - recall 0.1100 - f1 0.0016 
INFO:root:VALID measures@10 microavg - precision 0.5000 - recall 0.0000 - f1 0.0000 
INFO:root:VALID measures@10 for class 0 - precision 1.0000 - recall 0.0000 - f1 0.0000 
INFO:root:VALID measures@10 for class 1 - precision 0.0000 - recall 0.0000 - f1 0.0000 
INFO:root:VALID measures@100 microavg - precision 0.5005 - recall 0.0000 - f1 0.0000 
INFO:root:VALID measures@100 for class 0 - precision 1.0000 - recall 0.0000 - f1 0.0000 
INFO:root:VALID measures@100 for class 1 - precision 0.0010 - recall 0.0004 - f1 0.0006 
INFO:root:VALID measures@1000 microavg - precision 0.5001 - recall 0.0000 - f1 0.0001 
INFO:root:VALID measures@1000 for class 0 - precision 1.0000 - recall 0.0000 - f1 0.0001 
INFO:root:VALID measures@1000 for class 1 - precision 0.0003 - recall 0.0013 - f1 0.0005 
INFO:root:VALID Total epoch time: 186.7123333749987
INFO:root:################ TRAIN epoch 59 ###################
INFO:root:TRAIN mean losses tensor(0.0227, device='cuda:0')
INFO:root:TRAIN mean errors 0.025079529732465744
INFO:root:TRAIN mean MRR 0.0 - mean MAP 0.0526728630065918
INFO:root:TRAIN tp {0: tensor(3833017, device='cuda:0'), 1: tensor(6407, device='cuda:0')},fn {0: tensor(66183, device='cuda:0'), 1: tensor(32585, device='cuda:0')},fp {0: tensor(32585, device='cuda:0'), 1: tensor(66183, device='cuda:0')}
INFO:root:TRAIN measures microavg - precision 0.9749 - recall 0.9749 - f1 0.9749 
INFO:root:TRAIN measures for class 0 - precision 0.9916 - recall 0.9830 - f1 0.9873 
INFO:root:TRAIN measures for class 1 - precision 0.0883 - recall 0.1643 - f1 0.1148 
INFO:root:TRAIN measures@10 microavg - precision 0.6167 - recall 0.0002 - f1 0.0004 
INFO:root:TRAIN measures@10 for class 0 - precision 1.0000 - recall 0.0002 - f1 0.0003 
INFO:root:TRAIN measures@10 for class 1 - precision 0.2333 - recall 0.0036 - f1 0.0071 
INFO:root:TRAIN measures@100 microavg - precision 0.5859 - recall 0.0018 - f1 0.0036 
INFO:root:TRAIN measures@100 for class 0 - precision 0.9957 - recall 0.0015 - f1 0.0031 
INFO:root:TRAIN measures@100 for class 1 - precision 0.1762 - recall 0.0271 - f1 0.0470 
INFO:root:TRAIN measures@1000 microavg - precision 0.5884 - recall 0.0164 - f1 0.0319 
INFO:root:TRAIN measures@1000 for class 0 - precision 0.9950 - recall 0.0153 - f1 0.0302 
INFO:root:TRAIN measures@1000 for class 1 - precision 0.0994 - recall 0.1272 - f1 0.1116 
INFO:root:TRAIN Total epoch time: 9.085883574996842
INFO:root:=> saved epoch checkpoint 'saved_models/EvolveGCN/bitcoinotc-20250514_054702/epoch_60.pkl'
INFO:root:################ VALID epoch 59 ###################
INFO:root:VALID mean losses tensor(0.0045, device='cuda:0')
INFO:root:VALID mean errors 0.0011517178500071168
INFO:root:VALID mean MRR 0.07198246568441391 - mean MAP 0.00033150651142932475
INFO:root:VALID tp {0: tensor(345462980, device='cuda:0'), 1: tensor(295, device='cuda:0')},fn {0: tensor(396284, device='cuda:0'), 1: tensor(2051, device='cuda:0')},fp {0: tensor(2051, device='cuda:0'), 1: tensor(396284, device='cuda:0')}
INFO:root:VALID measures microavg - precision 0.9988 - recall 0.9988 - f1 0.9988 
INFO:root:VALID measures for class 0 - precision 1.0000 - recall 0.9989 - f1 0.9994 
INFO:root:VALID measures for class 1 - precision 0.0007 - recall 0.1257 - f1 0.0015 
INFO:root:VALID measures@10 microavg - precision 0.5000 - recall 0.0000 - f1 0.0000 
INFO:root:VALID measures@10 for class 0 - precision 1.0000 - recall 0.0000 - f1 0.0000 
INFO:root:VALID measures@10 for class 1 - precision 0.0000 - recall 0.0000 - f1 0.0000 
INFO:root:VALID measures@100 microavg - precision 0.5000 - recall 0.0000 - f1 0.0000 
INFO:root:VALID measures@100 for class 0 - precision 1.0000 - recall 0.0000 - f1 0.0000 
INFO:root:VALID measures@100 for class 1 - precision 0.0000 - recall 0.0000 - f1 0.0000 
INFO:root:VALID measures@1000 microavg - precision 0.5003 - recall 0.0000 - f1 0.0001 
INFO:root:VALID measures@1000 for class 0 - precision 1.0000 - recall 0.0000 - f1 0.0001 
INFO:root:VALID measures@1000 for class 1 - precision 0.0006 - recall 0.0026 - f1 0.0010 
INFO:root:VALID Total epoch time: 186.87941166300152
INFO:root:################ TRAIN epoch 60 ###################
INFO:root:TRAIN mean losses tensor(0.0227, device='cuda:0')
INFO:root:TRAIN mean errors 0.0258138757199049
INFO:root:TRAIN mean MRR 0.0 - mean MAP 0.05163261666893959
INFO:root:TRAIN tp {0: tensor(3830170, device='cuda:0'), 1: tensor(6362, device='cuda:0')},fn {0: tensor(69030, device='cuda:0'), 1: tensor(32630, device='cuda:0')},fp {0: tensor(32630, device='cuda:0'), 1: tensor(69030, device='cuda:0')}
INFO:root:TRAIN measures microavg - precision 0.9742 - recall 0.9742 - f1 0.9742 
INFO:root:TRAIN measures for class 0 - precision 0.9916 - recall 0.9823 - f1 0.9869 
INFO:root:TRAIN measures for class 1 - precision 0.0844 - recall 0.1632 - f1 0.1112 
INFO:root:TRAIN measures@10 microavg - precision 0.6017 - recall 0.0002 - f1 0.0004 
INFO:root:TRAIN measures@10 for class 0 - precision 0.9967 - recall 0.0002 - f1 0.0003 
INFO:root:TRAIN measures@10 for class 1 - precision 0.2067 - recall 0.0032 - f1 0.0063 
INFO:root:TRAIN measures@100 microavg - precision 0.5860 - recall 0.0018 - f1 0.0036 
INFO:root:TRAIN measures@100 for class 0 - precision 0.9950 - recall 0.0015 - f1 0.0031 
INFO:root:TRAIN measures@100 for class 1 - precision 0.1770 - recall 0.0272 - f1 0.0472 
INFO:root:TRAIN measures@1000 microavg - precision 0.5908 - recall 0.0164 - f1 0.0319 
INFO:root:TRAIN measures@1000 for class 0 - precision 0.9954 - recall 0.0153 - f1 0.0302 
INFO:root:TRAIN measures@1000 for class 1 - precision 0.0985 - recall 0.1246 - f1 0.1100 
INFO:root:TRAIN Total epoch time: 9.077615961999982
INFO:root:=> saved epoch checkpoint 'saved_models/EvolveGCN/bitcoinotc-20250514_054702/epoch_61.pkl'
INFO:root:################ VALID epoch 60 ###################
INFO:root:VALID mean losses tensor(0.0047, device='cuda:0')
INFO:root:VALID mean errors 0.0007981197559274733
INFO:root:VALID mean MRR 0.07200656086206436 - mean MAP 0.0006607958930544555
INFO:root:VALID tp {0: tensor(345585404, device='cuda:0'), 1: tensor(167, device='cuda:0')},fn {0: tensor(273860, device='cuda:0'), 1: tensor(2179, device='cuda:0')},fp {0: tensor(2179, device='cuda:0'), 1: tensor(273860, device='cuda:0')}
INFO:root:VALID measures microavg - precision 0.9992 - recall 0.9992 - f1 0.9992 
INFO:root:VALID measures for class 0 - precision 1.0000 - recall 0.9992 - f1 0.9996 
INFO:root:VALID measures for class 1 - precision 0.0006 - recall 0.0712 - f1 0.0012 
INFO:root:VALID measures@10 microavg - precision 0.5050 - recall 0.0000 - f1 0.0000 
INFO:root:VALID measures@10 for class 0 - precision 1.0000 - recall 0.0000 - f1 0.0000 
INFO:root:VALID measures@10 for class 1 - precision 0.0100 - recall 0.0004 - f1 0.0008 
INFO:root:VALID measures@100 microavg - precision 0.5010 - recall 0.0000 - f1 0.0000 
INFO:root:VALID measures@100 for class 0 - precision 1.0000 - recall 0.0000 - f1 0.0000 
INFO:root:VALID measures@100 for class 1 - precision 0.0020 - recall 0.0009 - f1 0.0012 
INFO:root:VALID measures@1000 microavg - precision 0.5001 - recall 0.0000 - f1 0.0001 
INFO:root:VALID measures@1000 for class 0 - precision 0.9998 - recall 0.0000 - f1 0.0001 
INFO:root:VALID measures@1000 for class 1 - precision 0.0004 - recall 0.0017 - f1 0.0006 
INFO:root:VALID Total epoch time: 188.04539028100044
INFO:root:################ TRAIN epoch 61 ###################
INFO:root:TRAIN mean losses tensor(0.0227, device='cuda:0')
INFO:root:TRAIN mean errors 0.025224264711141586
INFO:root:TRAIN mean MRR 0.0 - mean MAP 0.05268128588795662
INFO:root:TRAIN tp {0: tensor(3832343, device='cuda:0'), 1: tensor(6511, device='cuda:0')},fn {0: tensor(66857, device='cuda:0'), 1: tensor(32481, device='cuda:0')},fp {0: tensor(32481, device='cuda:0'), 1: tensor(66857, device='cuda:0')}
INFO:root:TRAIN measures microavg - precision 0.9748 - recall 0.9748 - f1 0.9748 
INFO:root:TRAIN measures for class 0 - precision 0.9916 - recall 0.9829 - f1 0.9872 
INFO:root:TRAIN measures for class 1 - precision 0.0887 - recall 0.1670 - f1 0.1159 
INFO:root:TRAIN measures@10 microavg - precision 0.6008 - recall 0.0002 - f1 0.0004 
INFO:root:TRAIN measures@10 for class 0 - precision 0.9983 - recall 0.0002 - f1 0.0003 
INFO:root:TRAIN measures@10 for class 1 - precision 0.2033 - recall 0.0031 - f1 0.0062 
INFO:root:TRAIN measures@100 microavg - precision 0.5903 - recall 0.0018 - f1 0.0036 
INFO:root:TRAIN measures@100 for class 0 - precision 0.9972 - recall 0.0015 - f1 0.0031 
INFO:root:TRAIN measures@100 for class 1 - precision 0.1833 - recall 0.0282 - f1 0.0489 
INFO:root:TRAIN measures@1000 microavg - precision 0.5858 - recall 0.0164 - f1 0.0320 
INFO:root:TRAIN measures@1000 for class 0 - precision 0.9957 - recall 0.0153 - f1 0.0302 
INFO:root:TRAIN measures@1000 for class 1 - precision 0.0990 - recall 0.1283 - f1 0.1118 
INFO:root:TRAIN Total epoch time: 9.134074859000975
INFO:root:=> saved epoch checkpoint 'saved_models/EvolveGCN/bitcoinotc-20250514_054702/epoch_62.pkl'
INFO:root:################ VALID epoch 61 ###################
INFO:root:VALID mean losses tensor(0.0047, device='cuda:0')
INFO:root:VALID mean errors 0.0007916894392110407
INFO:root:VALID mean MRR 0.07326742261648178 - mean MAP 0.0003385355812497437
INFO:root:VALID tp {0: tensor(345587560, device='cuda:0'), 1: tensor(235, device='cuda:0')},fn {0: tensor(271704, device='cuda:0'), 1: tensor(2111, device='cuda:0')},fp {0: tensor(2111, device='cuda:0'), 1: tensor(271704, device='cuda:0')}
INFO:root:VALID measures microavg - precision 0.9992 - recall 0.9992 - f1 0.9992 
INFO:root:VALID measures for class 0 - precision 1.0000 - recall 0.9992 - f1 0.9996 
INFO:root:VALID measures for class 1 - precision 0.0009 - recall 0.1002 - f1 0.0017 
INFO:root:VALID measures@10 microavg - precision 0.5000 - recall 0.0000 - f1 0.0000 
INFO:root:VALID measures@10 for class 0 - precision 1.0000 - recall 0.0000 - f1 0.0000 
INFO:root:VALID measures@10 for class 1 - precision 0.0000 - recall 0.0000 - f1 0.0000 
INFO:root:VALID measures@100 microavg - precision 0.5000 - recall 0.0000 - f1 0.0000 
INFO:root:VALID measures@100 for class 0 - precision 1.0000 - recall 0.0000 - f1 0.0000 
INFO:root:VALID measures@100 for class 1 - precision 0.0000 - recall 0.0000 - f1 0.0000 
INFO:root:VALID measures@1000 microavg - precision 0.5002 - recall 0.0000 - f1 0.0001 
INFO:root:VALID measures@1000 for class 0 - precision 0.9999 - recall 0.0000 - f1 0.0001 
INFO:root:VALID measures@1000 for class 1 - precision 0.0006 - recall 0.0026 - f1 0.0010 
INFO:root:VALID Total epoch time: 186.38376248500208
INFO:root:################ TRAIN epoch 62 ###################
INFO:root:TRAIN mean losses tensor(0.0226, device='cuda:0')
INFO:root:TRAIN mean errors 0.025035345926880836
INFO:root:TRAIN mean MRR 0.0 - mean MAP 0.05359971523284912
INFO:root:TRAIN tp {0: tensor(3833188, device='cuda:0'), 1: tensor(6410, device='cuda:0')},fn {0: tensor(66012, device='cuda:0'), 1: tensor(32582, device='cuda:0')},fp {0: tensor(32582, device='cuda:0'), 1: tensor(66012, device='cuda:0')}
INFO:root:TRAIN measures microavg - precision 0.9750 - recall 0.9750 - f1 0.9750 
INFO:root:TRAIN measures for class 0 - precision 0.9916 - recall 0.9831 - f1 0.9873 
INFO:root:TRAIN measures for class 1 - precision 0.0885 - recall 0.1644 - f1 0.1151 
INFO:root:TRAIN measures@10 microavg - precision 0.6275 - recall 0.0002 - f1 0.0004 
INFO:root:TRAIN measures@10 for class 0 - precision 0.9950 - recall 0.0002 - f1 0.0003 
INFO:root:TRAIN measures@10 for class 1 - precision 0.2600 - recall 0.0040 - f1 0.0079 
INFO:root:TRAIN measures@100 microavg - precision 0.5871 - recall 0.0018 - f1 0.0036 
INFO:root:TRAIN measures@100 for class 0 - precision 0.9968 - recall 0.0015 - f1 0.0031 
INFO:root:TRAIN measures@100 for class 1 - precision 0.1773 - recall 0.0273 - f1 0.0473 
INFO:root:TRAIN measures@1000 microavg - precision 0.5902 - recall 0.0164 - f1 0.0320 
INFO:root:TRAIN measures@1000 for class 0 - precision 0.9955 - recall 0.0153 - f1 0.0302 
INFO:root:TRAIN measures@1000 for class 1 - precision 0.1009 - recall 0.1287 - f1 0.1131 
INFO:root:TRAIN Total epoch time: 9.079676148001454
INFO:root:=> saved epoch checkpoint 'saved_models/EvolveGCN/bitcoinotc-20250514_054702/epoch_63.pkl'
INFO:root:################ VALID epoch 62 ###################
INFO:root:VALID mean losses tensor(0.0050, device='cuda:0')
INFO:root:VALID mean errors 0.0007478540064767003
INFO:root:VALID mean MRR 0.06918400526046753 - mean MAP 0.00039032340282574296
INFO:root:VALID tp {0: tensor(345602749, device='cuda:0'), 1: tensor(207, device='cuda:0')},fn {0: tensor(256515, device='cuda:0'), 1: tensor(2139, device='cuda:0')},fp {0: tensor(2139, device='cuda:0'), 1: tensor(256515, device='cuda:0')}
INFO:root:VALID measures microavg - precision 0.9993 - recall 0.9993 - f1 0.9993 
INFO:root:VALID measures for class 0 - precision 1.0000 - recall 0.9993 - f1 0.9996 
INFO:root:VALID measures for class 1 - precision 0.0008 - recall 0.0882 - f1 0.0016 
INFO:root:VALID measures@10 microavg - precision 0.5000 - recall 0.0000 - f1 0.0000 
INFO:root:VALID measures@10 for class 0 - precision 1.0000 - recall 0.0000 - f1 0.0000 
INFO:root:VALID measures@10 for class 1 - precision 0.0000 - recall 0.0000 - f1 0.0000 
INFO:root:VALID measures@100 microavg - precision 0.5010 - recall 0.0000 - f1 0.0000 
INFO:root:VALID measures@100 for class 0 - precision 1.0000 - recall 0.0000 - f1 0.0000 
INFO:root:VALID measures@100 for class 1 - precision 0.0020 - recall 0.0009 - f1 0.0012 
INFO:root:VALID measures@1000 microavg - precision 0.5001 - recall 0.0000 - f1 0.0001 
INFO:root:VALID measures@1000 for class 0 - precision 0.9998 - recall 0.0000 - f1 0.0001 
INFO:root:VALID measures@1000 for class 1 - precision 0.0004 - recall 0.0017 - f1 0.0006 
INFO:root:VALID Total epoch time: 188.35337325300134
INFO:root:################ TRAIN epoch 63 ###################
INFO:root:TRAIN mean losses tensor(0.0226, device='cuda:0')
INFO:root:TRAIN mean errors 0.025171702727675438
INFO:root:TRAIN mean MRR 0.0 - mean MAP 0.05325833708047867
INFO:root:TRAIN tp {0: tensor(3832665, device='cuda:0'), 1: tensor(6396, device='cuda:0')},fn {0: tensor(66535, device='cuda:0'), 1: tensor(32596, device='cuda:0')},fp {0: tensor(32596, device='cuda:0'), 1: tensor(66535, device='cuda:0')}
INFO:root:TRAIN measures microavg - precision 0.9748 - recall 0.9748 - f1 0.9748 
INFO:root:TRAIN measures for class 0 - precision 0.9916 - recall 0.9829 - f1 0.9872 
INFO:root:TRAIN measures for class 1 - precision 0.0877 - recall 0.1640 - f1 0.1143 
INFO:root:TRAIN measures@10 microavg - precision 0.6100 - recall 0.0002 - f1 0.0004 
INFO:root:TRAIN measures@10 for class 0 - precision 0.9933 - recall 0.0002 - f1 0.0003 
INFO:root:TRAIN measures@10 for class 1 - precision 0.2267 - recall 0.0035 - f1 0.0069 
INFO:root:TRAIN measures@100 microavg - precision 0.5914 - recall 0.0018 - f1 0.0036 
INFO:root:TRAIN measures@100 for class 0 - precision 0.9943 - recall 0.0015 - f1 0.0031 
INFO:root:TRAIN measures@100 for class 1 - precision 0.1885 - recall 0.0290 - f1 0.0503 
INFO:root:TRAIN measures@1000 microavg - precision 0.5823 - recall 0.0165 - f1 0.0320 
INFO:root:TRAIN measures@1000 for class 0 - precision 0.9956 - recall 0.0153 - f1 0.0302 
INFO:root:TRAIN measures@1000 for class 1 - precision 0.0992 - recall 0.1305 - f1 0.1127 
INFO:root:TRAIN Total epoch time: 9.089955585001007
INFO:root:=> saved epoch checkpoint 'saved_models/EvolveGCN/bitcoinotc-20250514_054702/epoch_64.pkl'
INFO:root:################ VALID epoch 63 ###################
INFO:root:VALID mean losses tensor(0.0049, device='cuda:0')
INFO:root:VALID mean errors 0.00047045404789969325
INFO:root:VALID mean MRR 0.07003312557935715 - mean MAP 0.00047005992382764816
INFO:root:VALID tp {0: tensor(345698766, device='cuda:0'), 1: tensor(132, device='cuda:0')},fn {0: tensor(160498, device='cuda:0'), 1: tensor(2214, device='cuda:0')},fp {0: tensor(2214, device='cuda:0'), 1: tensor(160498, device='cuda:0')}
INFO:root:VALID measures microavg - precision 0.9995 - recall 0.9995 - f1 0.9995 
INFO:root:VALID measures for class 0 - precision 1.0000 - recall 0.9995 - f1 0.9998 
INFO:root:VALID measures for class 1 - precision 0.0008 - recall 0.0563 - f1 0.0016 
INFO:root:VALID measures@10 microavg - precision 0.5025 - recall 0.0000 - f1 0.0000 
INFO:root:VALID measures@10 for class 0 - precision 0.9900 - recall 0.0000 - f1 0.0000 
INFO:root:VALID measures@10 for class 1 - precision 0.0000 - recall 0.0000 - f1 0.0000 
INFO:root:VALID measures@100 microavg - precision 0.5265 - recall 0.0000 - f1 0.0000 
INFO:root:VALID measures@100 for class 0 - precision 0.9990 - recall 0.0000 - f1 0.0000 
INFO:root:VALID measures@100 for class 1 - precision 0.0055 - recall 0.0021 - f1 0.0031 
INFO:root:VALID measures@1000 microavg - precision 0.5266 - recall 0.0000 - f1 0.0001 
INFO:root:VALID measures@1000 for class 0 - precision 0.9997 - recall 0.0000 - f1 0.0001 
INFO:root:VALID measures@1000 for class 1 - precision 0.0013 - recall 0.0051 - f1 0.0021 
INFO:root:VALID Total epoch time: 186.1938920020002
INFO:root:################ TRAIN epoch 64 ###################
INFO:root:TRAIN mean losses tensor(0.0226, device='cuda:0')
INFO:root:TRAIN mean errors 0.025382205843925476
INFO:root:TRAIN mean MRR 0.0 - mean MAP 0.05360400676727295
INFO:root:TRAIN tp {0: tensor(3831786, device='cuda:0'), 1: tensor(6446, device='cuda:0')},fn {0: tensor(67414, device='cuda:0'), 1: tensor(32546, device='cuda:0')},fp {0: tensor(32546, device='cuda:0'), 1: tensor(67414, device='cuda:0')}
INFO:root:TRAIN measures microavg - precision 0.9746 - recall 0.9746 - f1 0.9746 
INFO:root:TRAIN measures for class 0 - precision 0.9916 - recall 0.9827 - f1 0.9871 
INFO:root:TRAIN measures for class 1 - precision 0.0873 - recall 0.1653 - f1 0.1142 
INFO:root:TRAIN measures@10 microavg - precision 0.6200 - recall 0.0002 - f1 0.0004 
INFO:root:TRAIN measures@10 for class 0 - precision 0.9983 - recall 0.0002 - f1 0.0003 
INFO:root:TRAIN measures@10 for class 1 - precision 0.2417 - recall 0.0037 - f1 0.0073 
INFO:root:TRAIN measures@100 microavg - precision 0.5957 - recall 0.0018 - f1 0.0036 
INFO:root:TRAIN measures@100 for class 0 - precision 0.9978 - recall 0.0015 - f1 0.0031 
INFO:root:TRAIN measures@100 for class 1 - precision 0.1935 - recall 0.0298 - f1 0.0516 
INFO:root:TRAIN measures@1000 microavg - precision 0.5917 - recall 0.0164 - f1 0.0320 
INFO:root:TRAIN measures@1000 for class 0 - precision 0.9963 - recall 0.0153 - f1 0.0302 
INFO:root:TRAIN measures@1000 for class 1 - precision 0.0997 - recall 0.1263 - f1 0.1114 
INFO:root:TRAIN Total epoch time: 9.198540886001865
INFO:root:=> saved epoch checkpoint 'saved_models/EvolveGCN/bitcoinotc-20250514_054702/epoch_65.pkl'
INFO:root:################ VALID epoch 64 ###################
INFO:root:VALID mean losses tensor(0.0045, device='cuda:0')
INFO:root:VALID mean errors 0.0009407172328792512
INFO:root:VALID mean MRR 0.06754810363054276 - mean MAP 0.0005299081094563007
INFO:root:VALID tp {0: tensor(345536010, device='cuda:0'), 1: tensor(242, device='cuda:0')},fn {0: tensor(323254, device='cuda:0'), 1: tensor(2104, device='cuda:0')},fp {0: tensor(2104, device='cuda:0'), 1: tensor(323254, device='cuda:0')}
INFO:root:VALID measures microavg - precision 0.9991 - recall 0.9991 - f1 0.9991 
INFO:root:VALID measures for class 0 - precision 1.0000 - recall 0.9991 - f1 0.9995 
INFO:root:VALID measures for class 1 - precision 0.0007 - recall 0.1032 - f1 0.0015 
INFO:root:VALID measures@10 microavg - precision 0.5050 - recall 0.0000 - f1 0.0000 
INFO:root:VALID measures@10 for class 0 - precision 1.0000 - recall 0.0000 - f1 0.0000 
INFO:root:VALID measures@10 for class 1 - precision 0.0100 - recall 0.0004 - f1 0.0008 
INFO:root:VALID measures@100 microavg - precision 0.5015 - recall 0.0000 - f1 0.0000 
INFO:root:VALID measures@100 for class 0 - precision 1.0000 - recall 0.0000 - f1 0.0000 
INFO:root:VALID measures@100 for class 1 - precision 0.0030 - recall 0.0013 - f1 0.0018 
INFO:root:VALID measures@1000 microavg - precision 0.5004 - recall 0.0000 - f1 0.0001 
INFO:root:VALID measures@1000 for class 0 - precision 1.0000 - recall 0.0000 - f1 0.0001 
INFO:root:VALID measures@1000 for class 1 - precision 0.0009 - recall 0.0038 - f1 0.0015 
INFO:root:VALID Total epoch time: 185.02173964699978
INFO:root:################ TRAIN epoch 65 ###################
INFO:root:TRAIN mean losses tensor(0.0227, device='cuda:0')
INFO:root:TRAIN mean errors 0.026040630415081978
INFO:root:TRAIN mean MRR 0.0 - mean MAP 0.05334475636482239
INFO:root:TRAIN tp {0: tensor(3829007, device='cuda:0'), 1: tensor(6632, device='cuda:0')},fn {0: tensor(70193, device='cuda:0'), 1: tensor(32360, device='cuda:0')},fp {0: tensor(32360, device='cuda:0'), 1: tensor(70193, device='cuda:0')}
INFO:root:TRAIN measures microavg - precision 0.9740 - recall 0.9740 - f1 0.9740 
INFO:root:TRAIN measures for class 0 - precision 0.9916 - recall 0.9820 - f1 0.9868 
INFO:root:TRAIN measures for class 1 - precision 0.0863 - recall 0.1701 - f1 0.1145 
INFO:root:TRAIN measures@10 microavg - precision 0.6150 - recall 0.0002 - f1 0.0004 
INFO:root:TRAIN measures@10 for class 0 - precision 0.9983 - recall 0.0002 - f1 0.0003 
INFO:root:TRAIN measures@10 for class 1 - precision 0.2317 - recall 0.0036 - f1 0.0070 
INFO:root:TRAIN measures@100 microavg - precision 0.5914 - recall 0.0018 - f1 0.0036 
INFO:root:TRAIN measures@100 for class 0 - precision 0.9948 - recall 0.0015 - f1 0.0031 
INFO:root:TRAIN measures@100 for class 1 - precision 0.1880 - recall 0.0289 - f1 0.0501 
INFO:root:TRAIN measures@1000 microavg - precision 0.5811 - recall 0.0165 - f1 0.0320 
INFO:root:TRAIN measures@1000 for class 0 - precision 0.9957 - recall 0.0153 - f1 0.0302 
INFO:root:TRAIN measures@1000 for class 1 - precision 0.0986 - recall 0.1303 - f1 0.1123 
INFO:root:TRAIN Total epoch time: 9.149547438002628
INFO:root:=> saved epoch checkpoint 'saved_models/EvolveGCN/bitcoinotc-20250514_054702/epoch_66.pkl'
INFO:root:################ VALID epoch 65 ###################
INFO:root:VALID mean losses tensor(0.0047, device='cuda:0')
INFO:root:VALID mean errors 0.0003236380871385336
INFO:root:VALID mean MRR 0.0689125657081604 - mean MAP 0.0003999994369223714
INFO:root:VALID tp {0: tensor(345749598, device='cuda:0'), 1: tensor(78, device='cuda:0')},fn {0: tensor(109666, device='cuda:0'), 1: tensor(2268, device='cuda:0')},fp {0: tensor(2268, device='cuda:0'), 1: tensor(109666, device='cuda:0')}
INFO:root:VALID measures microavg - precision 0.9997 - recall 0.9997 - f1 0.9997 
INFO:root:VALID measures for class 0 - precision 1.0000 - recall 0.9997 - f1 0.9998 
INFO:root:VALID measures for class 1 - precision 0.0007 - recall 0.0332 - f1 0.0014 
INFO:root:VALID measures@10 microavg - precision 0.5000 - recall 0.0000 - f1 0.0000 
INFO:root:VALID measures@10 for class 0 - precision 1.0000 - recall 0.0000 - f1 0.0000 
INFO:root:VALID measures@10 for class 1 - precision 0.0000 - recall 0.0000 - f1 0.0000 
INFO:root:VALID measures@100 microavg - precision 0.5005 - recall 0.0000 - f1 0.0000 
INFO:root:VALID measures@100 for class 0 - precision 0.9990 - recall 0.0000 - f1 0.0000 
INFO:root:VALID measures@100 for class 1 - precision 0.0020 - recall 0.0009 - f1 0.0012 
INFO:root:VALID measures@1000 microavg - precision 0.5192 - recall 0.0000 - f1 0.0001 
INFO:root:VALID measures@1000 for class 0 - precision 0.9998 - recall 0.0000 - f1 0.0001 
INFO:root:VALID measures@1000 for class 1 - precision 0.0010 - recall 0.0038 - f1 0.0015 
INFO:root:VALID Total epoch time: 185.21950874499817
INFO:root:################ TRAIN epoch 66 ###################
INFO:root:TRAIN mean losses tensor(0.0226, device='cuda:0')
INFO:root:TRAIN mean errors 0.026080749928951263
INFO:root:TRAIN mean MRR 0.0 - mean MAP 0.05425401031970978
INFO:root:TRAIN tp {0: tensor(3828864, device='cuda:0'), 1: tensor(6617, device='cuda:0')},fn {0: tensor(70336, device='cuda:0'), 1: tensor(32375, device='cuda:0')},fp {0: tensor(32375, device='cuda:0'), 1: tensor(70336, device='cuda:0')}
INFO:root:TRAIN measures microavg - precision 0.9739 - recall 0.9739 - f1 0.9739 
INFO:root:TRAIN measures for class 0 - precision 0.9916 - recall 0.9820 - f1 0.9868 
INFO:root:TRAIN measures for class 1 - precision 0.0860 - recall 0.1697 - f1 0.1141 
INFO:root:TRAIN measures@10 microavg - precision 0.6208 - recall 0.0002 - f1 0.0004 
INFO:root:TRAIN measures@10 for class 0 - precision 0.9967 - recall 0.0002 - f1 0.0003 
INFO:root:TRAIN measures@10 for class 1 - precision 0.2450 - recall 0.0038 - f1 0.0074 
INFO:root:TRAIN measures@100 microavg - precision 0.5926 - recall 0.0018 - f1 0.0036 
INFO:root:TRAIN measures@100 for class 0 - precision 0.9955 - recall 0.0015 - f1 0.0031 
INFO:root:TRAIN measures@100 for class 1 - precision 0.1897 - recall 0.0292 - f1 0.0506 
INFO:root:TRAIN measures@1000 microavg - precision 0.5839 - recall 0.0165 - f1 0.0320 
INFO:root:TRAIN measures@1000 for class 0 - precision 0.9956 - recall 0.0153 - f1 0.0302 
INFO:root:TRAIN measures@1000 for class 1 - precision 0.0994 - recall 0.1299 - f1 0.1126 
INFO:root:TRAIN Total epoch time: 9.139816020997387
INFO:root:=> saved epoch checkpoint 'saved_models/EvolveGCN/bitcoinotc-20250514_054702/epoch_67.pkl'
INFO:root:################ VALID epoch 66 ###################
INFO:root:VALID mean losses tensor(0.0043, device='cuda:0')
INFO:root:VALID mean errors 0.00029983377316966653
INFO:root:VALID mean MRR 0.06863369047641754 - mean MAP 0.0003965330251958221
INFO:root:VALID tp {0: tensor(345757843, device='cuda:0'), 1: tensor(66, device='cuda:0')},fn {0: tensor(101421, device='cuda:0'), 1: tensor(2280, device='cuda:0')},fp {0: tensor(2280, device='cuda:0'), 1: tensor(101421, device='cuda:0')}
INFO:root:VALID measures microavg - precision 0.9997 - recall 0.9997 - f1 0.9997 
INFO:root:VALID measures for class 0 - precision 1.0000 - recall 0.9997 - f1 0.9999 
INFO:root:VALID measures for class 1 - precision 0.0007 - recall 0.0281 - f1 0.0013 
INFO:root:VALID measures@10 microavg - precision 0.5556 - recall 0.0000 - f1 0.0000 
INFO:root:VALID measures@10 for class 0 - precision 1.0000 - recall 0.0000 - f1 0.0000 
INFO:root:VALID measures@10 for class 1 - precision 0.0000 - recall 0.0000 - f1 0.0000 
INFO:root:VALID measures@100 microavg - precision 0.5567 - recall 0.0000 - f1 0.0000 
INFO:root:VALID measures@100 for class 0 - precision 1.0000 - recall 0.0000 - f1 0.0000 
INFO:root:VALID measures@100 for class 1 - precision 0.0025 - recall 0.0009 - f1 0.0013 
INFO:root:VALID measures@1000 microavg - precision 0.5559 - recall 0.0000 - f1 0.0001 
INFO:root:VALID measures@1000 for class 0 - precision 1.0000 - recall 0.0000 - f1 0.0001 
INFO:root:VALID measures@1000 for class 1 - precision 0.0008 - recall 0.0026 - f1 0.0012 
INFO:root:VALID Total epoch time: 185.60165583900016
INFO:root:################ TRAIN epoch 67 ###################
INFO:root:TRAIN mean losses tensor(0.0226, device='cuda:0')
INFO:root:TRAIN mean errors 0.026164798066020012
INFO:root:TRAIN mean MRR 0.0 - mean MAP 0.05302191153168678
INFO:root:TRAIN tp {0: tensor(3828446, device='cuda:0'), 1: tensor(6704, device='cuda:0')},fn {0: tensor(70754, device='cuda:0'), 1: tensor(32288, device='cuda:0')},fp {0: tensor(32288, device='cuda:0'), 1: tensor(70754, device='cuda:0')}
INFO:root:TRAIN measures microavg - precision 0.9738 - recall 0.9738 - f1 0.9738 
INFO:root:TRAIN measures for class 0 - precision 0.9916 - recall 0.9819 - f1 0.9867 
INFO:root:TRAIN measures for class 1 - precision 0.0866 - recall 0.1719 - f1 0.1151 
INFO:root:TRAIN measures@10 microavg - precision 0.6033 - recall 0.0002 - f1 0.0004 
INFO:root:TRAIN measures@10 for class 0 - precision 0.9983 - recall 0.0002 - f1 0.0003 
INFO:root:TRAIN measures@10 for class 1 - precision 0.2083 - recall 0.0032 - f1 0.0063 
INFO:root:TRAIN measures@100 microavg - precision 0.5907 - recall 0.0018 - f1 0.0036 
INFO:root:TRAIN measures@100 for class 0 - precision 0.9975 - recall 0.0015 - f1 0.0031 
INFO:root:TRAIN measures@100 for class 1 - precision 0.1838 - recall 0.0283 - f1 0.0490 
INFO:root:TRAIN measures@1000 microavg - precision 0.5841 - recall 0.0165 - f1 0.0321 
INFO:root:TRAIN measures@1000 for class 0 - precision 0.9959 - recall 0.0153 - f1 0.0302 
INFO:root:TRAIN measures@1000 for class 1 - precision 0.1006 - recall 0.1318 - f1 0.1141 
INFO:root:TRAIN Total epoch time: 9.10944525800005
INFO:root:=> saved epoch checkpoint 'saved_models/EvolveGCN/bitcoinotc-20250514_054702/epoch_68.pkl'
INFO:root:################ VALID epoch 67 ###################
INFO:root:VALID mean losses tensor(0.0044, device='cuda:0')
INFO:root:VALID mean errors 0.0002475643123034388
INFO:root:VALID mean MRR 0.06816847622394562 - mean MAP 0.00044780588359571993
INFO:root:VALID tp {0: tensor(345775910, device='cuda:0'), 1: tensor(77, device='cuda:0')},fn {0: tensor(83354, device='cuda:0'), 1: tensor(2269, device='cuda:0')},fp {0: tensor(2269, device='cuda:0'), 1: tensor(83354, device='cuda:0')}
INFO:root:VALID measures microavg - precision 0.9998 - recall 0.9998 - f1 0.9998 
INFO:root:VALID measures for class 0 - precision 1.0000 - recall 0.9998 - f1 0.9999 
INFO:root:VALID measures for class 1 - precision 0.0009 - recall 0.0328 - f1 0.0018 
INFO:root:VALID measures@10 microavg - precision 0.5102 - recall 0.0000 - f1 0.0000 
INFO:root:VALID measures@10 for class 0 - precision 1.0000 - recall 0.0000 - f1 0.0000 
INFO:root:VALID measures@10 for class 1 - precision 0.0000 - recall 0.0000 - f1 0.0000 
INFO:root:VALID measures@100 microavg - precision 0.5499 - recall 0.0000 - f1 0.0000 
INFO:root:VALID measures@100 for class 0 - precision 1.0000 - recall 0.0000 - f1 0.0000 
INFO:root:VALID measures@100 for class 1 - precision 0.0024 - recall 0.0009 - f1 0.0013 
INFO:root:VALID measures@1000 microavg - precision 0.5592 - recall 0.0000 - f1 0.0001 
INFO:root:VALID measures@1000 for class 0 - precision 1.0000 - recall 0.0000 - f1 0.0001 
INFO:root:VALID measures@1000 for class 1 - precision 0.0006 - recall 0.0021 - f1 0.0010 
INFO:root:VALID Total epoch time: 185.2883981970008
INFO:root:################ TRAIN epoch 68 ###################
INFO:root:TRAIN mean losses tensor(0.0225, device='cuda:0')
INFO:root:TRAIN mean errors 0.025922555476427078
INFO:root:TRAIN mean MRR 0.0 - mean MAP 0.054171234369277954
INFO:root:TRAIN tp {0: tensor(3829221, device='cuda:0'), 1: tensor(6883, device='cuda:0')},fn {0: tensor(69979, device='cuda:0'), 1: tensor(32109, device='cuda:0')},fp {0: tensor(32109, device='cuda:0'), 1: tensor(69979, device='cuda:0')}
INFO:root:TRAIN measures microavg - precision 0.9741 - recall 0.9741 - f1 0.9741 
INFO:root:TRAIN measures for class 0 - precision 0.9917 - recall 0.9821 - f1 0.9868 
INFO:root:TRAIN measures for class 1 - precision 0.0896 - recall 0.1765 - f1 0.1188 
INFO:root:TRAIN measures@10 microavg - precision 0.6075 - recall 0.0002 - f1 0.0004 
INFO:root:TRAIN measures@10 for class 0 - precision 0.9950 - recall 0.0002 - f1 0.0003 
INFO:root:TRAIN measures@10 for class 1 - precision 0.2200 - recall 0.0034 - f1 0.0067 
INFO:root:TRAIN measures@100 microavg - precision 0.5935 - recall 0.0018 - f1 0.0036 
INFO:root:TRAIN measures@100 for class 0 - precision 0.9968 - recall 0.0015 - f1 0.0031 
INFO:root:TRAIN measures@100 for class 1 - precision 0.1902 - recall 0.0293 - f1 0.0507 
INFO:root:TRAIN measures@1000 microavg - precision 0.5838 - recall 0.0165 - f1 0.0321 
INFO:root:TRAIN measures@1000 for class 0 - precision 0.9954 - recall 0.0153 - f1 0.0302 
INFO:root:TRAIN measures@1000 for class 1 - precision 0.1021 - recall 0.1342 - f1 0.1160 
INFO:root:TRAIN Total epoch time: 9.205802901000425
INFO:root:=> saved epoch checkpoint 'saved_models/EvolveGCN/bitcoinotc-20250514_054702/epoch_69.pkl'
INFO:root:################ VALID epoch 68 ###################
INFO:root:VALID mean losses tensor(0.0045, device='cuda:0')
INFO:root:VALID mean errors 0.0002430856548016891
INFO:root:VALID mean MRR 0.0662928894162178 - mean MAP 0.0006111388211138546
INFO:root:VALID tp {0: tensor(345777486, device='cuda:0'), 1: tensor(50, device='cuda:0')},fn {0: tensor(81778, device='cuda:0'), 1: tensor(2296, device='cuda:0')},fp {0: tensor(2296, device='cuda:0'), 1: tensor(81778, device='cuda:0')}
INFO:root:VALID measures microavg - precision 0.9998 - recall 0.9998 - f1 0.9998 
INFO:root:VALID measures for class 0 - precision 1.0000 - recall 0.9998 - f1 0.9999 
INFO:root:VALID measures for class 1 - precision 0.0006 - recall 0.0213 - f1 0.0012 
INFO:root:VALID measures@10 microavg - precision 0.5316 - recall 0.0000 - f1 0.0000 
INFO:root:VALID measures@10 for class 0 - precision 1.0000 - recall 0.0000 - f1 0.0000 
INFO:root:VALID measures@10 for class 1 - precision 0.0111 - recall 0.0004 - f1 0.0008 
INFO:root:VALID measures@100 microavg - precision 0.5484 - recall 0.0000 - f1 0.0000 
INFO:root:VALID measures@100 for class 0 - precision 1.0000 - recall 0.0000 - f1 0.0000 
INFO:root:VALID measures@100 for class 1 - precision 0.0024 - recall 0.0009 - f1 0.0013 
INFO:root:VALID measures@1000 microavg - precision 0.5795 - recall 0.0000 - f1 0.0001 
INFO:root:VALID measures@1000 for class 0 - precision 1.0000 - recall 0.0000 - f1 0.0001 
INFO:root:VALID measures@1000 for class 1 - precision 0.0008 - recall 0.0026 - f1 0.0012 
INFO:root:VALID Total epoch time: 185.8011732970008
INFO:root:################ TRAIN epoch 69 ###################
INFO:root:TRAIN mean losses tensor(0.0225, device='cuda:0')
INFO:root:TRAIN mean errors 0.02553633786737919
INFO:root:TRAIN mean MRR 0.0 - mean MAP 0.05442475527524948
INFO:root:TRAIN tp {0: tensor(3830879, device='cuda:0'), 1: tensor(6746, device='cuda:0')},fn {0: tensor(68321, device='cuda:0'), 1: tensor(32246, device='cuda:0')},fp {0: tensor(32246, device='cuda:0'), 1: tensor(68321, device='cuda:0')}
INFO:root:TRAIN measures microavg - precision 0.9745 - recall 0.9745 - f1 0.9745 
INFO:root:TRAIN measures for class 0 - precision 0.9917 - recall 0.9825 - f1 0.9870 
INFO:root:TRAIN measures for class 1 - precision 0.0899 - recall 0.1730 - f1 0.1183 
INFO:root:TRAIN measures@10 microavg - precision 0.6050 - recall 0.0002 - f1 0.0004 
INFO:root:TRAIN measures@10 for class 0 - precision 0.9983 - recall 0.0002 - f1 0.0003 
INFO:root:TRAIN measures@10 for class 1 - precision 0.2117 - recall 0.0033 - f1 0.0064 
INFO:root:TRAIN measures@100 microavg - precision 0.5978 - recall 0.0018 - f1 0.0036 
INFO:root:TRAIN measures@100 for class 0 - precision 0.9967 - recall 0.0015 - f1 0.0031 
INFO:root:TRAIN measures@100 for class 1 - precision 0.1955 - recall 0.0298 - f1 0.0518 
INFO:root:TRAIN measures@1000 microavg - precision 0.5904 - recall 0.0164 - f1 0.0320 
INFO:root:TRAIN measures@1000 for class 0 - precision 0.9954 - recall 0.0153 - f1 0.0302 
INFO:root:TRAIN measures@1000 for class 1 - precision 0.1014 - recall 0.1293 - f1 0.1137 
INFO:root:TRAIN Total epoch time: 9.083153465002397
INFO:root:=> saved epoch checkpoint 'saved_models/EvolveGCN/bitcoinotc-20250514_054702/epoch_70.pkl'
INFO:root:################ VALID epoch 69 ###################
INFO:root:VALID mean losses tensor(0.0046, device='cuda:0')
INFO:root:VALID mean errors 0.0005475715734064579
INFO:root:VALID mean MRR 0.06664511561393738 - mean MAP 0.0005640844465233386
INFO:root:VALID tp {0: tensor(345672069, device='cuda:0'), 1: tensor(157, device='cuda:0')},fn {0: tensor(187195, device='cuda:0'), 1: tensor(2189, device='cuda:0')},fp {0: tensor(2189, device='cuda:0'), 1: tensor(187195, device='cuda:0')}
INFO:root:VALID measures microavg - precision 0.9995 - recall 0.9995 - f1 0.9995 
INFO:root:VALID measures for class 0 - precision 1.0000 - recall 0.9995 - f1 0.9997 
INFO:root:VALID measures for class 1 - precision 0.0008 - recall 0.0669 - f1 0.0017 
INFO:root:VALID measures@10 microavg - precision 0.5050 - recall 0.0000 - f1 0.0000 
INFO:root:VALID measures@10 for class 0 - precision 1.0000 - recall 0.0000 - f1 0.0000 
INFO:root:VALID measures@10 for class 1 - precision 0.0100 - recall 0.0004 - f1 0.0008 
INFO:root:VALID measures@100 microavg - precision 0.5035 - recall 0.0000 - f1 0.0000 
INFO:root:VALID measures@100 for class 0 - precision 1.0000 - recall 0.0000 - f1 0.0000 
INFO:root:VALID measures@100 for class 1 - precision 0.0070 - recall 0.0030 - f1 0.0042 
INFO:root:VALID measures@1000 microavg - precision 0.5006 - recall 0.0000 - f1 0.0001 
INFO:root:VALID measures@1000 for class 0 - precision 0.9999 - recall 0.0000 - f1 0.0001 
INFO:root:VALID measures@1000 for class 1 - precision 0.0012 - recall 0.0051 - f1 0.0019 
INFO:root:VALID Total epoch time: 185.6218244570009
INFO:root:################ TRAIN epoch 70 ###################
INFO:root:TRAIN mean losses tensor(0.0226, device='cuda:0')
INFO:root:TRAIN mean errors 0.025049565359950066
INFO:root:TRAIN mean MRR 0.0 - mean MAP 0.05508992820978165
INFO:root:TRAIN tp {0: tensor(3832988, device='cuda:0'), 1: tensor(6554, device='cuda:0')},fn {0: tensor(66212, device='cuda:0'), 1: tensor(32438, device='cuda:0')},fp {0: tensor(32438, device='cuda:0'), 1: tensor(66212, device='cuda:0')}
INFO:root:TRAIN measures microavg - precision 0.9750 - recall 0.9750 - f1 0.9750 
INFO:root:TRAIN measures for class 0 - precision 0.9916 - recall 0.9830 - f1 0.9873 
INFO:root:TRAIN measures for class 1 - precision 0.0901 - recall 0.1681 - f1 0.1173 
INFO:root:TRAIN measures@10 microavg - precision 0.6217 - recall 0.0002 - f1 0.0004 
INFO:root:TRAIN measures@10 for class 0 - precision 0.9950 - recall 0.0002 - f1 0.0003 
INFO:root:TRAIN measures@10 for class 1 - precision 0.2483 - recall 0.0038 - f1 0.0075 
INFO:root:TRAIN measures@100 microavg - precision 0.5952 - recall 0.0018 - f1 0.0036 
INFO:root:TRAIN measures@100 for class 0 - precision 0.9970 - recall 0.0015 - f1 0.0031 
INFO:root:TRAIN measures@100 for class 1 - precision 0.1935 - recall 0.0298 - f1 0.0516 
INFO:root:TRAIN measures@1000 microavg - precision 0.6046 - recall 0.0164 - f1 0.0320 
INFO:root:TRAIN measures@1000 for class 0 - precision 0.9959 - recall 0.0153 - f1 0.0302 
INFO:root:TRAIN measures@1000 for class 1 - precision 0.1052 - recall 0.1268 - f1 0.1150 
INFO:root:TRAIN Total epoch time: 9.169881784997415
INFO:root:=> saved epoch checkpoint 'saved_models/EvolveGCN/bitcoinotc-20250514_054702/epoch_71.pkl'
INFO:root:################ VALID epoch 70 ###################
INFO:root:VALID mean losses tensor(0.0046, device='cuda:0')
INFO:root:VALID mean errors 0.0010064949747174978
INFO:root:VALID mean MRR 0.061488617211580276 - mean MAP 0.0005124973831698298
INFO:root:VALID tp {0: tensor(345513256, device='cuda:0'), 1: tensor(246, device='cuda:0')},fn {0: tensor(346008, device='cuda:0'), 1: tensor(2100, device='cuda:0')},fp {0: tensor(2100, device='cuda:0'), 1: tensor(346008, device='cuda:0')}
INFO:root:VALID measures microavg - precision 0.9990 - recall 0.9990 - f1 0.9990 
INFO:root:VALID measures for class 0 - precision 1.0000 - recall 0.9990 - f1 0.9995 
INFO:root:VALID measures for class 1 - precision 0.0007 - recall 0.1049 - f1 0.0014 
INFO:root:VALID measures@10 microavg - precision 0.5050 - recall 0.0000 - f1 0.0000 
INFO:root:VALID measures@10 for class 0 - precision 1.0000 - recall 0.0000 - f1 0.0000 
INFO:root:VALID measures@10 for class 1 - precision 0.0100 - recall 0.0004 - f1 0.0008 
INFO:root:VALID measures@100 microavg - precision 0.5025 - recall 0.0000 - f1 0.0000 
INFO:root:VALID measures@100 for class 0 - precision 1.0000 - recall 0.0000 - f1 0.0000 
INFO:root:VALID measures@100 for class 1 - precision 0.0050 - recall 0.0021 - f1 0.0030 
INFO:root:VALID measures@1000 microavg - precision 0.5003 - recall 0.0000 - f1 0.0001 
INFO:root:VALID measures@1000 for class 0 - precision 0.9999 - recall 0.0000 - f1 0.0001 
INFO:root:VALID measures@1000 for class 1 - precision 0.0007 - recall 0.0030 - f1 0.0011 
INFO:root:VALID Total epoch time: 186.42145680500107
INFO:root:################ TRAIN epoch 71 ###################
INFO:root:TRAIN mean losses tensor(0.0226, device='cuda:0')
INFO:root:TRAIN mean errors 0.024714894592761993
INFO:root:TRAIN mean MRR 0.0 - mean MAP 0.05340343341231346
INFO:root:TRAIN tp {0: tensor(3834418, device='cuda:0'), 1: tensor(6442, device='cuda:0')},fn {0: tensor(64782, device='cuda:0'), 1: tensor(32550, device='cuda:0')},fp {0: tensor(32550, device='cuda:0'), 1: tensor(64782, device='cuda:0')}
INFO:root:TRAIN measures microavg - precision 0.9753 - recall 0.9753 - f1 0.9753 
INFO:root:TRAIN measures for class 0 - precision 0.9916 - recall 0.9834 - f1 0.9875 
INFO:root:TRAIN measures for class 1 - precision 0.0904 - recall 0.1652 - f1 0.1169 
INFO:root:TRAIN measures@10 microavg - precision 0.6017 - recall 0.0002 - f1 0.0004 
INFO:root:TRAIN measures@10 for class 0 - precision 0.9983 - recall 0.0002 - f1 0.0003 
INFO:root:TRAIN measures@10 for class 1 - precision 0.2050 - recall 0.0032 - f1 0.0062 
INFO:root:TRAIN measures@100 microavg - precision 0.5912 - recall 0.0018 - f1 0.0036 
INFO:root:TRAIN measures@100 for class 0 - precision 0.9957 - recall 0.0015 - f1 0.0031 
INFO:root:TRAIN measures@100 for class 1 - precision 0.1867 - recall 0.0287 - f1 0.0498 
INFO:root:TRAIN measures@1000 microavg - precision 0.6065 - recall 0.0164 - f1 0.0320 
INFO:root:TRAIN measures@1000 for class 0 - precision 0.9957 - recall 0.0153 - f1 0.0302 
INFO:root:TRAIN measures@1000 for class 1 - precision 0.1067 - recall 0.1278 - f1 0.1163 
INFO:root:TRAIN Total epoch time: 9.218242027000088
INFO:root:=> saved epoch checkpoint 'saved_models/EvolveGCN/bitcoinotc-20250514_054702/epoch_72.pkl'
INFO:root:################ VALID epoch 71 ###################
INFO:root:VALID mean losses tensor(0.0047, device='cuda:0')
INFO:root:VALID mean errors 0.0006150089902803302
INFO:root:VALID mean MRR 0.07071883231401443 - mean MAP 0.0004037515609525144
INFO:root:VALID tp {0: tensor(345648727, device='cuda:0'), 1: tensor(175, device='cuda:0')},fn {0: tensor(210537, device='cuda:0'), 1: tensor(2171, device='cuda:0')},fp {0: tensor(2171, device='cuda:0'), 1: tensor(210537, device='cuda:0')}
INFO:root:VALID measures microavg - precision 0.9994 - recall 0.9994 - f1 0.9994 
INFO:root:VALID measures for class 0 - precision 1.0000 - recall 0.9994 - f1 0.9997 
INFO:root:VALID measures for class 1 - precision 0.0008 - recall 0.0746 - f1 0.0016 
INFO:root:VALID measures@10 microavg - precision 0.5050 - recall 0.0000 - f1 0.0000 
INFO:root:VALID measures@10 for class 0 - precision 1.0000 - recall 0.0000 - f1 0.0000 
INFO:root:VALID measures@10 for class 1 - precision 0.0100 - recall 0.0004 - f1 0.0008 
INFO:root:VALID measures@100 microavg - precision 0.5015 - recall 0.0000 - f1 0.0000 
INFO:root:VALID measures@100 for class 0 - precision 1.0000 - recall 0.0000 - f1 0.0000 
INFO:root:VALID measures@100 for class 1 - precision 0.0030 - recall 0.0013 - f1 0.0018 
INFO:root:VALID measures@1000 microavg - precision 0.5002 - recall 0.0000 - f1 0.0001 
INFO:root:VALID measures@1000 for class 0 - precision 1.0000 - recall 0.0000 - f1 0.0001 
INFO:root:VALID measures@1000 for class 1 - precision 0.0004 - recall 0.0017 - f1 0.0006 
INFO:root:VALID Total epoch time: 185.81700943299802
INFO:root:################ TRAIN epoch 72 ###################
INFO:root:TRAIN mean losses tensor(0.0226, device='cuda:0')
INFO:root:TRAIN mean errors 0.02464049495756626
INFO:root:TRAIN mean MRR 0.0 - mean MAP 0.05455692857503891
INFO:root:TRAIN tp {0: tensor(3834658, device='cuda:0'), 1: tensor(6495, device='cuda:0')},fn {0: tensor(64542, device='cuda:0'), 1: tensor(32497, device='cuda:0')},fp {0: tensor(32497, device='cuda:0'), 1: tensor(64542, device='cuda:0')}
INFO:root:TRAIN measures microavg - precision 0.9754 - recall 0.9754 - f1 0.9754 
INFO:root:TRAIN measures for class 0 - precision 0.9916 - recall 0.9834 - f1 0.9875 
INFO:root:TRAIN measures for class 1 - precision 0.0914 - recall 0.1666 - f1 0.1181 
INFO:root:TRAIN measures@10 microavg - precision 0.6217 - recall 0.0002 - f1 0.0004 
INFO:root:TRAIN measures@10 for class 0 - precision 0.9983 - recall 0.0002 - f1 0.0003 
INFO:root:TRAIN measures@10 for class 1 - precision 0.2450 - recall 0.0038 - f1 0.0074 
INFO:root:TRAIN measures@100 microavg - precision 0.5946 - recall 0.0018 - f1 0.0036 
INFO:root:TRAIN measures@100 for class 0 - precision 0.9963 - recall 0.0015 - f1 0.0031 
INFO:root:TRAIN measures@100 for class 1 - precision 0.1928 - recall 0.0297 - f1 0.0514 
INFO:root:TRAIN measures@1000 microavg - precision 0.5867 - recall 0.0165 - f1 0.0320 
INFO:root:TRAIN measures@1000 for class 0 - precision 0.9957 - recall 0.0153 - f1 0.0302 
INFO:root:TRAIN measures@1000 for class 1 - precision 0.1013 - recall 0.1314 - f1 0.1144 
INFO:root:TRAIN Total epoch time: 9.20645929300008
INFO:root:=> saved epoch checkpoint 'saved_models/EvolveGCN/bitcoinotc-20250514_054702/epoch_73.pkl'
INFO:root:################ VALID epoch 72 ###################
INFO:root:VALID mean losses tensor(0.0041, device='cuda:0')
INFO:root:VALID mean errors 0.0005709277465939522
INFO:root:VALID mean MRR 0.06812823563814163 - mean MAP 0.0007397140725515783
INFO:root:VALID tp {0: tensor(345663984, device='cuda:0'), 1: tensor(164, device='cuda:0')},fn {0: tensor(195280, device='cuda:0'), 1: tensor(2182, device='cuda:0')},fp {0: tensor(2182, device='cuda:0'), 1: tensor(195280, device='cuda:0')}
INFO:root:VALID measures microavg - precision 0.9994 - recall 0.9994 - f1 0.9994 
INFO:root:VALID measures for class 0 - precision 1.0000 - recall 0.9994 - f1 0.9997 
INFO:root:VALID measures for class 1 - precision 0.0008 - recall 0.0699 - f1 0.0017 
INFO:root:VALID measures@10 microavg - precision 0.5050 - recall 0.0000 - f1 0.0000 
INFO:root:VALID measures@10 for class 0 - precision 1.0000 - recall 0.0000 - f1 0.0000 
INFO:root:VALID measures@10 for class 1 - precision 0.0100 - recall 0.0004 - f1 0.0008 
INFO:root:VALID measures@100 microavg - precision 0.5035 - recall 0.0000 - f1 0.0000 
INFO:root:VALID measures@100 for class 0 - precision 1.0000 - recall 0.0000 - f1 0.0000 
INFO:root:VALID measures@100 for class 1 - precision 0.0070 - recall 0.0030 - f1 0.0042 
INFO:root:VALID measures@1000 microavg - precision 0.5002 - recall 0.0000 - f1 0.0001 
INFO:root:VALID measures@1000 for class 0 - precision 0.9994 - recall 0.0000 - f1 0.0001 
INFO:root:VALID measures@1000 for class 1 - precision 0.0011 - recall 0.0047 - f1 0.0018 
INFO:root:VALID Total epoch time: 185.44457942399822
